

Microchip MPLAB XC8 Assembler V3.00 build 20241204225717 
                                                                                               Wed Jun 11 06:01:34 2025

Microchip MPLAB XC8 C Compiler v3.00 (Free license) build 20241204225717 Og1 
     1                           	processor	12F1572
     2                           	pagewidth 120
     3                           	opt	flic
     4                           	psect	nvBANK0,global,class=BANK0,space=1,delta=1,noexec
     5                           	psect	cinit,global,class=CODE,space=0,merge=1,delta=2
     6                           	psect	bssCOMMON,global,class=COMMON,space=1,delta=1,noexec
     7                           	psect	bssBANK0,global,class=BANK0,space=1,delta=1,noexec
     8                           	psect	cstackCOMMON,global,class=COMMON,space=1,delta=1,noexec
     9                           	psect	cstackBANK0,global,class=BANK0,space=1,delta=1,noexec
    10                           	psect	maintext,global,class=CODE,space=0,merge=1,split=1,delta=2
    11                           	psect	text1,local,class=CODE,space=0,merge=1,delta=2
    12                           	psect	text2,local,class=CODE,space=0,merge=1,delta=2
    13                           	psect	text3,local,class=CODE,space=0,merge=1,delta=2
    14                           	psect	text4,local,class=CODE,space=0,merge=1,delta=2
    15                           	psect	text5,local,class=CODE,space=0,merge=1,delta=2
    16                           	psect	text6,local,class=CODE,space=0,merge=1,delta=2
    17                           	psect	text7,local,class=CODE,space=0,merge=1,delta=2
    18                           	psect	text8,local,class=CODE,space=0,merge=1,delta=2
    19                           	psect	text9,local,class=CODE,space=0,merge=1,delta=2
    20                           	psect	text10,local,class=CODE,space=0,merge=1,delta=2
    21                           	psect	text11,local,class=CODE,space=0,merge=1,delta=2
    22                           	psect	text12,local,class=CODE,space=0,merge=1,delta=2
    23                           	psect	text13,local,class=CODE,space=0,merge=1,delta=2
    24                           	psect	text14,local,class=CODE,space=0,merge=1,delta=2
    25                           	psect	text15,local,class=CODE,space=0,merge=1,delta=2
    26                           	psect	text16,local,class=CODE,space=0,merge=1,delta=2
    27                           	psect	text17,local,class=CODE,space=0,merge=1,delta=2
    28                           	psect	text18,local,class=CODE,space=0,merge=1,delta=2
    29                           	psect	text19,local,class=CODE,space=0,merge=1,delta=2
    30                           	psect	text20,local,class=CODE,space=0,merge=1,delta=2
    31                           	psect	text21,local,class=CODE,space=0,merge=1,delta=2
    32                           	psect	text22,local,class=CODE,space=0,merge=1,delta=2
    33                           	psect	text23,local,class=CODE,space=0,merge=1,delta=2
    34                           	psect	text24,local,class=CODE,space=0,merge=1,delta=2
    35                           	psect	text25,local,class=CODE,space=0,merge=1,delta=2
    36                           	psect	text26,local,class=CODE,space=0,merge=1,delta=2
    37                           	psect	intentry,global,class=CODE,space=0,delta=2
    38                           	psect	text28,local,class=CODE,space=0,merge=1,delta=2
    39                           	psect	text29,local,class=CODE,space=0,merge=1,delta=2
    40                           	psect	text30,local,class=CODE,space=0,merge=1,delta=2
    41                           	psect	idloc,global,abs,ovrld,class=IDLOC,space=5,delta=2,noexec
    42                           	psect	config,global,abs,ovrld,class=CONFIG,space=4,delta=2,noexec
    43                           	dabs	1,0x7E,2
    44     0000                     
    45                           ; Version 2.40
    46                           ; Generated 17/11/2021 GMT
    47                           ; 
    48                           ; Copyright © 2021, Microchip Technology Inc. and its subsidiaries ("Microchip")
    49                           ; All rights reserved.
    50                           ; 
    51                           ; This software is developed by Microchip Technology Inc. and its subsidiaries ("Microch
      +                          ip").
    52                           ; 
    53                           ; Redistribution and use in source and binary forms, with or without modification, are
    54                           ; permitted provided that the following conditions are met:
    55                           ; 
    56                           ;     1. Redistributions of source code must retain the above copyright notice, this lis
      +                          t of
    57                           ;        conditions and the following disclaimer.
    58                           ; 
    59                           ;     2. Redistributions in binary form must reproduce the above copyright notice, this 
      +                          list
    60                           ;        of conditions and the following disclaimer in the documentation and/or other
    61                           ;        materials provided with the distribution. Publication is not required when
    62                           ;        this file is used in an embedded application.
    63                           ; 
    64                           ;     3. Microchip's name may not be used to endorse or promote products derived from th
      +                          is
    65                           ;        software without specific prior written permission.
    66                           ; 
    67                           ; THIS SOFTWARE IS PROVIDED BY MICROCHIP "AS IS" AND ANY EXPRESS OR IMPLIED WARRANTIES,
    68                           ; INCLUDING, BUT NOT LIMITED TO, THE IMPLIED WARRANTIES OF MERCHANTABILITY AND FITNESS F
      +                          OR
    69                           ; PURPOSE ARE DISCLAIMED.  IN NO EVENT SHALL MICROCHIP BE LIABLE FOR ANY DIRECT, INDIREC
      +                          T,
    70                           ; INCIDENTAL, SPECIAL, EXEMPLARY, OR CONSEQUENTIAL DAMAGES (INCLUDING BUT NOT LIMITED TO
    71                           ; PROCUREMENT OF SUBSTITUTE GOODS OR SERVICES; LOSS OF USE, DATA OR PROFITS; OR BUSINESS
    72                           ; INTERRUPTION) HOWSOEVER CAUSED AND ON ANY THEORY OF LIABILITY, WHETHER IN CONTRACT, ST
      +                          RICT
    73                           ; LIABILITY, OR TORT (INCLUDING NEGLIGENCE OR OTHERWISE) ARISING IN ANY WAY OUT OF THE U
      +                          SE OF
    74                           ; THIS SOFTWARE, EVEN IF ADVISED OF THE POSSIBILITY OF SUCH DAMAGE.
    75                           ; 
    76                           ; 
    77                           ; Code-generator required, PIC12F1572 Definitions
    78                           ; 
    79                           ; SFR Addresses
    80     0008                     bsr             equ	8
    81     0005                     fsr0h           equ	5
    82     0004                     fsr0l           equ	4
    83     0007                     fsr1h           equ	7
    84     0006                     fsr1l           equ	6
    85     0000                     indf            equ	0
    86     0000                     indf0           equ	0
    87     0001                     indf1           equ	1
    88     000B                     intcon          equ	11
    89     0002                     pc              equ	2
    90     0002                     pcl             equ	2
    91     000A                     pclath          equ	10
    92     0003                     status          equ	3
    93     0009                     wreg            equ	9
    94     0000                     INDF0           equ	0	;# 
    95     0001                     INDF1           equ	1	;# 
    96     0002                     PCL             equ	2	;# 
    97     0003                     STATUS          equ	3	;# 
    98     0004                     FSR0L           equ	4	;# 
    99     0005                     FSR0H           equ	5	;# 
   100     0006                     FSR1L           equ	6	;# 
   101     0007                     FSR1H           equ	7	;# 
   102     0008                     BSR             equ	8	;# 
   103     0009                     WREG            equ	9	;# 
   104     000A                     PCLATH          equ	10	;# 
   105     000B                     INTCON          equ	11	;# 
   106     000C                     PORTA           equ	12	;# 
   107     0011                     PIR1            equ	17	;# 
   108     0012                     PIR2            equ	18	;# 
   109     0013                     PIR3            equ	19	;# 
   110     0015                     TMR0            equ	21	;# 
   111     0016                     TMR1            equ	22	;# 
   112     0016                     TMR1L           equ	22	;# 
   113     0017                     TMR1H           equ	23	;# 
   114     0018                     T1CON           equ	24	;# 
   115     0019                     T1GCON          equ	25	;# 
   116     001A                     TMR2            equ	26	;# 
   117     001B                     PR2             equ	27	;# 
   118     001C                     T2CON           equ	28	;# 
   119     008C                     TRISA           equ	140	;# 
   120     0091                     PIE1            equ	145	;# 
   121     0092                     PIE2            equ	146	;# 
   122     0093                     PIE3            equ	147	;# 
   123     0095                     OPTION_REG      equ	149	;# 
   124     0096                     PCON            equ	150	;# 
   125     0097                     WDTCON          equ	151	;# 
   126     0098                     OSCTUNE         equ	152	;# 
   127     0099                     OSCCON          equ	153	;# 
   128     009A                     OSCSTAT         equ	154	;# 
   129     009B                     ADRES           equ	155	;# 
   130     009B                     ADRESL          equ	155	;# 
   131     009C                     ADRESH          equ	156	;# 
   132     009D                     ADCON0          equ	157	;# 
   133     009E                     ADCON1          equ	158	;# 
   134     009F                     ADCON2          equ	159	;# 
   135     010C                     LATA            equ	268	;# 
   136     0111                     CM1CON0         equ	273	;# 
   137     0112                     CM1CON1         equ	274	;# 
   138     0115                     CMOUT           equ	277	;# 
   139     0116                     BORCON          equ	278	;# 
   140     0117                     FVRCON          equ	279	;# 
   141     0118                     DACCON0         equ	280	;# 
   142     0119                     DACCON1         equ	281	;# 
   143     011D                     APFCON          equ	285	;# 
   144     011D                     APFCON0         equ	285	;# 
   145     018C                     ANSELA          equ	396	;# 
   146     0191                     PMADR           equ	401	;# 
   147     0191                     PMADRL          equ	401	;# 
   148     0192                     PMADRH          equ	402	;# 
   149     0193                     PMDAT           equ	403	;# 
   150     0193                     PMDATL          equ	403	;# 
   151     0194                     PMDATH          equ	404	;# 
   152     0195                     PMCON1          equ	405	;# 
   153     0196                     PMCON2          equ	406	;# 
   154     0197                     VREGCON         equ	407	;# 
   155     0199                     RCREG           equ	409	;# 
   156     019A                     TXREG           equ	410	;# 
   157     019B                     SPBRG           equ	411	;# 
   158     019B                     SPBRGL          equ	411	;# 
   159     019C                     SPBRGH          equ	412	;# 
   160     019D                     RCSTA           equ	413	;# 
   161     019E                     TXSTA           equ	414	;# 
   162     019F                     BAUDCON         equ	415	;# 
   163     020C                     WPUA            equ	524	;# 
   164     028C                     ODCONA          equ	652	;# 
   165     030C                     SLRCONA         equ	780	;# 
   166     038C                     INLVLA          equ	908	;# 
   167     0391                     IOCAP           equ	913	;# 
   168     0392                     IOCAN           equ	914	;# 
   169     0393                     IOCAF           equ	915	;# 
   170     0691                     CWG1DBR         equ	1681	;# 
   171     0692                     CWG1DBF         equ	1682	;# 
   172     0693                     CWG1CON0        equ	1683	;# 
   173     0694                     CWG1CON1        equ	1684	;# 
   174     0695                     CWG1CON2        equ	1685	;# 
   175     0D8E                     PWMEN           equ	3470	;# 
   176     0D8F                     PWMLD           equ	3471	;# 
   177     0D90                     PWMOUT          equ	3472	;# 
   178     0D91                     PWM1PH          equ	3473	;# 
   179     0D91                     PWM1PHL         equ	3473	;# 
   180     0D92                     PWM1PHH         equ	3474	;# 
   181     0D93                     PWM1DC          equ	3475	;# 
   182     0D93                     PWM1DCL         equ	3475	;# 
   183     0D94                     PWM1DCH         equ	3476	;# 
   184     0D95                     PWM1PR          equ	3477	;# 
   185     0D95                     PWM1PRL         equ	3477	;# 
   186     0D96                     PWM1PRH         equ	3478	;# 
   187     0D97                     PWM1OF          equ	3479	;# 
   188     0D97                     PWM1OFL         equ	3479	;# 
   189     0D98                     PWM1OFH         equ	3480	;# 
   190     0D99                     PWM1TMR         equ	3481	;# 
   191     0D99                     PWM1TMRL        equ	3481	;# 
   192     0D9A                     PWM1TMRH        equ	3482	;# 
   193     0D9B                     PWM1CON         equ	3483	;# 
   194     0D9C                     PWM1INTE        equ	3484	;# 
   195     0D9C                     PWM1INTCON      equ	3484	;# 
   196     0D9D                     PWM1INTF        equ	3485	;# 
   197     0D9D                     PWM1INTFLG      equ	3485	;# 
   198     0D9E                     PWM1CLKCON      equ	3486	;# 
   199     0D9F                     PWM1LDCON       equ	3487	;# 
   200     0DA0                     PWM1OFCON       equ	3488	;# 
   201     0DA1                     PWM2PH          equ	3489	;# 
   202     0DA1                     PWM2PHL         equ	3489	;# 
   203     0DA2                     PWM2PHH         equ	3490	;# 
   204     0DA3                     PWM2DC          equ	3491	;# 
   205     0DA3                     PWM2DCL         equ	3491	;# 
   206     0DA4                     PWM2DCH         equ	3492	;# 
   207     0DA5                     PWM2PR          equ	3493	;# 
   208     0DA5                     PWM2PRL         equ	3493	;# 
   209     0DA6                     PWM2PRH         equ	3494	;# 
   210     0DA7                     PWM2OF          equ	3495	;# 
   211     0DA7                     PWM2OFL         equ	3495	;# 
   212     0DA8                     PWM2OFH         equ	3496	;# 
   213     0DA9                     PWM2TMR         equ	3497	;# 
   214     0DA9                     PWM2TMRL        equ	3497	;# 
   215     0DAA                     PWM2TMRH        equ	3498	;# 
   216     0DAB                     PWM2CON         equ	3499	;# 
   217     0DAC                     PWM2INTE        equ	3500	;# 
   218     0DAC                     PWM2INTCON      equ	3500	;# 
   219     0DAD                     PWM2INTF        equ	3501	;# 
   220     0DAD                     PWM2INTFLG      equ	3501	;# 
   221     0DAE                     PWM2CLKCON      equ	3502	;# 
   222     0DAF                     PWM2LDCON       equ	3503	;# 
   223     0DB0                     PWM2OFCON       equ	3504	;# 
   224     0DB1                     PWM3PH          equ	3505	;# 
   225     0DB1                     PWM3PHL         equ	3505	;# 
   226     0DB2                     PWM3PHH         equ	3506	;# 
   227     0DB3                     PWM3DC          equ	3507	;# 
   228     0DB3                     PWM3DCL         equ	3507	;# 
   229     0DB4                     PWM3DCH         equ	3508	;# 
   230     0DB5                     PWM3PR          equ	3509	;# 
   231     0DB5                     PWM3PRL         equ	3509	;# 
   232     0DB6                     PWM3PRH         equ	3510	;# 
   233     0DB7                     PWM3OF          equ	3511	;# 
   234     0DB7                     PWM3OFL         equ	3511	;# 
   235     0DB8                     PWM3OFH         equ	3512	;# 
   236     0DB9                     PWM3TMR         equ	3513	;# 
   237     0DB9                     PWM3TMRL        equ	3513	;# 
   238     0DBA                     PWM3TMRH        equ	3514	;# 
   239     0DBB                     PWM3CON         equ	3515	;# 
   240     0DBC                     PWM3INTE        equ	3516	;# 
   241     0DBC                     PWM3INTCON      equ	3516	;# 
   242     0DBD                     PWM3INTF        equ	3517	;# 
   243     0DBD                     PWM3INTFLG      equ	3517	;# 
   244     0DBE                     PWM3CLKCON      equ	3518	;# 
   245     0DBF                     PWM3LDCON       equ	3519	;# 
   246     0DC0                     PWM3OFCON       equ	3520	;# 
   247     0FE4                     STATUS_SHAD     equ	4068	;# 
   248     0FE5                     WREG_SHAD       equ	4069	;# 
   249     0FE6                     BSR_SHAD        equ	4070	;# 
   250     0FE7                     PCLATH_SHAD     equ	4071	;# 
   251     0FE8                     FSR0_SHAD       equ	4072	;# 
   252     0FE8                     FSR0L_SHAD      equ	4072	;# 
   253     0FE9                     FSR0H_SHAD      equ	4073	;# 
   254     0FEA                     FSR1_SHAD       equ	4074	;# 
   255     0FEA                     FSR1L_SHAD      equ	4074	;# 
   256     0FEB                     FSR1H_SHAD      equ	4075	;# 
   257     0FED                     STKPTR          equ	4077	;# 
   258     0FEE                     TOS             equ	4078	;# 
   259     0FEE                     TOSL            equ	4078	;# 
   260     0FEF                     TOSH            equ	4079	;# 
   261     0000                     INDF0           equ	0	;# 
   262     0001                     INDF1           equ	1	;# 
   263     0002                     PCL             equ	2	;# 
   264     0003                     STATUS          equ	3	;# 
   265     0004                     FSR0L           equ	4	;# 
   266     0005                     FSR0H           equ	5	;# 
   267     0006                     FSR1L           equ	6	;# 
   268     0007                     FSR1H           equ	7	;# 
   269     0008                     BSR             equ	8	;# 
   270     0009                     WREG            equ	9	;# 
   271     000A                     PCLATH          equ	10	;# 
   272     000B                     INTCON          equ	11	;# 
   273     000C                     PORTA           equ	12	;# 
   274     0011                     PIR1            equ	17	;# 
   275     0012                     PIR2            equ	18	;# 
   276     0013                     PIR3            equ	19	;# 
   277     0015                     TMR0            equ	21	;# 
   278     0016                     TMR1            equ	22	;# 
   279     0016                     TMR1L           equ	22	;# 
   280     0017                     TMR1H           equ	23	;# 
   281     0018                     T1CON           equ	24	;# 
   282     0019                     T1GCON          equ	25	;# 
   283     001A                     TMR2            equ	26	;# 
   284     001B                     PR2             equ	27	;# 
   285     001C                     T2CON           equ	28	;# 
   286     008C                     TRISA           equ	140	;# 
   287     0091                     PIE1            equ	145	;# 
   288     0092                     PIE2            equ	146	;# 
   289     0093                     PIE3            equ	147	;# 
   290     0095                     OPTION_REG      equ	149	;# 
   291     0096                     PCON            equ	150	;# 
   292     0097                     WDTCON          equ	151	;# 
   293     0098                     OSCTUNE         equ	152	;# 
   294     0099                     OSCCON          equ	153	;# 
   295     009A                     OSCSTAT         equ	154	;# 
   296     009B                     ADRES           equ	155	;# 
   297     009B                     ADRESL          equ	155	;# 
   298     009C                     ADRESH          equ	156	;# 
   299     009D                     ADCON0          equ	157	;# 
   300     009E                     ADCON1          equ	158	;# 
   301     009F                     ADCON2          equ	159	;# 
   302     010C                     LATA            equ	268	;# 
   303     0111                     CM1CON0         equ	273	;# 
   304     0112                     CM1CON1         equ	274	;# 
   305     0115                     CMOUT           equ	277	;# 
   306     0116                     BORCON          equ	278	;# 
   307     0117                     FVRCON          equ	279	;# 
   308     0118                     DACCON0         equ	280	;# 
   309     0119                     DACCON1         equ	281	;# 
   310     011D                     APFCON          equ	285	;# 
   311     011D                     APFCON0         equ	285	;# 
   312     018C                     ANSELA          equ	396	;# 
   313     0191                     PMADR           equ	401	;# 
   314     0191                     PMADRL          equ	401	;# 
   315     0192                     PMADRH          equ	402	;# 
   316     0193                     PMDAT           equ	403	;# 
   317     0193                     PMDATL          equ	403	;# 
   318     0194                     PMDATH          equ	404	;# 
   319     0195                     PMCON1          equ	405	;# 
   320     0196                     PMCON2          equ	406	;# 
   321     0197                     VREGCON         equ	407	;# 
   322     0199                     RCREG           equ	409	;# 
   323     019A                     TXREG           equ	410	;# 
   324     019B                     SPBRG           equ	411	;# 
   325     019B                     SPBRGL          equ	411	;# 
   326     019C                     SPBRGH          equ	412	;# 
   327     019D                     RCSTA           equ	413	;# 
   328     019E                     TXSTA           equ	414	;# 
   329     019F                     BAUDCON         equ	415	;# 
   330     020C                     WPUA            equ	524	;# 
   331     028C                     ODCONA          equ	652	;# 
   332     030C                     SLRCONA         equ	780	;# 
   333     038C                     INLVLA          equ	908	;# 
   334     0391                     IOCAP           equ	913	;# 
   335     0392                     IOCAN           equ	914	;# 
   336     0393                     IOCAF           equ	915	;# 
   337     0691                     CWG1DBR         equ	1681	;# 
   338     0692                     CWG1DBF         equ	1682	;# 
   339     0693                     CWG1CON0        equ	1683	;# 
   340     0694                     CWG1CON1        equ	1684	;# 
   341     0695                     CWG1CON2        equ	1685	;# 
   342     0D8E                     PWMEN           equ	3470	;# 
   343     0D8F                     PWMLD           equ	3471	;# 
   344     0D90                     PWMOUT          equ	3472	;# 
   345     0D91                     PWM1PH          equ	3473	;# 
   346     0D91                     PWM1PHL         equ	3473	;# 
   347     0D92                     PWM1PHH         equ	3474	;# 
   348     0D93                     PWM1DC          equ	3475	;# 
   349     0D93                     PWM1DCL         equ	3475	;# 
   350     0D94                     PWM1DCH         equ	3476	;# 
   351     0D95                     PWM1PR          equ	3477	;# 
   352     0D95                     PWM1PRL         equ	3477	;# 
   353     0D96                     PWM1PRH         equ	3478	;# 
   354     0D97                     PWM1OF          equ	3479	;# 
   355     0D97                     PWM1OFL         equ	3479	;# 
   356     0D98                     PWM1OFH         equ	3480	;# 
   357     0D99                     PWM1TMR         equ	3481	;# 
   358     0D99                     PWM1TMRL        equ	3481	;# 
   359     0D9A                     PWM1TMRH        equ	3482	;# 
   360     0D9B                     PWM1CON         equ	3483	;# 
   361     0D9C                     PWM1INTE        equ	3484	;# 
   362     0D9C                     PWM1INTCON      equ	3484	;# 
   363     0D9D                     PWM1INTF        equ	3485	;# 
   364     0D9D                     PWM1INTFLG      equ	3485	;# 
   365     0D9E                     PWM1CLKCON      equ	3486	;# 
   366     0D9F                     PWM1LDCON       equ	3487	;# 
   367     0DA0                     PWM1OFCON       equ	3488	;# 
   368     0DA1                     PWM2PH          equ	3489	;# 
   369     0DA1                     PWM2PHL         equ	3489	;# 
   370     0DA2                     PWM2PHH         equ	3490	;# 
   371     0DA3                     PWM2DC          equ	3491	;# 
   372     0DA3                     PWM2DCL         equ	3491	;# 
   373     0DA4                     PWM2DCH         equ	3492	;# 
   374     0DA5                     PWM2PR          equ	3493	;# 
   375     0DA5                     PWM2PRL         equ	3493	;# 
   376     0DA6                     PWM2PRH         equ	3494	;# 
   377     0DA7                     PWM2OF          equ	3495	;# 
   378     0DA7                     PWM2OFL         equ	3495	;# 
   379     0DA8                     PWM2OFH         equ	3496	;# 
   380     0DA9                     PWM2TMR         equ	3497	;# 
   381     0DA9                     PWM2TMRL        equ	3497	;# 
   382     0DAA                     PWM2TMRH        equ	3498	;# 
   383     0DAB                     PWM2CON         equ	3499	;# 
   384     0DAC                     PWM2INTE        equ	3500	;# 
   385     0DAC                     PWM2INTCON      equ	3500	;# 
   386     0DAD                     PWM2INTF        equ	3501	;# 
   387     0DAD                     PWM2INTFLG      equ	3501	;# 
   388     0DAE                     PWM2CLKCON      equ	3502	;# 
   389     0DAF                     PWM2LDCON       equ	3503	;# 
   390     0DB0                     PWM2OFCON       equ	3504	;# 
   391     0DB1                     PWM3PH          equ	3505	;# 
   392     0DB1                     PWM3PHL         equ	3505	;# 
   393     0DB2                     PWM3PHH         equ	3506	;# 
   394     0DB3                     PWM3DC          equ	3507	;# 
   395     0DB3                     PWM3DCL         equ	3507	;# 
   396     0DB4                     PWM3DCH         equ	3508	;# 
   397     0DB5                     PWM3PR          equ	3509	;# 
   398     0DB5                     PWM3PRL         equ	3509	;# 
   399     0DB6                     PWM3PRH         equ	3510	;# 
   400     0DB7                     PWM3OF          equ	3511	;# 
   401     0DB7                     PWM3OFL         equ	3511	;# 
   402     0DB8                     PWM3OFH         equ	3512	;# 
   403     0DB9                     PWM3TMR         equ	3513	;# 
   404     0DB9                     PWM3TMRL        equ	3513	;# 
   405     0DBA                     PWM3TMRH        equ	3514	;# 
   406     0DBB                     PWM3CON         equ	3515	;# 
   407     0DBC                     PWM3INTE        equ	3516	;# 
   408     0DBC                     PWM3INTCON      equ	3516	;# 
   409     0DBD                     PWM3INTF        equ	3517	;# 
   410     0DBD                     PWM3INTFLG      equ	3517	;# 
   411     0DBE                     PWM3CLKCON      equ	3518	;# 
   412     0DBF                     PWM3LDCON       equ	3519	;# 
   413     0DC0                     PWM3OFCON       equ	3520	;# 
   414     0FE4                     STATUS_SHAD     equ	4068	;# 
   415     0FE5                     WREG_SHAD       equ	4069	;# 
   416     0FE6                     BSR_SHAD        equ	4070	;# 
   417     0FE7                     PCLATH_SHAD     equ	4071	;# 
   418     0FE8                     FSR0_SHAD       equ	4072	;# 
   419     0FE8                     FSR0L_SHAD      equ	4072	;# 
   420     0FE9                     FSR0H_SHAD      equ	4073	;# 
   421     0FEA                     FSR1_SHAD       equ	4074	;# 
   422     0FEA                     FSR1L_SHAD      equ	4074	;# 
   423     0FEB                     FSR1H_SHAD      equ	4075	;# 
   424     0FED                     STKPTR          equ	4077	;# 
   425     0FEE                     TOS             equ	4078	;# 
   426     0FEE                     TOSL            equ	4078	;# 
   427     0FEF                     TOSH            equ	4079	;# 
   428     0000                     INDF0           equ	0	;# 
   429     0001                     INDF1           equ	1	;# 
   430     0002                     PCL             equ	2	;# 
   431     0003                     STATUS          equ	3	;# 
   432     0004                     FSR0L           equ	4	;# 
   433     0005                     FSR0H           equ	5	;# 
   434     0006                     FSR1L           equ	6	;# 
   435     0007                     FSR1H           equ	7	;# 
   436     0008                     BSR             equ	8	;# 
   437     0009                     WREG            equ	9	;# 
   438     000A                     PCLATH          equ	10	;# 
   439     000B                     INTCON          equ	11	;# 
   440     000C                     PORTA           equ	12	;# 
   441     0011                     PIR1            equ	17	;# 
   442     0012                     PIR2            equ	18	;# 
   443     0013                     PIR3            equ	19	;# 
   444     0015                     TMR0            equ	21	;# 
   445     0016                     TMR1            equ	22	;# 
   446     0016                     TMR1L           equ	22	;# 
   447     0017                     TMR1H           equ	23	;# 
   448     0018                     T1CON           equ	24	;# 
   449     0019                     T1GCON          equ	25	;# 
   450     001A                     TMR2            equ	26	;# 
   451     001B                     PR2             equ	27	;# 
   452     001C                     T2CON           equ	28	;# 
   453     008C                     TRISA           equ	140	;# 
   454     0091                     PIE1            equ	145	;# 
   455     0092                     PIE2            equ	146	;# 
   456     0093                     PIE3            equ	147	;# 
   457     0095                     OPTION_REG      equ	149	;# 
   458     0096                     PCON            equ	150	;# 
   459     0097                     WDTCON          equ	151	;# 
   460     0098                     OSCTUNE         equ	152	;# 
   461     0099                     OSCCON          equ	153	;# 
   462     009A                     OSCSTAT         equ	154	;# 
   463     009B                     ADRES           equ	155	;# 
   464     009B                     ADRESL          equ	155	;# 
   465     009C                     ADRESH          equ	156	;# 
   466     009D                     ADCON0          equ	157	;# 
   467     009E                     ADCON1          equ	158	;# 
   468     009F                     ADCON2          equ	159	;# 
   469     010C                     LATA            equ	268	;# 
   470     0111                     CM1CON0         equ	273	;# 
   471     0112                     CM1CON1         equ	274	;# 
   472     0115                     CMOUT           equ	277	;# 
   473     0116                     BORCON          equ	278	;# 
   474     0117                     FVRCON          equ	279	;# 
   475     0118                     DACCON0         equ	280	;# 
   476     0119                     DACCON1         equ	281	;# 
   477     011D                     APFCON          equ	285	;# 
   478     011D                     APFCON0         equ	285	;# 
   479     018C                     ANSELA          equ	396	;# 
   480     0191                     PMADR           equ	401	;# 
   481     0191                     PMADRL          equ	401	;# 
   482     0192                     PMADRH          equ	402	;# 
   483     0193                     PMDAT           equ	403	;# 
   484     0193                     PMDATL          equ	403	;# 
   485     0194                     PMDATH          equ	404	;# 
   486     0195                     PMCON1          equ	405	;# 
   487     0196                     PMCON2          equ	406	;# 
   488     0197                     VREGCON         equ	407	;# 
   489     0199                     RCREG           equ	409	;# 
   490     019A                     TXREG           equ	410	;# 
   491     019B                     SPBRG           equ	411	;# 
   492     019B                     SPBRGL          equ	411	;# 
   493     019C                     SPBRGH          equ	412	;# 
   494     019D                     RCSTA           equ	413	;# 
   495     019E                     TXSTA           equ	414	;# 
   496     019F                     BAUDCON         equ	415	;# 
   497     020C                     WPUA            equ	524	;# 
   498     028C                     ODCONA          equ	652	;# 
   499     030C                     SLRCONA         equ	780	;# 
   500     038C                     INLVLA          equ	908	;# 
   501     0391                     IOCAP           equ	913	;# 
   502     0392                     IOCAN           equ	914	;# 
   503     0393                     IOCAF           equ	915	;# 
   504     0691                     CWG1DBR         equ	1681	;# 
   505     0692                     CWG1DBF         equ	1682	;# 
   506     0693                     CWG1CON0        equ	1683	;# 
   507     0694                     CWG1CON1        equ	1684	;# 
   508     0695                     CWG1CON2        equ	1685	;# 
   509     0D8E                     PWMEN           equ	3470	;# 
   510     0D8F                     PWMLD           equ	3471	;# 
   511     0D90                     PWMOUT          equ	3472	;# 
   512     0D91                     PWM1PH          equ	3473	;# 
   513     0D91                     PWM1PHL         equ	3473	;# 
   514     0D92                     PWM1PHH         equ	3474	;# 
   515     0D93                     PWM1DC          equ	3475	;# 
   516     0D93                     PWM1DCL         equ	3475	;# 
   517     0D94                     PWM1DCH         equ	3476	;# 
   518     0D95                     PWM1PR          equ	3477	;# 
   519     0D95                     PWM1PRL         equ	3477	;# 
   520     0D96                     PWM1PRH         equ	3478	;# 
   521     0D97                     PWM1OF          equ	3479	;# 
   522     0D97                     PWM1OFL         equ	3479	;# 
   523     0D98                     PWM1OFH         equ	3480	;# 
   524     0D99                     PWM1TMR         equ	3481	;# 
   525     0D99                     PWM1TMRL        equ	3481	;# 
   526     0D9A                     PWM1TMRH        equ	3482	;# 
   527     0D9B                     PWM1CON         equ	3483	;# 
   528     0D9C                     PWM1INTE        equ	3484	;# 
   529     0D9C                     PWM1INTCON      equ	3484	;# 
   530     0D9D                     PWM1INTF        equ	3485	;# 
   531     0D9D                     PWM1INTFLG      equ	3485	;# 
   532     0D9E                     PWM1CLKCON      equ	3486	;# 
   533     0D9F                     PWM1LDCON       equ	3487	;# 
   534     0DA0                     PWM1OFCON       equ	3488	;# 
   535     0DA1                     PWM2PH          equ	3489	;# 
   536     0DA1                     PWM2PHL         equ	3489	;# 
   537     0DA2                     PWM2PHH         equ	3490	;# 
   538     0DA3                     PWM2DC          equ	3491	;# 
   539     0DA3                     PWM2DCL         equ	3491	;# 
   540     0DA4                     PWM2DCH         equ	3492	;# 
   541     0DA5                     PWM2PR          equ	3493	;# 
   542     0DA5                     PWM2PRL         equ	3493	;# 
   543     0DA6                     PWM2PRH         equ	3494	;# 
   544     0DA7                     PWM2OF          equ	3495	;# 
   545     0DA7                     PWM2OFL         equ	3495	;# 
   546     0DA8                     PWM2OFH         equ	3496	;# 
   547     0DA9                     PWM2TMR         equ	3497	;# 
   548     0DA9                     PWM2TMRL        equ	3497	;# 
   549     0DAA                     PWM2TMRH        equ	3498	;# 
   550     0DAB                     PWM2CON         equ	3499	;# 
   551     0DAC                     PWM2INTE        equ	3500	;# 
   552     0DAC                     PWM2INTCON      equ	3500	;# 
   553     0DAD                     PWM2INTF        equ	3501	;# 
   554     0DAD                     PWM2INTFLG      equ	3501	;# 
   555     0DAE                     PWM2CLKCON      equ	3502	;# 
   556     0DAF                     PWM2LDCON       equ	3503	;# 
   557     0DB0                     PWM2OFCON       equ	3504	;# 
   558     0DB1                     PWM3PH          equ	3505	;# 
   559     0DB1                     PWM3PHL         equ	3505	;# 
   560     0DB2                     PWM3PHH         equ	3506	;# 
   561     0DB3                     PWM3DC          equ	3507	;# 
   562     0DB3                     PWM3DCL         equ	3507	;# 
   563     0DB4                     PWM3DCH         equ	3508	;# 
   564     0DB5                     PWM3PR          equ	3509	;# 
   565     0DB5                     PWM3PRL         equ	3509	;# 
   566     0DB6                     PWM3PRH         equ	3510	;# 
   567     0DB7                     PWM3OF          equ	3511	;# 
   568     0DB7                     PWM3OFL         equ	3511	;# 
   569     0DB8                     PWM3OFH         equ	3512	;# 
   570     0DB9                     PWM3TMR         equ	3513	;# 
   571     0DB9                     PWM3TMRL        equ	3513	;# 
   572     0DBA                     PWM3TMRH        equ	3514	;# 
   573     0DBB                     PWM3CON         equ	3515	;# 
   574     0DBC                     PWM3INTE        equ	3516	;# 
   575     0DBC                     PWM3INTCON      equ	3516	;# 
   576     0DBD                     PWM3INTF        equ	3517	;# 
   577     0DBD                     PWM3INTFLG      equ	3517	;# 
   578     0DBE                     PWM3CLKCON      equ	3518	;# 
   579     0DBF                     PWM3LDCON       equ	3519	;# 
   580     0DC0                     PWM3OFCON       equ	3520	;# 
   581     0FE4                     STATUS_SHAD     equ	4068	;# 
   582     0FE5                     WREG_SHAD       equ	4069	;# 
   583     0FE6                     BSR_SHAD        equ	4070	;# 
   584     0FE7                     PCLATH_SHAD     equ	4071	;# 
   585     0FE8                     FSR0_SHAD       equ	4072	;# 
   586     0FE8                     FSR0L_SHAD      equ	4072	;# 
   587     0FE9                     FSR0H_SHAD      equ	4073	;# 
   588     0FEA                     FSR1_SHAD       equ	4074	;# 
   589     0FEA                     FSR1L_SHAD      equ	4074	;# 
   590     0FEB                     FSR1H_SHAD      equ	4075	;# 
   591     0FED                     STKPTR          equ	4077	;# 
   592     0FEE                     TOS             equ	4078	;# 
   593     0FEE                     TOSL            equ	4078	;# 
   594     0FEF                     TOSH            equ	4079	;# 
   595     0000                     INDF0           equ	0	;# 
   596     0001                     INDF1           equ	1	;# 
   597     0002                     PCL             equ	2	;# 
   598     0003                     STATUS          equ	3	;# 
   599     0004                     FSR0L           equ	4	;# 
   600     0005                     FSR0H           equ	5	;# 
   601     0006                     FSR1L           equ	6	;# 
   602     0007                     FSR1H           equ	7	;# 
   603     0008                     BSR             equ	8	;# 
   604     0009                     WREG            equ	9	;# 
   605     000A                     PCLATH          equ	10	;# 
   606     000B                     INTCON          equ	11	;# 
   607     000C                     PORTA           equ	12	;# 
   608     0011                     PIR1            equ	17	;# 
   609     0012                     PIR2            equ	18	;# 
   610     0013                     PIR3            equ	19	;# 
   611     0015                     TMR0            equ	21	;# 
   612     0016                     TMR1            equ	22	;# 
   613     0016                     TMR1L           equ	22	;# 
   614     0017                     TMR1H           equ	23	;# 
   615     0018                     T1CON           equ	24	;# 
   616     0019                     T1GCON          equ	25	;# 
   617     001A                     TMR2            equ	26	;# 
   618     001B                     PR2             equ	27	;# 
   619     001C                     T2CON           equ	28	;# 
   620     008C                     TRISA           equ	140	;# 
   621     0091                     PIE1            equ	145	;# 
   622     0092                     PIE2            equ	146	;# 
   623     0093                     PIE3            equ	147	;# 
   624     0095                     OPTION_REG      equ	149	;# 
   625     0096                     PCON            equ	150	;# 
   626     0097                     WDTCON          equ	151	;# 
   627     0098                     OSCTUNE         equ	152	;# 
   628     0099                     OSCCON          equ	153	;# 
   629     009A                     OSCSTAT         equ	154	;# 
   630     009B                     ADRES           equ	155	;# 
   631     009B                     ADRESL          equ	155	;# 
   632     009C                     ADRESH          equ	156	;# 
   633     009D                     ADCON0          equ	157	;# 
   634     009E                     ADCON1          equ	158	;# 
   635     009F                     ADCON2          equ	159	;# 
   636     010C                     LATA            equ	268	;# 
   637     0111                     CM1CON0         equ	273	;# 
   638     0112                     CM1CON1         equ	274	;# 
   639     0115                     CMOUT           equ	277	;# 
   640     0116                     BORCON          equ	278	;# 
   641     0117                     FVRCON          equ	279	;# 
   642     0118                     DACCON0         equ	280	;# 
   643     0119                     DACCON1         equ	281	;# 
   644     011D                     APFCON          equ	285	;# 
   645     011D                     APFCON0         equ	285	;# 
   646     018C                     ANSELA          equ	396	;# 
   647     0191                     PMADR           equ	401	;# 
   648     0191                     PMADRL          equ	401	;# 
   649     0192                     PMADRH          equ	402	;# 
   650     0193                     PMDAT           equ	403	;# 
   651     0193                     PMDATL          equ	403	;# 
   652     0194                     PMDATH          equ	404	;# 
   653     0195                     PMCON1          equ	405	;# 
   654     0196                     PMCON2          equ	406	;# 
   655     0197                     VREGCON         equ	407	;# 
   656     0199                     RCREG           equ	409	;# 
   657     019A                     TXREG           equ	410	;# 
   658     019B                     SPBRG           equ	411	;# 
   659     019B                     SPBRGL          equ	411	;# 
   660     019C                     SPBRGH          equ	412	;# 
   661     019D                     RCSTA           equ	413	;# 
   662     019E                     TXSTA           equ	414	;# 
   663     019F                     BAUDCON         equ	415	;# 
   664     020C                     WPUA            equ	524	;# 
   665     028C                     ODCONA          equ	652	;# 
   666     030C                     SLRCONA         equ	780	;# 
   667     038C                     INLVLA          equ	908	;# 
   668     0391                     IOCAP           equ	913	;# 
   669     0392                     IOCAN           equ	914	;# 
   670     0393                     IOCAF           equ	915	;# 
   671     0691                     CWG1DBR         equ	1681	;# 
   672     0692                     CWG1DBF         equ	1682	;# 
   673     0693                     CWG1CON0        equ	1683	;# 
   674     0694                     CWG1CON1        equ	1684	;# 
   675     0695                     CWG1CON2        equ	1685	;# 
   676     0D8E                     PWMEN           equ	3470	;# 
   677     0D8F                     PWMLD           equ	3471	;# 
   678     0D90                     PWMOUT          equ	3472	;# 
   679     0D91                     PWM1PH          equ	3473	;# 
   680     0D91                     PWM1PHL         equ	3473	;# 
   681     0D92                     PWM1PHH         equ	3474	;# 
   682     0D93                     PWM1DC          equ	3475	;# 
   683     0D93                     PWM1DCL         equ	3475	;# 
   684     0D94                     PWM1DCH         equ	3476	;# 
   685     0D95                     PWM1PR          equ	3477	;# 
   686     0D95                     PWM1PRL         equ	3477	;# 
   687     0D96                     PWM1PRH         equ	3478	;# 
   688     0D97                     PWM1OF          equ	3479	;# 
   689     0D97                     PWM1OFL         equ	3479	;# 
   690     0D98                     PWM1OFH         equ	3480	;# 
   691     0D99                     PWM1TMR         equ	3481	;# 
   692     0D99                     PWM1TMRL        equ	3481	;# 
   693     0D9A                     PWM1TMRH        equ	3482	;# 
   694     0D9B                     PWM1CON         equ	3483	;# 
   695     0D9C                     PWM1INTE        equ	3484	;# 
   696     0D9C                     PWM1INTCON      equ	3484	;# 
   697     0D9D                     PWM1INTF        equ	3485	;# 
   698     0D9D                     PWM1INTFLG      equ	3485	;# 
   699     0D9E                     PWM1CLKCON      equ	3486	;# 
   700     0D9F                     PWM1LDCON       equ	3487	;# 
   701     0DA0                     PWM1OFCON       equ	3488	;# 
   702     0DA1                     PWM2PH          equ	3489	;# 
   703     0DA1                     PWM2PHL         equ	3489	;# 
   704     0DA2                     PWM2PHH         equ	3490	;# 
   705     0DA3                     PWM2DC          equ	3491	;# 
   706     0DA3                     PWM2DCL         equ	3491	;# 
   707     0DA4                     PWM2DCH         equ	3492	;# 
   708     0DA5                     PWM2PR          equ	3493	;# 
   709     0DA5                     PWM2PRL         equ	3493	;# 
   710     0DA6                     PWM2PRH         equ	3494	;# 
   711     0DA7                     PWM2OF          equ	3495	;# 
   712     0DA7                     PWM2OFL         equ	3495	;# 
   713     0DA8                     PWM2OFH         equ	3496	;# 
   714     0DA9                     PWM2TMR         equ	3497	;# 
   715     0DA9                     PWM2TMRL        equ	3497	;# 
   716     0DAA                     PWM2TMRH        equ	3498	;# 
   717     0DAB                     PWM2CON         equ	3499	;# 
   718     0DAC                     PWM2INTE        equ	3500	;# 
   719     0DAC                     PWM2INTCON      equ	3500	;# 
   720     0DAD                     PWM2INTF        equ	3501	;# 
   721     0DAD                     PWM2INTFLG      equ	3501	;# 
   722     0DAE                     PWM2CLKCON      equ	3502	;# 
   723     0DAF                     PWM2LDCON       equ	3503	;# 
   724     0DB0                     PWM2OFCON       equ	3504	;# 
   725     0DB1                     PWM3PH          equ	3505	;# 
   726     0DB1                     PWM3PHL         equ	3505	;# 
   727     0DB2                     PWM3PHH         equ	3506	;# 
   728     0DB3                     PWM3DC          equ	3507	;# 
   729     0DB3                     PWM3DCL         equ	3507	;# 
   730     0DB4                     PWM3DCH         equ	3508	;# 
   731     0DB5                     PWM3PR          equ	3509	;# 
   732     0DB5                     PWM3PRL         equ	3509	;# 
   733     0DB6                     PWM3PRH         equ	3510	;# 
   734     0DB7                     PWM3OF          equ	3511	;# 
   735     0DB7                     PWM3OFL         equ	3511	;# 
   736     0DB8                     PWM3OFH         equ	3512	;# 
   737     0DB9                     PWM3TMR         equ	3513	;# 
   738     0DB9                     PWM3TMRL        equ	3513	;# 
   739     0DBA                     PWM3TMRH        equ	3514	;# 
   740     0DBB                     PWM3CON         equ	3515	;# 
   741     0DBC                     PWM3INTE        equ	3516	;# 
   742     0DBC                     PWM3INTCON      equ	3516	;# 
   743     0DBD                     PWM3INTF        equ	3517	;# 
   744     0DBD                     PWM3INTFLG      equ	3517	;# 
   745     0DBE                     PWM3CLKCON      equ	3518	;# 
   746     0DBF                     PWM3LDCON       equ	3519	;# 
   747     0DC0                     PWM3OFCON       equ	3520	;# 
   748     0FE4                     STATUS_SHAD     equ	4068	;# 
   749     0FE5                     WREG_SHAD       equ	4069	;# 
   750     0FE6                     BSR_SHAD        equ	4070	;# 
   751     0FE7                     PCLATH_SHAD     equ	4071	;# 
   752     0FE8                     FSR0_SHAD       equ	4072	;# 
   753     0FE8                     FSR0L_SHAD      equ	4072	;# 
   754     0FE9                     FSR0H_SHAD      equ	4073	;# 
   755     0FEA                     FSR1_SHAD       equ	4074	;# 
   756     0FEA                     FSR1L_SHAD      equ	4074	;# 
   757     0FEB                     FSR1H_SHAD      equ	4075	;# 
   758     0FED                     STKPTR          equ	4077	;# 
   759     0FEE                     TOS             equ	4078	;# 
   760     0FEE                     TOSL            equ	4078	;# 
   761     0FEF                     TOSH            equ	4079	;# 
   762     0000                     INDF0           equ	0	;# 
   763     0001                     INDF1           equ	1	;# 
   764     0002                     PCL             equ	2	;# 
   765     0003                     STATUS          equ	3	;# 
   766     0004                     FSR0L           equ	4	;# 
   767     0005                     FSR0H           equ	5	;# 
   768     0006                     FSR1L           equ	6	;# 
   769     0007                     FSR1H           equ	7	;# 
   770     0008                     BSR             equ	8	;# 
   771     0009                     WREG            equ	9	;# 
   772     000A                     PCLATH          equ	10	;# 
   773     000B                     INTCON          equ	11	;# 
   774     000C                     PORTA           equ	12	;# 
   775     0011                     PIR1            equ	17	;# 
   776     0012                     PIR2            equ	18	;# 
   777     0013                     PIR3            equ	19	;# 
   778     0015                     TMR0            equ	21	;# 
   779     0016                     TMR1            equ	22	;# 
   780     0016                     TMR1L           equ	22	;# 
   781     0017                     TMR1H           equ	23	;# 
   782     0018                     T1CON           equ	24	;# 
   783     0019                     T1GCON          equ	25	;# 
   784     001A                     TMR2            equ	26	;# 
   785     001B                     PR2             equ	27	;# 
   786     001C                     T2CON           equ	28	;# 
   787     008C                     TRISA           equ	140	;# 
   788     0091                     PIE1            equ	145	;# 
   789     0092                     PIE2            equ	146	;# 
   790     0093                     PIE3            equ	147	;# 
   791     0095                     OPTION_REG      equ	149	;# 
   792     0096                     PCON            equ	150	;# 
   793     0097                     WDTCON          equ	151	;# 
   794     0098                     OSCTUNE         equ	152	;# 
   795     0099                     OSCCON          equ	153	;# 
   796     009A                     OSCSTAT         equ	154	;# 
   797     009B                     ADRES           equ	155	;# 
   798     009B                     ADRESL          equ	155	;# 
   799     009C                     ADRESH          equ	156	;# 
   800     009D                     ADCON0          equ	157	;# 
   801     009E                     ADCON1          equ	158	;# 
   802     009F                     ADCON2          equ	159	;# 
   803     010C                     LATA            equ	268	;# 
   804     0111                     CM1CON0         equ	273	;# 
   805     0112                     CM1CON1         equ	274	;# 
   806     0115                     CMOUT           equ	277	;# 
   807     0116                     BORCON          equ	278	;# 
   808     0117                     FVRCON          equ	279	;# 
   809     0118                     DACCON0         equ	280	;# 
   810     0119                     DACCON1         equ	281	;# 
   811     011D                     APFCON          equ	285	;# 
   812     011D                     APFCON0         equ	285	;# 
   813     018C                     ANSELA          equ	396	;# 
   814     0191                     PMADR           equ	401	;# 
   815     0191                     PMADRL          equ	401	;# 
   816     0192                     PMADRH          equ	402	;# 
   817     0193                     PMDAT           equ	403	;# 
   818     0193                     PMDATL          equ	403	;# 
   819     0194                     PMDATH          equ	404	;# 
   820     0195                     PMCON1          equ	405	;# 
   821     0196                     PMCON2          equ	406	;# 
   822     0197                     VREGCON         equ	407	;# 
   823     0199                     RCREG           equ	409	;# 
   824     019A                     TXREG           equ	410	;# 
   825     019B                     SPBRG           equ	411	;# 
   826     019B                     SPBRGL          equ	411	;# 
   827     019C                     SPBRGH          equ	412	;# 
   828     019D                     RCSTA           equ	413	;# 
   829     019E                     TXSTA           equ	414	;# 
   830     019F                     BAUDCON         equ	415	;# 
   831     020C                     WPUA            equ	524	;# 
   832     028C                     ODCONA          equ	652	;# 
   833     030C                     SLRCONA         equ	780	;# 
   834     038C                     INLVLA          equ	908	;# 
   835     0391                     IOCAP           equ	913	;# 
   836     0392                     IOCAN           equ	914	;# 
   837     0393                     IOCAF           equ	915	;# 
   838     0691                     CWG1DBR         equ	1681	;# 
   839     0692                     CWG1DBF         equ	1682	;# 
   840     0693                     CWG1CON0        equ	1683	;# 
   841     0694                     CWG1CON1        equ	1684	;# 
   842     0695                     CWG1CON2        equ	1685	;# 
   843     0D8E                     PWMEN           equ	3470	;# 
   844     0D8F                     PWMLD           equ	3471	;# 
   845     0D90                     PWMOUT          equ	3472	;# 
   846     0D91                     PWM1PH          equ	3473	;# 
   847     0D91                     PWM1PHL         equ	3473	;# 
   848     0D92                     PWM1PHH         equ	3474	;# 
   849     0D93                     PWM1DC          equ	3475	;# 
   850     0D93                     PWM1DCL         equ	3475	;# 
   851     0D94                     PWM1DCH         equ	3476	;# 
   852     0D95                     PWM1PR          equ	3477	;# 
   853     0D95                     PWM1PRL         equ	3477	;# 
   854     0D96                     PWM1PRH         equ	3478	;# 
   855     0D97                     PWM1OF          equ	3479	;# 
   856     0D97                     PWM1OFL         equ	3479	;# 
   857     0D98                     PWM1OFH         equ	3480	;# 
   858     0D99                     PWM1TMR         equ	3481	;# 
   859     0D99                     PWM1TMRL        equ	3481	;# 
   860     0D9A                     PWM1TMRH        equ	3482	;# 
   861     0D9B                     PWM1CON         equ	3483	;# 
   862     0D9C                     PWM1INTE        equ	3484	;# 
   863     0D9C                     PWM1INTCON      equ	3484	;# 
   864     0D9D                     PWM1INTF        equ	3485	;# 
   865     0D9D                     PWM1INTFLG      equ	3485	;# 
   866     0D9E                     PWM1CLKCON      equ	3486	;# 
   867     0D9F                     PWM1LDCON       equ	3487	;# 
   868     0DA0                     PWM1OFCON       equ	3488	;# 
   869     0DA1                     PWM2PH          equ	3489	;# 
   870     0DA1                     PWM2PHL         equ	3489	;# 
   871     0DA2                     PWM2PHH         equ	3490	;# 
   872     0DA3                     PWM2DC          equ	3491	;# 
   873     0DA3                     PWM2DCL         equ	3491	;# 
   874     0DA4                     PWM2DCH         equ	3492	;# 
   875     0DA5                     PWM2PR          equ	3493	;# 
   876     0DA5                     PWM2PRL         equ	3493	;# 
   877     0DA6                     PWM2PRH         equ	3494	;# 
   878     0DA7                     PWM2OF          equ	3495	;# 
   879     0DA7                     PWM2OFL         equ	3495	;# 
   880     0DA8                     PWM2OFH         equ	3496	;# 
   881     0DA9                     PWM2TMR         equ	3497	;# 
   882     0DA9                     PWM2TMRL        equ	3497	;# 
   883     0DAA                     PWM2TMRH        equ	3498	;# 
   884     0DAB                     PWM2CON         equ	3499	;# 
   885     0DAC                     PWM2INTE        equ	3500	;# 
   886     0DAC                     PWM2INTCON      equ	3500	;# 
   887     0DAD                     PWM2INTF        equ	3501	;# 
   888     0DAD                     PWM2INTFLG      equ	3501	;# 
   889     0DAE                     PWM2CLKCON      equ	3502	;# 
   890     0DAF                     PWM2LDCON       equ	3503	;# 
   891     0DB0                     PWM2OFCON       equ	3504	;# 
   892     0DB1                     PWM3PH          equ	3505	;# 
   893     0DB1                     PWM3PHL         equ	3505	;# 
   894     0DB2                     PWM3PHH         equ	3506	;# 
   895     0DB3                     PWM3DC          equ	3507	;# 
   896     0DB3                     PWM3DCL         equ	3507	;# 
   897     0DB4                     PWM3DCH         equ	3508	;# 
   898     0DB5                     PWM3PR          equ	3509	;# 
   899     0DB5                     PWM3PRL         equ	3509	;# 
   900     0DB6                     PWM3PRH         equ	3510	;# 
   901     0DB7                     PWM3OF          equ	3511	;# 
   902     0DB7                     PWM3OFL         equ	3511	;# 
   903     0DB8                     PWM3OFH         equ	3512	;# 
   904     0DB9                     PWM3TMR         equ	3513	;# 
   905     0DB9                     PWM3TMRL        equ	3513	;# 
   906     0DBA                     PWM3TMRH        equ	3514	;# 
   907     0DBB                     PWM3CON         equ	3515	;# 
   908     0DBC                     PWM3INTE        equ	3516	;# 
   909     0DBC                     PWM3INTCON      equ	3516	;# 
   910     0DBD                     PWM3INTF        equ	3517	;# 
   911     0DBD                     PWM3INTFLG      equ	3517	;# 
   912     0DBE                     PWM3CLKCON      equ	3518	;# 
   913     0DBF                     PWM3LDCON       equ	3519	;# 
   914     0DC0                     PWM3OFCON       equ	3520	;# 
   915     0FE4                     STATUS_SHAD     equ	4068	;# 
   916     0FE5                     WREG_SHAD       equ	4069	;# 
   917     0FE6                     BSR_SHAD        equ	4070	;# 
   918     0FE7                     PCLATH_SHAD     equ	4071	;# 
   919     0FE8                     FSR0_SHAD       equ	4072	;# 
   920     0FE8                     FSR0L_SHAD      equ	4072	;# 
   921     0FE9                     FSR0H_SHAD      equ	4073	;# 
   922     0FEA                     FSR1_SHAD       equ	4074	;# 
   923     0FEA                     FSR1L_SHAD      equ	4074	;# 
   924     0FEB                     FSR1H_SHAD      equ	4075	;# 
   925     0FED                     STKPTR          equ	4077	;# 
   926     0FEE                     TOS             equ	4078	;# 
   927     0FEE                     TOSL            equ	4078	;# 
   928     0FEF                     TOSH            equ	4079	;# 
   929     0000                     INDF0           equ	0	;# 
   930     0001                     INDF1           equ	1	;# 
   931     0002                     PCL             equ	2	;# 
   932     0003                     STATUS          equ	3	;# 
   933     0004                     FSR0L           equ	4	;# 
   934     0005                     FSR0H           equ	5	;# 
   935     0006                     FSR1L           equ	6	;# 
   936     0007                     FSR1H           equ	7	;# 
   937     0008                     BSR             equ	8	;# 
   938     0009                     WREG            equ	9	;# 
   939     000A                     PCLATH          equ	10	;# 
   940     000B                     INTCON          equ	11	;# 
   941     000C                     PORTA           equ	12	;# 
   942     0011                     PIR1            equ	17	;# 
   943     0012                     PIR2            equ	18	;# 
   944     0013                     PIR3            equ	19	;# 
   945     0015                     TMR0            equ	21	;# 
   946     0016                     TMR1            equ	22	;# 
   947     0016                     TMR1L           equ	22	;# 
   948     0017                     TMR1H           equ	23	;# 
   949     0018                     T1CON           equ	24	;# 
   950     0019                     T1GCON          equ	25	;# 
   951     001A                     TMR2            equ	26	;# 
   952     001B                     PR2             equ	27	;# 
   953     001C                     T2CON           equ	28	;# 
   954     008C                     TRISA           equ	140	;# 
   955     0091                     PIE1            equ	145	;# 
   956     0092                     PIE2            equ	146	;# 
   957     0093                     PIE3            equ	147	;# 
   958     0095                     OPTION_REG      equ	149	;# 
   959     0096                     PCON            equ	150	;# 
   960     0097                     WDTCON          equ	151	;# 
   961     0098                     OSCTUNE         equ	152	;# 
   962     0099                     OSCCON          equ	153	;# 
   963     009A                     OSCSTAT         equ	154	;# 
   964     009B                     ADRES           equ	155	;# 
   965     009B                     ADRESL          equ	155	;# 
   966     009C                     ADRESH          equ	156	;# 
   967     009D                     ADCON0          equ	157	;# 
   968     009E                     ADCON1          equ	158	;# 
   969     009F                     ADCON2          equ	159	;# 
   970     010C                     LATA            equ	268	;# 
   971     0111                     CM1CON0         equ	273	;# 
   972     0112                     CM1CON1         equ	274	;# 
   973     0115                     CMOUT           equ	277	;# 
   974     0116                     BORCON          equ	278	;# 
   975     0117                     FVRCON          equ	279	;# 
   976     0118                     DACCON0         equ	280	;# 
   977     0119                     DACCON1         equ	281	;# 
   978     011D                     APFCON          equ	285	;# 
   979     011D                     APFCON0         equ	285	;# 
   980     018C                     ANSELA          equ	396	;# 
   981     0191                     PMADR           equ	401	;# 
   982     0191                     PMADRL          equ	401	;# 
   983     0192                     PMADRH          equ	402	;# 
   984     0193                     PMDAT           equ	403	;# 
   985     0193                     PMDATL          equ	403	;# 
   986     0194                     PMDATH          equ	404	;# 
   987     0195                     PMCON1          equ	405	;# 
   988     0196                     PMCON2          equ	406	;# 
   989     0197                     VREGCON         equ	407	;# 
   990     0199                     RCREG           equ	409	;# 
   991     019A                     TXREG           equ	410	;# 
   992     019B                     SPBRG           equ	411	;# 
   993     019B                     SPBRGL          equ	411	;# 
   994     019C                     SPBRGH          equ	412	;# 
   995     019D                     RCSTA           equ	413	;# 
   996     019E                     TXSTA           equ	414	;# 
   997     019F                     BAUDCON         equ	415	;# 
   998     020C                     WPUA            equ	524	;# 
   999     028C                     ODCONA          equ	652	;# 
  1000     030C                     SLRCONA         equ	780	;# 
  1001     038C                     INLVLA          equ	908	;# 
  1002     0391                     IOCAP           equ	913	;# 
  1003     0392                     IOCAN           equ	914	;# 
  1004     0393                     IOCAF           equ	915	;# 
  1005     0691                     CWG1DBR         equ	1681	;# 
  1006     0692                     CWG1DBF         equ	1682	;# 
  1007     0693                     CWG1CON0        equ	1683	;# 
  1008     0694                     CWG1CON1        equ	1684	;# 
  1009     0695                     CWG1CON2        equ	1685	;# 
  1010     0D8E                     PWMEN           equ	3470	;# 
  1011     0D8F                     PWMLD           equ	3471	;# 
  1012     0D90                     PWMOUT          equ	3472	;# 
  1013     0D91                     PWM1PH          equ	3473	;# 
  1014     0D91                     PWM1PHL         equ	3473	;# 
  1015     0D92                     PWM1PHH         equ	3474	;# 
  1016     0D93                     PWM1DC          equ	3475	;# 
  1017     0D93                     PWM1DCL         equ	3475	;# 
  1018     0D94                     PWM1DCH         equ	3476	;# 
  1019     0D95                     PWM1PR          equ	3477	;# 
  1020     0D95                     PWM1PRL         equ	3477	;# 
  1021     0D96                     PWM1PRH         equ	3478	;# 
  1022     0D97                     PWM1OF          equ	3479	;# 
  1023     0D97                     PWM1OFL         equ	3479	;# 
  1024     0D98                     PWM1OFH         equ	3480	;# 
  1025     0D99                     PWM1TMR         equ	3481	;# 
  1026     0D99                     PWM1TMRL        equ	3481	;# 
  1027     0D9A                     PWM1TMRH        equ	3482	;# 
  1028     0D9B                     PWM1CON         equ	3483	;# 
  1029     0D9C                     PWM1INTE        equ	3484	;# 
  1030     0D9C                     PWM1INTCON      equ	3484	;# 
  1031     0D9D                     PWM1INTF        equ	3485	;# 
  1032     0D9D                     PWM1INTFLG      equ	3485	;# 
  1033     0D9E                     PWM1CLKCON      equ	3486	;# 
  1034     0D9F                     PWM1LDCON       equ	3487	;# 
  1035     0DA0                     PWM1OFCON       equ	3488	;# 
  1036     0DA1                     PWM2PH          equ	3489	;# 
  1037     0DA1                     PWM2PHL         equ	3489	;# 
  1038     0DA2                     PWM2PHH         equ	3490	;# 
  1039     0DA3                     PWM2DC          equ	3491	;# 
  1040     0DA3                     PWM2DCL         equ	3491	;# 
  1041     0DA4                     PWM2DCH         equ	3492	;# 
  1042     0DA5                     PWM2PR          equ	3493	;# 
  1043     0DA5                     PWM2PRL         equ	3493	;# 
  1044     0DA6                     PWM2PRH         equ	3494	;# 
  1045     0DA7                     PWM2OF          equ	3495	;# 
  1046     0DA7                     PWM2OFL         equ	3495	;# 
  1047     0DA8                     PWM2OFH         equ	3496	;# 
  1048     0DA9                     PWM2TMR         equ	3497	;# 
  1049     0DA9                     PWM2TMRL        equ	3497	;# 
  1050     0DAA                     PWM2TMRH        equ	3498	;# 
  1051     0DAB                     PWM2CON         equ	3499	;# 
  1052     0DAC                     PWM2INTE        equ	3500	;# 
  1053     0DAC                     PWM2INTCON      equ	3500	;# 
  1054     0DAD                     PWM2INTF        equ	3501	;# 
  1055     0DAD                     PWM2INTFLG      equ	3501	;# 
  1056     0DAE                     PWM2CLKCON      equ	3502	;# 
  1057     0DAF                     PWM2LDCON       equ	3503	;# 
  1058     0DB0                     PWM2OFCON       equ	3504	;# 
  1059     0DB1                     PWM3PH          equ	3505	;# 
  1060     0DB1                     PWM3PHL         equ	3505	;# 
  1061     0DB2                     PWM3PHH         equ	3506	;# 
  1062     0DB3                     PWM3DC          equ	3507	;# 
  1063     0DB3                     PWM3DCL         equ	3507	;# 
  1064     0DB4                     PWM3DCH         equ	3508	;# 
  1065     0DB5                     PWM3PR          equ	3509	;# 
  1066     0DB5                     PWM3PRL         equ	3509	;# 
  1067     0DB6                     PWM3PRH         equ	3510	;# 
  1068     0DB7                     PWM3OF          equ	3511	;# 
  1069     0DB7                     PWM3OFL         equ	3511	;# 
  1070     0DB8                     PWM3OFH         equ	3512	;# 
  1071     0DB9                     PWM3TMR         equ	3513	;# 
  1072     0DB9                     PWM3TMRL        equ	3513	;# 
  1073     0DBA                     PWM3TMRH        equ	3514	;# 
  1074     0DBB                     PWM3CON         equ	3515	;# 
  1075     0DBC                     PWM3INTE        equ	3516	;# 
  1076     0DBC                     PWM3INTCON      equ	3516	;# 
  1077     0DBD                     PWM3INTF        equ	3517	;# 
  1078     0DBD                     PWM3INTFLG      equ	3517	;# 
  1079     0DBE                     PWM3CLKCON      equ	3518	;# 
  1080     0DBF                     PWM3LDCON       equ	3519	;# 
  1081     0DC0                     PWM3OFCON       equ	3520	;# 
  1082     0FE4                     STATUS_SHAD     equ	4068	;# 
  1083     0FE5                     WREG_SHAD       equ	4069	;# 
  1084     0FE6                     BSR_SHAD        equ	4070	;# 
  1085     0FE7                     PCLATH_SHAD     equ	4071	;# 
  1086     0FE8                     FSR0_SHAD       equ	4072	;# 
  1087     0FE8                     FSR0L_SHAD      equ	4072	;# 
  1088     0FE9                     FSR0H_SHAD      equ	4073	;# 
  1089     0FEA                     FSR1_SHAD       equ	4074	;# 
  1090     0FEA                     FSR1L_SHAD      equ	4074	;# 
  1091     0FEB                     FSR1H_SHAD      equ	4075	;# 
  1092     0FED                     STKPTR          equ	4077	;# 
  1093     0FEE                     TOS             equ	4078	;# 
  1094     0FEE                     TOSL            equ	4078	;# 
  1095     0FEF                     TOSH            equ	4079	;# 
  1096     0000                     INDF0           equ	0	;# 
  1097     0001                     INDF1           equ	1	;# 
  1098     0002                     PCL             equ	2	;# 
  1099     0003                     STATUS          equ	3	;# 
  1100     0004                     FSR0L           equ	4	;# 
  1101     0005                     FSR0H           equ	5	;# 
  1102     0006                     FSR1L           equ	6	;# 
  1103     0007                     FSR1H           equ	7	;# 
  1104     0008                     BSR             equ	8	;# 
  1105     0009                     WREG            equ	9	;# 
  1106     000A                     PCLATH          equ	10	;# 
  1107     000B                     INTCON          equ	11	;# 
  1108     000C                     PORTA           equ	12	;# 
  1109     0011                     PIR1            equ	17	;# 
  1110     0012                     PIR2            equ	18	;# 
  1111     0013                     PIR3            equ	19	;# 
  1112     0015                     TMR0            equ	21	;# 
  1113     0016                     TMR1            equ	22	;# 
  1114     0016                     TMR1L           equ	22	;# 
  1115     0017                     TMR1H           equ	23	;# 
  1116     0018                     T1CON           equ	24	;# 
  1117     0019                     T1GCON          equ	25	;# 
  1118     001A                     TMR2            equ	26	;# 
  1119     001B                     PR2             equ	27	;# 
  1120     001C                     T2CON           equ	28	;# 
  1121     008C                     TRISA           equ	140	;# 
  1122     0091                     PIE1            equ	145	;# 
  1123     0092                     PIE2            equ	146	;# 
  1124     0093                     PIE3            equ	147	;# 
  1125     0095                     OPTION_REG      equ	149	;# 
  1126     0096                     PCON            equ	150	;# 
  1127     0097                     WDTCON          equ	151	;# 
  1128     0098                     OSCTUNE         equ	152	;# 
  1129     0099                     OSCCON          equ	153	;# 
  1130     009A                     OSCSTAT         equ	154	;# 
  1131     009B                     ADRES           equ	155	;# 
  1132     009B                     ADRESL          equ	155	;# 
  1133     009C                     ADRESH          equ	156	;# 
  1134     009D                     ADCON0          equ	157	;# 
  1135     009E                     ADCON1          equ	158	;# 
  1136     009F                     ADCON2          equ	159	;# 
  1137     010C                     LATA            equ	268	;# 
  1138     0111                     CM1CON0         equ	273	;# 
  1139     0112                     CM1CON1         equ	274	;# 
  1140     0115                     CMOUT           equ	277	;# 
  1141     0116                     BORCON          equ	278	;# 
  1142     0117                     FVRCON          equ	279	;# 
  1143     0118                     DACCON0         equ	280	;# 
  1144     0119                     DACCON1         equ	281	;# 
  1145     011D                     APFCON          equ	285	;# 
  1146     011D                     APFCON0         equ	285	;# 
  1147     018C                     ANSELA          equ	396	;# 
  1148     0191                     PMADR           equ	401	;# 
  1149     0191                     PMADRL          equ	401	;# 
  1150     0192                     PMADRH          equ	402	;# 
  1151     0193                     PMDAT           equ	403	;# 
  1152     0193                     PMDATL          equ	403	;# 
  1153     0194                     PMDATH          equ	404	;# 
  1154     0195                     PMCON1          equ	405	;# 
  1155     0196                     PMCON2          equ	406	;# 
  1156     0197                     VREGCON         equ	407	;# 
  1157     0199                     RCREG           equ	409	;# 
  1158     019A                     TXREG           equ	410	;# 
  1159     019B                     SPBRG           equ	411	;# 
  1160     019B                     SPBRGL          equ	411	;# 
  1161     019C                     SPBRGH          equ	412	;# 
  1162     019D                     RCSTA           equ	413	;# 
  1163     019E                     TXSTA           equ	414	;# 
  1164     019F                     BAUDCON         equ	415	;# 
  1165     020C                     WPUA            equ	524	;# 
  1166     028C                     ODCONA          equ	652	;# 
  1167     030C                     SLRCONA         equ	780	;# 
  1168     038C                     INLVLA          equ	908	;# 
  1169     0391                     IOCAP           equ	913	;# 
  1170     0392                     IOCAN           equ	914	;# 
  1171     0393                     IOCAF           equ	915	;# 
  1172     0691                     CWG1DBR         equ	1681	;# 
  1173     0692                     CWG1DBF         equ	1682	;# 
  1174     0693                     CWG1CON0        equ	1683	;# 
  1175     0694                     CWG1CON1        equ	1684	;# 
  1176     0695                     CWG1CON2        equ	1685	;# 
  1177     0D8E                     PWMEN           equ	3470	;# 
  1178     0D8F                     PWMLD           equ	3471	;# 
  1179     0D90                     PWMOUT          equ	3472	;# 
  1180     0D91                     PWM1PH          equ	3473	;# 
  1181     0D91                     PWM1PHL         equ	3473	;# 
  1182     0D92                     PWM1PHH         equ	3474	;# 
  1183     0D93                     PWM1DC          equ	3475	;# 
  1184     0D93                     PWM1DCL         equ	3475	;# 
  1185     0D94                     PWM1DCH         equ	3476	;# 
  1186     0D95                     PWM1PR          equ	3477	;# 
  1187     0D95                     PWM1PRL         equ	3477	;# 
  1188     0D96                     PWM1PRH         equ	3478	;# 
  1189     0D97                     PWM1OF          equ	3479	;# 
  1190     0D97                     PWM1OFL         equ	3479	;# 
  1191     0D98                     PWM1OFH         equ	3480	;# 
  1192     0D99                     PWM1TMR         equ	3481	;# 
  1193     0D99                     PWM1TMRL        equ	3481	;# 
  1194     0D9A                     PWM1TMRH        equ	3482	;# 
  1195     0D9B                     PWM1CON         equ	3483	;# 
  1196     0D9C                     PWM1INTE        equ	3484	;# 
  1197     0D9C                     PWM1INTCON      equ	3484	;# 
  1198     0D9D                     PWM1INTF        equ	3485	;# 
  1199     0D9D                     PWM1INTFLG      equ	3485	;# 
  1200     0D9E                     PWM1CLKCON      equ	3486	;# 
  1201     0D9F                     PWM1LDCON       equ	3487	;# 
  1202     0DA0                     PWM1OFCON       equ	3488	;# 
  1203     0DA1                     PWM2PH          equ	3489	;# 
  1204     0DA1                     PWM2PHL         equ	3489	;# 
  1205     0DA2                     PWM2PHH         equ	3490	;# 
  1206     0DA3                     PWM2DC          equ	3491	;# 
  1207     0DA3                     PWM2DCL         equ	3491	;# 
  1208     0DA4                     PWM2DCH         equ	3492	;# 
  1209     0DA5                     PWM2PR          equ	3493	;# 
  1210     0DA5                     PWM2PRL         equ	3493	;# 
  1211     0DA6                     PWM2PRH         equ	3494	;# 
  1212     0DA7                     PWM2OF          equ	3495	;# 
  1213     0DA7                     PWM2OFL         equ	3495	;# 
  1214     0DA8                     PWM2OFH         equ	3496	;# 
  1215     0DA9                     PWM2TMR         equ	3497	;# 
  1216     0DA9                     PWM2TMRL        equ	3497	;# 
  1217     0DAA                     PWM2TMRH        equ	3498	;# 
  1218     0DAB                     PWM2CON         equ	3499	;# 
  1219     0DAC                     PWM2INTE        equ	3500	;# 
  1220     0DAC                     PWM2INTCON      equ	3500	;# 
  1221     0DAD                     PWM2INTF        equ	3501	;# 
  1222     0DAD                     PWM2INTFLG      equ	3501	;# 
  1223     0DAE                     PWM2CLKCON      equ	3502	;# 
  1224     0DAF                     PWM2LDCON       equ	3503	;# 
  1225     0DB0                     PWM2OFCON       equ	3504	;# 
  1226     0DB1                     PWM3PH          equ	3505	;# 
  1227     0DB1                     PWM3PHL         equ	3505	;# 
  1228     0DB2                     PWM3PHH         equ	3506	;# 
  1229     0DB3                     PWM3DC          equ	3507	;# 
  1230     0DB3                     PWM3DCL         equ	3507	;# 
  1231     0DB4                     PWM3DCH         equ	3508	;# 
  1232     0DB5                     PWM3PR          equ	3509	;# 
  1233     0DB5                     PWM3PRL         equ	3509	;# 
  1234     0DB6                     PWM3PRH         equ	3510	;# 
  1235     0DB7                     PWM3OF          equ	3511	;# 
  1236     0DB7                     PWM3OFL         equ	3511	;# 
  1237     0DB8                     PWM3OFH         equ	3512	;# 
  1238     0DB9                     PWM3TMR         equ	3513	;# 
  1239     0DB9                     PWM3TMRL        equ	3513	;# 
  1240     0DBA                     PWM3TMRH        equ	3514	;# 
  1241     0DBB                     PWM3CON         equ	3515	;# 
  1242     0DBC                     PWM3INTE        equ	3516	;# 
  1243     0DBC                     PWM3INTCON      equ	3516	;# 
  1244     0DBD                     PWM3INTF        equ	3517	;# 
  1245     0DBD                     PWM3INTFLG      equ	3517	;# 
  1246     0DBE                     PWM3CLKCON      equ	3518	;# 
  1247     0DBF                     PWM3LDCON       equ	3519	;# 
  1248     0DC0                     PWM3OFCON       equ	3520	;# 
  1249     0FE4                     STATUS_SHAD     equ	4068	;# 
  1250     0FE5                     WREG_SHAD       equ	4069	;# 
  1251     0FE6                     BSR_SHAD        equ	4070	;# 
  1252     0FE7                     PCLATH_SHAD     equ	4071	;# 
  1253     0FE8                     FSR0_SHAD       equ	4072	;# 
  1254     0FE8                     FSR0L_SHAD      equ	4072	;# 
  1255     0FE9                     FSR0H_SHAD      equ	4073	;# 
  1256     0FEA                     FSR1_SHAD       equ	4074	;# 
  1257     0FEA                     FSR1L_SHAD      equ	4074	;# 
  1258     0FEB                     FSR1H_SHAD      equ	4075	;# 
  1259     0FED                     STKPTR          equ	4077	;# 
  1260     0FEE                     TOS             equ	4078	;# 
  1261     0FEE                     TOSL            equ	4078	;# 
  1262     0FEF                     TOSH            equ	4079	;# 
  1263     0000                     INDF0           equ	0	;# 
  1264     0001                     INDF1           equ	1	;# 
  1265     0002                     PCL             equ	2	;# 
  1266     0003                     STATUS          equ	3	;# 
  1267     0004                     FSR0L           equ	4	;# 
  1268     0005                     FSR0H           equ	5	;# 
  1269     0006                     FSR1L           equ	6	;# 
  1270     0007                     FSR1H           equ	7	;# 
  1271     0008                     BSR             equ	8	;# 
  1272     0009                     WREG            equ	9	;# 
  1273     000A                     PCLATH          equ	10	;# 
  1274     000B                     INTCON          equ	11	;# 
  1275     000C                     PORTA           equ	12	;# 
  1276     0011                     PIR1            equ	17	;# 
  1277     0012                     PIR2            equ	18	;# 
  1278     0013                     PIR3            equ	19	;# 
  1279     0015                     TMR0            equ	21	;# 
  1280     0016                     TMR1            equ	22	;# 
  1281     0016                     TMR1L           equ	22	;# 
  1282     0017                     TMR1H           equ	23	;# 
  1283     0018                     T1CON           equ	24	;# 
  1284     0019                     T1GCON          equ	25	;# 
  1285     001A                     TMR2            equ	26	;# 
  1286     001B                     PR2             equ	27	;# 
  1287     001C                     T2CON           equ	28	;# 
  1288     008C                     TRISA           equ	140	;# 
  1289     0091                     PIE1            equ	145	;# 
  1290     0092                     PIE2            equ	146	;# 
  1291     0093                     PIE3            equ	147	;# 
  1292     0095                     OPTION_REG      equ	149	;# 
  1293     0096                     PCON            equ	150	;# 
  1294     0097                     WDTCON          equ	151	;# 
  1295     0098                     OSCTUNE         equ	152	;# 
  1296     0099                     OSCCON          equ	153	;# 
  1297     009A                     OSCSTAT         equ	154	;# 
  1298     009B                     ADRES           equ	155	;# 
  1299     009B                     ADRESL          equ	155	;# 
  1300     009C                     ADRESH          equ	156	;# 
  1301     009D                     ADCON0          equ	157	;# 
  1302     009E                     ADCON1          equ	158	;# 
  1303     009F                     ADCON2          equ	159	;# 
  1304     010C                     LATA            equ	268	;# 
  1305     0111                     CM1CON0         equ	273	;# 
  1306     0112                     CM1CON1         equ	274	;# 
  1307     0115                     CMOUT           equ	277	;# 
  1308     0116                     BORCON          equ	278	;# 
  1309     0117                     FVRCON          equ	279	;# 
  1310     0118                     DACCON0         equ	280	;# 
  1311     0119                     DACCON1         equ	281	;# 
  1312     011D                     APFCON          equ	285	;# 
  1313     011D                     APFCON0         equ	285	;# 
  1314     018C                     ANSELA          equ	396	;# 
  1315     0191                     PMADR           equ	401	;# 
  1316     0191                     PMADRL          equ	401	;# 
  1317     0192                     PMADRH          equ	402	;# 
  1318     0193                     PMDAT           equ	403	;# 
  1319     0193                     PMDATL          equ	403	;# 
  1320     0194                     PMDATH          equ	404	;# 
  1321     0195                     PMCON1          equ	405	;# 
  1322     0196                     PMCON2          equ	406	;# 
  1323     0197                     VREGCON         equ	407	;# 
  1324     0199                     RCREG           equ	409	;# 
  1325     019A                     TXREG           equ	410	;# 
  1326     019B                     SPBRG           equ	411	;# 
  1327     019B                     SPBRGL          equ	411	;# 
  1328     019C                     SPBRGH          equ	412	;# 
  1329     019D                     RCSTA           equ	413	;# 
  1330     019E                     TXSTA           equ	414	;# 
  1331     019F                     BAUDCON         equ	415	;# 
  1332     020C                     WPUA            equ	524	;# 
  1333     028C                     ODCONA          equ	652	;# 
  1334     030C                     SLRCONA         equ	780	;# 
  1335     038C                     INLVLA          equ	908	;# 
  1336     0391                     IOCAP           equ	913	;# 
  1337     0392                     IOCAN           equ	914	;# 
  1338     0393                     IOCAF           equ	915	;# 
  1339     0691                     CWG1DBR         equ	1681	;# 
  1340     0692                     CWG1DBF         equ	1682	;# 
  1341     0693                     CWG1CON0        equ	1683	;# 
  1342     0694                     CWG1CON1        equ	1684	;# 
  1343     0695                     CWG1CON2        equ	1685	;# 
  1344     0D8E                     PWMEN           equ	3470	;# 
  1345     0D8F                     PWMLD           equ	3471	;# 
  1346     0D90                     PWMOUT          equ	3472	;# 
  1347     0D91                     PWM1PH          equ	3473	;# 
  1348     0D91                     PWM1PHL         equ	3473	;# 
  1349     0D92                     PWM1PHH         equ	3474	;# 
  1350     0D93                     PWM1DC          equ	3475	;# 
  1351     0D93                     PWM1DCL         equ	3475	;# 
  1352     0D94                     PWM1DCH         equ	3476	;# 
  1353     0D95                     PWM1PR          equ	3477	;# 
  1354     0D95                     PWM1PRL         equ	3477	;# 
  1355     0D96                     PWM1PRH         equ	3478	;# 
  1356     0D97                     PWM1OF          equ	3479	;# 
  1357     0D97                     PWM1OFL         equ	3479	;# 
  1358     0D98                     PWM1OFH         equ	3480	;# 
  1359     0D99                     PWM1TMR         equ	3481	;# 
  1360     0D99                     PWM1TMRL        equ	3481	;# 
  1361     0D9A                     PWM1TMRH        equ	3482	;# 
  1362     0D9B                     PWM1CON         equ	3483	;# 
  1363     0D9C                     PWM1INTE        equ	3484	;# 
  1364     0D9C                     PWM1INTCON      equ	3484	;# 
  1365     0D9D                     PWM1INTF        equ	3485	;# 
  1366     0D9D                     PWM1INTFLG      equ	3485	;# 
  1367     0D9E                     PWM1CLKCON      equ	3486	;# 
  1368     0D9F                     PWM1LDCON       equ	3487	;# 
  1369     0DA0                     PWM1OFCON       equ	3488	;# 
  1370     0DA1                     PWM2PH          equ	3489	;# 
  1371     0DA1                     PWM2PHL         equ	3489	;# 
  1372     0DA2                     PWM2PHH         equ	3490	;# 
  1373     0DA3                     PWM2DC          equ	3491	;# 
  1374     0DA3                     PWM2DCL         equ	3491	;# 
  1375     0DA4                     PWM2DCH         equ	3492	;# 
  1376     0DA5                     PWM2PR          equ	3493	;# 
  1377     0DA5                     PWM2PRL         equ	3493	;# 
  1378     0DA6                     PWM2PRH         equ	3494	;# 
  1379     0DA7                     PWM2OF          equ	3495	;# 
  1380     0DA7                     PWM2OFL         equ	3495	;# 
  1381     0DA8                     PWM2OFH         equ	3496	;# 
  1382     0DA9                     PWM2TMR         equ	3497	;# 
  1383     0DA9                     PWM2TMRL        equ	3497	;# 
  1384     0DAA                     PWM2TMRH        equ	3498	;# 
  1385     0DAB                     PWM2CON         equ	3499	;# 
  1386     0DAC                     PWM2INTE        equ	3500	;# 
  1387     0DAC                     PWM2INTCON      equ	3500	;# 
  1388     0DAD                     PWM2INTF        equ	3501	;# 
  1389     0DAD                     PWM2INTFLG      equ	3501	;# 
  1390     0DAE                     PWM2CLKCON      equ	3502	;# 
  1391     0DAF                     PWM2LDCON       equ	3503	;# 
  1392     0DB0                     PWM2OFCON       equ	3504	;# 
  1393     0DB1                     PWM3PH          equ	3505	;# 
  1394     0DB1                     PWM3PHL         equ	3505	;# 
  1395     0DB2                     PWM3PHH         equ	3506	;# 
  1396     0DB3                     PWM3DC          equ	3507	;# 
  1397     0DB3                     PWM3DCL         equ	3507	;# 
  1398     0DB4                     PWM3DCH         equ	3508	;# 
  1399     0DB5                     PWM3PR          equ	3509	;# 
  1400     0DB5                     PWM3PRL         equ	3509	;# 
  1401     0DB6                     PWM3PRH         equ	3510	;# 
  1402     0DB7                     PWM3OF          equ	3511	;# 
  1403     0DB7                     PWM3OFL         equ	3511	;# 
  1404     0DB8                     PWM3OFH         equ	3512	;# 
  1405     0DB9                     PWM3TMR         equ	3513	;# 
  1406     0DB9                     PWM3TMRL        equ	3513	;# 
  1407     0DBA                     PWM3TMRH        equ	3514	;# 
  1408     0DBB                     PWM3CON         equ	3515	;# 
  1409     0DBC                     PWM3INTE        equ	3516	;# 
  1410     0DBC                     PWM3INTCON      equ	3516	;# 
  1411     0DBD                     PWM3INTF        equ	3517	;# 
  1412     0DBD                     PWM3INTFLG      equ	3517	;# 
  1413     0DBE                     PWM3CLKCON      equ	3518	;# 
  1414     0DBF                     PWM3LDCON       equ	3519	;# 
  1415     0DC0                     PWM3OFCON       equ	3520	;# 
  1416     0FE4                     STATUS_SHAD     equ	4068	;# 
  1417     0FE5                     WREG_SHAD       equ	4069	;# 
  1418     0FE6                     BSR_SHAD        equ	4070	;# 
  1419     0FE7                     PCLATH_SHAD     equ	4071	;# 
  1420     0FE8                     FSR0_SHAD       equ	4072	;# 
  1421     0FE8                     FSR0L_SHAD      equ	4072	;# 
  1422     0FE9                     FSR0H_SHAD      equ	4073	;# 
  1423     0FEA                     FSR1_SHAD       equ	4074	;# 
  1424     0FEA                     FSR1L_SHAD      equ	4074	;# 
  1425     0FEB                     FSR1H_SHAD      equ	4075	;# 
  1426     0FED                     STKPTR          equ	4077	;# 
  1427     0FEE                     TOS             equ	4078	;# 
  1428     0FEE                     TOSL            equ	4078	;# 
  1429     0FEF                     TOSH            equ	4079	;# 
  1430     0000                     INDF0           equ	0	;# 
  1431     0001                     INDF1           equ	1	;# 
  1432     0002                     PCL             equ	2	;# 
  1433     0003                     STATUS          equ	3	;# 
  1434     0004                     FSR0L           equ	4	;# 
  1435     0005                     FSR0H           equ	5	;# 
  1436     0006                     FSR1L           equ	6	;# 
  1437     0007                     FSR1H           equ	7	;# 
  1438     0008                     BSR             equ	8	;# 
  1439     0009                     WREG            equ	9	;# 
  1440     000A                     PCLATH          equ	10	;# 
  1441     000B                     INTCON          equ	11	;# 
  1442     000C                     PORTA           equ	12	;# 
  1443     0011                     PIR1            equ	17	;# 
  1444     0012                     PIR2            equ	18	;# 
  1445     0013                     PIR3            equ	19	;# 
  1446     0015                     TMR0            equ	21	;# 
  1447     0016                     TMR1            equ	22	;# 
  1448     0016                     TMR1L           equ	22	;# 
  1449     0017                     TMR1H           equ	23	;# 
  1450     0018                     T1CON           equ	24	;# 
  1451     0019                     T1GCON          equ	25	;# 
  1452     001A                     TMR2            equ	26	;# 
  1453     001B                     PR2             equ	27	;# 
  1454     001C                     T2CON           equ	28	;# 
  1455     008C                     TRISA           equ	140	;# 
  1456     0091                     PIE1            equ	145	;# 
  1457     0092                     PIE2            equ	146	;# 
  1458     0093                     PIE3            equ	147	;# 
  1459     0095                     OPTION_REG      equ	149	;# 
  1460     0096                     PCON            equ	150	;# 
  1461     0097                     WDTCON          equ	151	;# 
  1462     0098                     OSCTUNE         equ	152	;# 
  1463     0099                     OSCCON          equ	153	;# 
  1464     009A                     OSCSTAT         equ	154	;# 
  1465     009B                     ADRES           equ	155	;# 
  1466     009B                     ADRESL          equ	155	;# 
  1467     009C                     ADRESH          equ	156	;# 
  1468     009D                     ADCON0          equ	157	;# 
  1469     009E                     ADCON1          equ	158	;# 
  1470     009F                     ADCON2          equ	159	;# 
  1471     010C                     LATA            equ	268	;# 
  1472     0111                     CM1CON0         equ	273	;# 
  1473     0112                     CM1CON1         equ	274	;# 
  1474     0115                     CMOUT           equ	277	;# 
  1475     0116                     BORCON          equ	278	;# 
  1476     0117                     FVRCON          equ	279	;# 
  1477     0118                     DACCON0         equ	280	;# 
  1478     0119                     DACCON1         equ	281	;# 
  1479     011D                     APFCON          equ	285	;# 
  1480     011D                     APFCON0         equ	285	;# 
  1481     018C                     ANSELA          equ	396	;# 
  1482     0191                     PMADR           equ	401	;# 
  1483     0191                     PMADRL          equ	401	;# 
  1484     0192                     PMADRH          equ	402	;# 
  1485     0193                     PMDAT           equ	403	;# 
  1486     0193                     PMDATL          equ	403	;# 
  1487     0194                     PMDATH          equ	404	;# 
  1488     0195                     PMCON1          equ	405	;# 
  1489     0196                     PMCON2          equ	406	;# 
  1490     0197                     VREGCON         equ	407	;# 
  1491     0199                     RCREG           equ	409	;# 
  1492     019A                     TXREG           equ	410	;# 
  1493     019B                     SPBRG           equ	411	;# 
  1494     019B                     SPBRGL          equ	411	;# 
  1495     019C                     SPBRGH          equ	412	;# 
  1496     019D                     RCSTA           equ	413	;# 
  1497     019E                     TXSTA           equ	414	;# 
  1498     019F                     BAUDCON         equ	415	;# 
  1499     020C                     WPUA            equ	524	;# 
  1500     028C                     ODCONA          equ	652	;# 
  1501     030C                     SLRCONA         equ	780	;# 
  1502     038C                     INLVLA          equ	908	;# 
  1503     0391                     IOCAP           equ	913	;# 
  1504     0392                     IOCAN           equ	914	;# 
  1505     0393                     IOCAF           equ	915	;# 
  1506     0691                     CWG1DBR         equ	1681	;# 
  1507     0692                     CWG1DBF         equ	1682	;# 
  1508     0693                     CWG1CON0        equ	1683	;# 
  1509     0694                     CWG1CON1        equ	1684	;# 
  1510     0695                     CWG1CON2        equ	1685	;# 
  1511     0D8E                     PWMEN           equ	3470	;# 
  1512     0D8F                     PWMLD           equ	3471	;# 
  1513     0D90                     PWMOUT          equ	3472	;# 
  1514     0D91                     PWM1PH          equ	3473	;# 
  1515     0D91                     PWM1PHL         equ	3473	;# 
  1516     0D92                     PWM1PHH         equ	3474	;# 
  1517     0D93                     PWM1DC          equ	3475	;# 
  1518     0D93                     PWM1DCL         equ	3475	;# 
  1519     0D94                     PWM1DCH         equ	3476	;# 
  1520     0D95                     PWM1PR          equ	3477	;# 
  1521     0D95                     PWM1PRL         equ	3477	;# 
  1522     0D96                     PWM1PRH         equ	3478	;# 
  1523     0D97                     PWM1OF          equ	3479	;# 
  1524     0D97                     PWM1OFL         equ	3479	;# 
  1525     0D98                     PWM1OFH         equ	3480	;# 
  1526     0D99                     PWM1TMR         equ	3481	;# 
  1527     0D99                     PWM1TMRL        equ	3481	;# 
  1528     0D9A                     PWM1TMRH        equ	3482	;# 
  1529     0D9B                     PWM1CON         equ	3483	;# 
  1530     0D9C                     PWM1INTE        equ	3484	;# 
  1531     0D9C                     PWM1INTCON      equ	3484	;# 
  1532     0D9D                     PWM1INTF        equ	3485	;# 
  1533     0D9D                     PWM1INTFLG      equ	3485	;# 
  1534     0D9E                     PWM1CLKCON      equ	3486	;# 
  1535     0D9F                     PWM1LDCON       equ	3487	;# 
  1536     0DA0                     PWM1OFCON       equ	3488	;# 
  1537     0DA1                     PWM2PH          equ	3489	;# 
  1538     0DA1                     PWM2PHL         equ	3489	;# 
  1539     0DA2                     PWM2PHH         equ	3490	;# 
  1540     0DA3                     PWM2DC          equ	3491	;# 
  1541     0DA3                     PWM2DCL         equ	3491	;# 
  1542     0DA4                     PWM2DCH         equ	3492	;# 
  1543     0DA5                     PWM2PR          equ	3493	;# 
  1544     0DA5                     PWM2PRL         equ	3493	;# 
  1545     0DA6                     PWM2PRH         equ	3494	;# 
  1546     0DA7                     PWM2OF          equ	3495	;# 
  1547     0DA7                     PWM2OFL         equ	3495	;# 
  1548     0DA8                     PWM2OFH         equ	3496	;# 
  1549     0DA9                     PWM2TMR         equ	3497	;# 
  1550     0DA9                     PWM2TMRL        equ	3497	;# 
  1551     0DAA                     PWM2TMRH        equ	3498	;# 
  1552     0DAB                     PWM2CON         equ	3499	;# 
  1553     0DAC                     PWM2INTE        equ	3500	;# 
  1554     0DAC                     PWM2INTCON      equ	3500	;# 
  1555     0DAD                     PWM2INTF        equ	3501	;# 
  1556     0DAD                     PWM2INTFLG      equ	3501	;# 
  1557     0DAE                     PWM2CLKCON      equ	3502	;# 
  1558     0DAF                     PWM2LDCON       equ	3503	;# 
  1559     0DB0                     PWM2OFCON       equ	3504	;# 
  1560     0DB1                     PWM3PH          equ	3505	;# 
  1561     0DB1                     PWM3PHL         equ	3505	;# 
  1562     0DB2                     PWM3PHH         equ	3506	;# 
  1563     0DB3                     PWM3DC          equ	3507	;# 
  1564     0DB3                     PWM3DCL         equ	3507	;# 
  1565     0DB4                     PWM3DCH         equ	3508	;# 
  1566     0DB5                     PWM3PR          equ	3509	;# 
  1567     0DB5                     PWM3PRL         equ	3509	;# 
  1568     0DB6                     PWM3PRH         equ	3510	;# 
  1569     0DB7                     PWM3OF          equ	3511	;# 
  1570     0DB7                     PWM3OFL         equ	3511	;# 
  1571     0DB8                     PWM3OFH         equ	3512	;# 
  1572     0DB9                     PWM3TMR         equ	3513	;# 
  1573     0DB9                     PWM3TMRL        equ	3513	;# 
  1574     0DBA                     PWM3TMRH        equ	3514	;# 
  1575     0DBB                     PWM3CON         equ	3515	;# 
  1576     0DBC                     PWM3INTE        equ	3516	;# 
  1577     0DBC                     PWM3INTCON      equ	3516	;# 
  1578     0DBD                     PWM3INTF        equ	3517	;# 
  1579     0DBD                     PWM3INTFLG      equ	3517	;# 
  1580     0DBE                     PWM3CLKCON      equ	3518	;# 
  1581     0DBF                     PWM3LDCON       equ	3519	;# 
  1582     0DC0                     PWM3OFCON       equ	3520	;# 
  1583     0FE4                     STATUS_SHAD     equ	4068	;# 
  1584     0FE5                     WREG_SHAD       equ	4069	;# 
  1585     0FE6                     BSR_SHAD        equ	4070	;# 
  1586     0FE7                     PCLATH_SHAD     equ	4071	;# 
  1587     0FE8                     FSR0_SHAD       equ	4072	;# 
  1588     0FE8                     FSR0L_SHAD      equ	4072	;# 
  1589     0FE9                     FSR0H_SHAD      equ	4073	;# 
  1590     0FEA                     FSR1_SHAD       equ	4074	;# 
  1591     0FEA                     FSR1L_SHAD      equ	4074	;# 
  1592     0FEB                     FSR1H_SHAD      equ	4075	;# 
  1593     0FED                     STKPTR          equ	4077	;# 
  1594     0FEE                     TOS             equ	4078	;# 
  1595     0FEE                     TOSL            equ	4078	;# 
  1596     0FEF                     TOSH            equ	4079	;# 
  1597     0000                     INDF0           equ	0	;# 
  1598     0001                     INDF1           equ	1	;# 
  1599     0002                     PCL             equ	2	;# 
  1600     0003                     STATUS          equ	3	;# 
  1601     0004                     FSR0L           equ	4	;# 
  1602     0005                     FSR0H           equ	5	;# 
  1603     0006                     FSR1L           equ	6	;# 
  1604     0007                     FSR1H           equ	7	;# 
  1605     0008                     BSR             equ	8	;# 
  1606     0009                     WREG            equ	9	;# 
  1607     000A                     PCLATH          equ	10	;# 
  1608     000B                     INTCON          equ	11	;# 
  1609     000C                     PORTA           equ	12	;# 
  1610     0011                     PIR1            equ	17	;# 
  1611     0012                     PIR2            equ	18	;# 
  1612     0013                     PIR3            equ	19	;# 
  1613     0015                     TMR0            equ	21	;# 
  1614     0016                     TMR1            equ	22	;# 
  1615     0016                     TMR1L           equ	22	;# 
  1616     0017                     TMR1H           equ	23	;# 
  1617     0018                     T1CON           equ	24	;# 
  1618     0019                     T1GCON          equ	25	;# 
  1619     001A                     TMR2            equ	26	;# 
  1620     001B                     PR2             equ	27	;# 
  1621     001C                     T2CON           equ	28	;# 
  1622     008C                     TRISA           equ	140	;# 
  1623     0091                     PIE1            equ	145	;# 
  1624     0092                     PIE2            equ	146	;# 
  1625     0093                     PIE3            equ	147	;# 
  1626     0095                     OPTION_REG      equ	149	;# 
  1627     0096                     PCON            equ	150	;# 
  1628     0097                     WDTCON          equ	151	;# 
  1629     0098                     OSCTUNE         equ	152	;# 
  1630     0099                     OSCCON          equ	153	;# 
  1631     009A                     OSCSTAT         equ	154	;# 
  1632     009B                     ADRES           equ	155	;# 
  1633     009B                     ADRESL          equ	155	;# 
  1634     009C                     ADRESH          equ	156	;# 
  1635     009D                     ADCON0          equ	157	;# 
  1636     009E                     ADCON1          equ	158	;# 
  1637     009F                     ADCON2          equ	159	;# 
  1638     010C                     LATA            equ	268	;# 
  1639     0111                     CM1CON0         equ	273	;# 
  1640     0112                     CM1CON1         equ	274	;# 
  1641     0115                     CMOUT           equ	277	;# 
  1642     0116                     BORCON          equ	278	;# 
  1643     0117                     FVRCON          equ	279	;# 
  1644     0118                     DACCON0         equ	280	;# 
  1645     0119                     DACCON1         equ	281	;# 
  1646     011D                     APFCON          equ	285	;# 
  1647     011D                     APFCON0         equ	285	;# 
  1648     018C                     ANSELA          equ	396	;# 
  1649     0191                     PMADR           equ	401	;# 
  1650     0191                     PMADRL          equ	401	;# 
  1651     0192                     PMADRH          equ	402	;# 
  1652     0193                     PMDAT           equ	403	;# 
  1653     0193                     PMDATL          equ	403	;# 
  1654     0194                     PMDATH          equ	404	;# 
  1655     0195                     PMCON1          equ	405	;# 
  1656     0196                     PMCON2          equ	406	;# 
  1657     0197                     VREGCON         equ	407	;# 
  1658     0199                     RCREG           equ	409	;# 
  1659     019A                     TXREG           equ	410	;# 
  1660     019B                     SPBRG           equ	411	;# 
  1661     019B                     SPBRGL          equ	411	;# 
  1662     019C                     SPBRGH          equ	412	;# 
  1663     019D                     RCSTA           equ	413	;# 
  1664     019E                     TXSTA           equ	414	;# 
  1665     019F                     BAUDCON         equ	415	;# 
  1666     020C                     WPUA            equ	524	;# 
  1667     028C                     ODCONA          equ	652	;# 
  1668     030C                     SLRCONA         equ	780	;# 
  1669     038C                     INLVLA          equ	908	;# 
  1670     0391                     IOCAP           equ	913	;# 
  1671     0392                     IOCAN           equ	914	;# 
  1672     0393                     IOCAF           equ	915	;# 
  1673     0691                     CWG1DBR         equ	1681	;# 
  1674     0692                     CWG1DBF         equ	1682	;# 
  1675     0693                     CWG1CON0        equ	1683	;# 
  1676     0694                     CWG1CON1        equ	1684	;# 
  1677     0695                     CWG1CON2        equ	1685	;# 
  1678     0D8E                     PWMEN           equ	3470	;# 
  1679     0D8F                     PWMLD           equ	3471	;# 
  1680     0D90                     PWMOUT          equ	3472	;# 
  1681     0D91                     PWM1PH          equ	3473	;# 
  1682     0D91                     PWM1PHL         equ	3473	;# 
  1683     0D92                     PWM1PHH         equ	3474	;# 
  1684     0D93                     PWM1DC          equ	3475	;# 
  1685     0D93                     PWM1DCL         equ	3475	;# 
  1686     0D94                     PWM1DCH         equ	3476	;# 
  1687     0D95                     PWM1PR          equ	3477	;# 
  1688     0D95                     PWM1PRL         equ	3477	;# 
  1689     0D96                     PWM1PRH         equ	3478	;# 
  1690     0D97                     PWM1OF          equ	3479	;# 
  1691     0D97                     PWM1OFL         equ	3479	;# 
  1692     0D98                     PWM1OFH         equ	3480	;# 
  1693     0D99                     PWM1TMR         equ	3481	;# 
  1694     0D99                     PWM1TMRL        equ	3481	;# 
  1695     0D9A                     PWM1TMRH        equ	3482	;# 
  1696     0D9B                     PWM1CON         equ	3483	;# 
  1697     0D9C                     PWM1INTE        equ	3484	;# 
  1698     0D9C                     PWM1INTCON      equ	3484	;# 
  1699     0D9D                     PWM1INTF        equ	3485	;# 
  1700     0D9D                     PWM1INTFLG      equ	3485	;# 
  1701     0D9E                     PWM1CLKCON      equ	3486	;# 
  1702     0D9F                     PWM1LDCON       equ	3487	;# 
  1703     0DA0                     PWM1OFCON       equ	3488	;# 
  1704     0DA1                     PWM2PH          equ	3489	;# 
  1705     0DA1                     PWM2PHL         equ	3489	;# 
  1706     0DA2                     PWM2PHH         equ	3490	;# 
  1707     0DA3                     PWM2DC          equ	3491	;# 
  1708     0DA3                     PWM2DCL         equ	3491	;# 
  1709     0DA4                     PWM2DCH         equ	3492	;# 
  1710     0DA5                     PWM2PR          equ	3493	;# 
  1711     0DA5                     PWM2PRL         equ	3493	;# 
  1712     0DA6                     PWM2PRH         equ	3494	;# 
  1713     0DA7                     PWM2OF          equ	3495	;# 
  1714     0DA7                     PWM2OFL         equ	3495	;# 
  1715     0DA8                     PWM2OFH         equ	3496	;# 
  1716     0DA9                     PWM2TMR         equ	3497	;# 
  1717     0DA9                     PWM2TMRL        equ	3497	;# 
  1718     0DAA                     PWM2TMRH        equ	3498	;# 
  1719     0DAB                     PWM2CON         equ	3499	;# 
  1720     0DAC                     PWM2INTE        equ	3500	;# 
  1721     0DAC                     PWM2INTCON      equ	3500	;# 
  1722     0DAD                     PWM2INTF        equ	3501	;# 
  1723     0DAD                     PWM2INTFLG      equ	3501	;# 
  1724     0DAE                     PWM2CLKCON      equ	3502	;# 
  1725     0DAF                     PWM2LDCON       equ	3503	;# 
  1726     0DB0                     PWM2OFCON       equ	3504	;# 
  1727     0DB1                     PWM3PH          equ	3505	;# 
  1728     0DB1                     PWM3PHL         equ	3505	;# 
  1729     0DB2                     PWM3PHH         equ	3506	;# 
  1730     0DB3                     PWM3DC          equ	3507	;# 
  1731     0DB3                     PWM3DCL         equ	3507	;# 
  1732     0DB4                     PWM3DCH         equ	3508	;# 
  1733     0DB5                     PWM3PR          equ	3509	;# 
  1734     0DB5                     PWM3PRL         equ	3509	;# 
  1735     0DB6                     PWM3PRH         equ	3510	;# 
  1736     0DB7                     PWM3OF          equ	3511	;# 
  1737     0DB7                     PWM3OFL         equ	3511	;# 
  1738     0DB8                     PWM3OFH         equ	3512	;# 
  1739     0DB9                     PWM3TMR         equ	3513	;# 
  1740     0DB9                     PWM3TMRL        equ	3513	;# 
  1741     0DBA                     PWM3TMRH        equ	3514	;# 
  1742     0DBB                     PWM3CON         equ	3515	;# 
  1743     0DBC                     PWM3INTE        equ	3516	;# 
  1744     0DBC                     PWM3INTCON      equ	3516	;# 
  1745     0DBD                     PWM3INTF        equ	3517	;# 
  1746     0DBD                     PWM3INTFLG      equ	3517	;# 
  1747     0DBE                     PWM3CLKCON      equ	3518	;# 
  1748     0DBF                     PWM3LDCON       equ	3519	;# 
  1749     0DC0                     PWM3OFCON       equ	3520	;# 
  1750     0FE4                     STATUS_SHAD     equ	4068	;# 
  1751     0FE5                     WREG_SHAD       equ	4069	;# 
  1752     0FE6                     BSR_SHAD        equ	4070	;# 
  1753     0FE7                     PCLATH_SHAD     equ	4071	;# 
  1754     0FE8                     FSR0_SHAD       equ	4072	;# 
  1755     0FE8                     FSR0L_SHAD      equ	4072	;# 
  1756     0FE9                     FSR0H_SHAD      equ	4073	;# 
  1757     0FEA                     FSR1_SHAD       equ	4074	;# 
  1758     0FEA                     FSR1L_SHAD      equ	4074	;# 
  1759     0FEB                     FSR1H_SHAD      equ	4075	;# 
  1760     0FED                     STKPTR          equ	4077	;# 
  1761     0FEE                     TOS             equ	4078	;# 
  1762     0FEE                     TOSL            equ	4078	;# 
  1763     0FEF                     TOSH            equ	4079	;# 
  1764                           
  1765 ;; Function _EUSART_DefaultFramingErrorHandler is unused but had its address taken
  1766     0000                     _EUSART_DefaultFramingErrorHandler equ	0
  1767                           
  1768 ;; Function _EUSART_DefaultOverrunErrorHandler is unused but had its address taken
  1769     0000                     _EUSART_DefaultOverrunErrorHandler equ	0
  1770                           
  1771 ;; Function _EUSART_DefaultErrorHandler is unused but had its address taken
  1772     0000                     _EUSART_DefaultErrorHandler equ	0
  1773                           
  1774                           	psect	nvBANK0
  1775     0020                     __pnvBANK0:
  1776     0020                     _TMR1_InterruptHandler:
  1777     0020                     	ds	2
  1778     0022                     _EUSART_ErrorHandler:
  1779     0022                     	ds	2
  1780     0024                     _EUSART_OverrunErrorHandler:
  1781     0024                     	ds	2
  1782     0026                     _EUSART_FramingErrorHandler:
  1783     0026                     	ds	2
  1784     000B                     _INTCONbits     set	11
  1785     0019                     _T1GCONbits     set	25
  1786     0018                     _T1CONbits      set	24
  1787     0018                     _T1CON          set	24
  1788     0016                     _TMR1L          set	22
  1789     0017                     _TMR1H          set	23
  1790     0019                     _T1GCON         set	25
  1791     0011                     _PIR1bits       set	17
  1792     000C                     _PORTAbits      set	12
  1793     0091                     _PIE1bits       set	145
  1794     0097                     _WDTCON         set	151
  1795     0098                     _OSCTUNE        set	152
  1796     0099                     _OSCCON         set	153
  1797     009D                     _ADCON0bits     set	157
  1798     009D                     _ADCON0         set	157
  1799     009C                     _ADRESH         set	156
  1800     009B                     _ADRESL         set	155
  1801     009F                     _ADCON2         set	159
  1802     009E                     _ADCON1         set	158
  1803     0095                     _OPTION_REGbits set	149
  1804     008C                     _TRISA          set	140
  1805     008C                     _TRISAbits      set	140
  1806     0116                     _BORCON         set	278
  1807     011D                     _APFCON         set	285
  1808     010C                     _LATA           set	268
  1809     010C                     _LATAbits       set	268
  1810     019A                     _TXREG          set	410
  1811     0199                     _RCREG          set	409
  1812     019D                     _RCSTAbits      set	413
  1813     019E                     _TXSTAbits      set	414
  1814     019C                     _SPBRGH         set	412
  1815     019B                     _SPBRGL         set	411
  1816     019E                     _TXSTA          set	414
  1817     019D                     _RCSTA          set	413
  1818     019F                     _BAUDCON        set	415
  1819     018C                     _ANSELA         set	396
  1820     020C                     _WPUA           set	524
  1821     028C                     _ODCONA         set	652
  1822     028C                     _ODCONAbits     set	652
  1823     030C                     _SLRCONA        set	780
  1824     038C                     _INLVLA         set	908
  1825                           
  1826                           	psect	cinit
  1827     001A                     start_initialization:	
  1828                           ; #config settings
  1829                           
  1830     001A                     __initialization:
  1831                           
  1832                           ; Clear objects allocated to COMMON
  1833     001A  01F8               	clrf	__pbssCOMMON& (0+127)
  1834     001B  01F9               	clrf	(__pbssCOMMON+1)& (0+127)
  1835     001C  01FA               	clrf	(__pbssCOMMON+2)& (0+127)
  1836                           
  1837                           ; Clear objects allocated to BANK0
  1838     001D  0020               	movlb	0	; select bank0
  1839     001E  01AD               	clrf	__pbssBANK0& (0+127)
  1840     001F  01AE               	clrf	(__pbssBANK0+1)& (0+127)
  1841     0020  01AF               	clrf	(__pbssBANK0+2)& (0+127)
  1842     0021                     end_of_initialization:	
  1843                           ;End of C runtime variable initialization code
  1844                           
  1845     0021                     __end_of__initialization:
  1846     0021  107E               	bcf	int$flags,0	;clear compiler interrupt flag (level 1)
  1847     0022  0020               	movlb	0
  1848     0023  289E               	ljmp	_main	;jump to C main() function
  1849                           
  1850                           	psect	bssCOMMON
  1851     0078                     __pbssCOMMON:
  1852     0078                     _timer1ReloadVal:
  1853     0078                     	ds	2
  1854     007A                     _MotionPresent:
  1855     007A                     	ds	1
  1856                           
  1857                           	psect	bssBANK0
  1858     002D                     __pbssBANK0:
  1859     002D                     _ADC1_InterruptHandler:
  1860     002D                     	ds	2
  1861     002F                     _eusartRxLastError:
  1862     002F                     	ds	1
  1863                           
  1864                           	psect	cstackCOMMON
  1865     0070                     __pcstackCOMMON:
  1866     0070                     ?_TMR1_StopTimer:
  1867     0070                     ?_IsDarkCondition:	
  1868                           ; 1 bytes @ 0x0
  1869                           
  1870     0070                     ?_IsMotionDetected:	
  1871                           ; 1 bytes @ 0x0
  1872                           
  1873     0070                     ?_TMR1_StartTimer:	
  1874                           ; 1 bytes @ 0x0
  1875                           
  1876     0070                     ?_TMR1_Reload:	
  1877                           ; 1 bytes @ 0x0
  1878                           
  1879     0070                     ?_ADC1_SelectChannel:	
  1880                           ; 1 bytes @ 0x0
  1881                           
  1882     0070                     ?_ADC1_StartConversion:	
  1883                           ; 1 bytes @ 0x0
  1884                           
  1885     0070                     ?_ADC1_IsConversionDone:	
  1886                           ; 1 bytes @ 0x0
  1887                           
  1888     0070                     ?_OSCILLATOR_Initialize:	
  1889                           ; 1 bytes @ 0x0
  1890                           
  1891     0070                     ?_WDT_Initialize:	
  1892                           ; 1 bytes @ 0x0
  1893                           
  1894     0070                     ?_TMR1_Initialize:	
  1895                           ; 1 bytes @ 0x0
  1896                           
  1897     0070                     ?_EUSART_Initialize:	
  1898                           ; 1 bytes @ 0x0
  1899                           
  1900     0070                     ?_TMR1_DefaultInterruptHandler:	
  1901                           ; 1 bytes @ 0x0
  1902                           
  1903     0070                     ?_APP_Init:	
  1904                           ; 1 bytes @ 0x0
  1905                           
  1906     0070                     ?_APP_Task:	
  1907                           ; 1 bytes @ 0x0
  1908                           
  1909     0070                     ?_ReadPIR:	
  1910                           ; 1 bytes @ 0x0
  1911                           
  1912     0070                     ?_PIN_MANAGER_Initialize:	
  1913                           ; 1 bytes @ 0x0
  1914                           
  1915     0070                     ?_ADC1_Initialize:	
  1916                           ; 1 bytes @ 0x0
  1917                           
  1918     0070                     ?_SYSTEM_Initialize:	
  1919                           ; 1 bytes @ 0x0
  1920                           
  1921     0070                     ?_TMR1_ISR:	
  1922                           ; 1 bytes @ 0x0
  1923                           
  1924     0070                     ?_INTERRUPT_InterruptManager:	
  1925                           ; 1 bytes @ 0x0
  1926                           
  1927     0070                     ?_main:	
  1928                           ; 1 bytes @ 0x0
  1929                           
  1930     0070                     ?i1_TMR1_WriteTimer:	
  1931                           ; 1 bytes @ 0x0
  1932                           
  1933     0070                     i1TMR1_WriteTimer@timerVal:	
  1934                           ; 1 bytes @ 0x0
  1935                           
  1936     0070                     ??_TMR1_DefaultInterruptHandler:	
  1937                           ; 2 bytes @ 0x0
  1938                           
  1939                           
  1940                           ; 1 bytes @ 0x0
  1941     0070                     	ds	2
  1942     0072                     ?_EUSART_SetFramingErrorHandler:
  1943     0072                     ?_EUSART_SetOverrunErrorHandler:	
  1944                           ; 1 bytes @ 0x2
  1945                           
  1946     0072                     ?_EUSART_SetErrorHandler:	
  1947                           ; 1 bytes @ 0x2
  1948                           
  1949     0072                     ?_TMR1_SetInterruptHandler:	
  1950                           ; 1 bytes @ 0x2
  1951                           
  1952     0072                     ?_TMR1_WriteTimer:	
  1953                           ; 1 bytes @ 0x2
  1954                           
  1955     0072                     ?_ADC1_GetConversionResult:	
  1956                           ; 1 bytes @ 0x2
  1957                           
  1958     0072                     EUSART_SetFramingErrorHandler@interruptHandler:	
  1959                           ; 2 bytes @ 0x2
  1960                           
  1961     0072                     EUSART_SetOverrunErrorHandler@interruptHandler:	
  1962                           ; 2 bytes @ 0x2
  1963                           
  1964     0072                     EUSART_SetErrorHandler@interruptHandler:	
  1965                           ; 2 bytes @ 0x2
  1966                           
  1967     0072                     TMR1_WriteTimer@timerVal:	
  1968                           ; 2 bytes @ 0x2
  1969                           
  1970     0072                     TMR1_SetInterruptHandler@InterruptHandler:	
  1971                           ; 2 bytes @ 0x2
  1972                           
  1973     0072                     ??_TMR1_StopTimer:	
  1974                           ; 2 bytes @ 0x2
  1975                           
  1976     0072                     ??_IsMotionDetected:	
  1977                           ; 1 bytes @ 0x2
  1978                           
  1979     0072                     ??_TMR1_StartTimer:	
  1980                           ; 1 bytes @ 0x2
  1981                           
  1982     0072                     ??_ADC1_SelectChannel:	
  1983                           ; 1 bytes @ 0x2
  1984                           
  1985     0072                     ??_ADC1_StartConversion:	
  1986                           ; 1 bytes @ 0x2
  1987                           
  1988     0072                     ??_ADC1_IsConversionDone:	
  1989                           ; 1 bytes @ 0x2
  1990                           
  1991     0072                     ??_OSCILLATOR_Initialize:	
  1992                           ; 1 bytes @ 0x2
  1993                           
  1994     0072                     ??_WDT_Initialize:	
  1995                           ; 1 bytes @ 0x2
  1996                           
  1997     0072                     ??_APP_Init:	
  1998                           ; 1 bytes @ 0x2
  1999                           
  2000     0072                     ??_ReadPIR:	
  2001                           ; 1 bytes @ 0x2
  2002                           
  2003     0072                     ??_PIN_MANAGER_Initialize:	
  2004                           ; 1 bytes @ 0x2
  2005                           
  2006     0072                     ??_ADC1_Initialize:	
  2007                           ; 1 bytes @ 0x2
  2008                           
  2009     0072                     ??_TMR1_ISR:	
  2010                           ; 1 bytes @ 0x2
  2011                           
  2012     0072                     ??_INTERRUPT_InterruptManager:	
  2013                           ; 1 bytes @ 0x2
  2014                           
  2015     0072                     ??i1_TMR1_WriteTimer:	
  2016                           ; 1 bytes @ 0x2
  2017                           
  2018                           
  2019                           ; 1 bytes @ 0x2
  2020     0072                     	ds	1
  2021     0073                     ADC1_SelectChannel@channel:
  2022                           
  2023                           ; 1 bytes @ 0x3
  2024     0073                     	ds	1
  2025     0074                     ?_ReadLDR1:
  2026     0074                     ?_ReadLDR2:	
  2027                           ; 2 bytes @ 0x4
  2028                           
  2029     0074                     ??_TMR1_Reload:	
  2030                           ; 2 bytes @ 0x4
  2031                           
  2032     0074                     ??_ADC1_GetConversionResult:	
  2033                           ; 1 bytes @ 0x4
  2034                           
  2035     0074                     ??_TMR1_Initialize:	
  2036                           ; 1 bytes @ 0x4
  2037                           
  2038     0074                     ??_EUSART_Initialize:	
  2039                           ; 1 bytes @ 0x4
  2040                           
  2041     0074                     ??_EUSART_SetFramingErrorHandler:	
  2042                           ; 1 bytes @ 0x4
  2043                           
  2044     0074                     ??_EUSART_SetOverrunErrorHandler:	
  2045                           ; 1 bytes @ 0x4
  2046                           
  2047     0074                     ??_EUSART_SetErrorHandler:	
  2048                           ; 1 bytes @ 0x4
  2049                           
  2050     0074                     ??_TMR1_SetInterruptHandler:	
  2051                           ; 1 bytes @ 0x4
  2052                           
  2053     0074                     ??_SYSTEM_Initialize:	
  2054                           ; 1 bytes @ 0x4
  2055                           
  2056     0074                     ??_TMR1_WriteTimer:	
  2057                           ; 1 bytes @ 0x4
  2058                           
  2059                           
  2060                           ; 1 bytes @ 0x4
  2061     0074                     	ds	2
  2062     0076                     ??_IsDarkCondition:
  2063     0076                     ??_APP_Task:	
  2064                           ; 1 bytes @ 0x6
  2065                           
  2066     0076                     ??_ReadLDR1:	
  2067                           ; 1 bytes @ 0x6
  2068                           
  2069     0076                     ??_ReadLDR2:	
  2070                           ; 1 bytes @ 0x6
  2071                           
  2072     0076                     ??_main:	
  2073                           ; 1 bytes @ 0x6
  2074                           
  2075                           
  2076                           ; 1 bytes @ 0x6
  2077     0076                     	ds	2
  2078                           
  2079                           	psect	cstackBANK0
  2080     0028                     __pcstackBANK0:
  2081     0028                     IsDarkCondition@ldr1:
  2082                           
  2083                           ; 2 bytes @ 0x0
  2084     0028                     	ds	2
  2085     002A                     IsDarkCondition@ldr2:
  2086                           
  2087                           ; 2 bytes @ 0x2
  2088     002A                     	ds	2
  2089     002C                     _IsDarkCondition$742:
  2090                           
  2091                           ; 1 bytes @ 0x4
  2092     002C                     	ds	1
  2093                           
  2094                           	psect	maintext
  2095     009E                     __pmaintext:	
  2096 ;;
  2097 ;;Main: autosize = 0, tempsize = 2, incstack = 0, save=0
  2098 ;;
  2099 ;; *************** function _main *****************
  2100 ;; Defined at:
  2101 ;;		line 4 in file "main.c"
  2102 ;; Parameters:    Size  Location     Type
  2103 ;;		None
  2104 ;; Auto vars:     Size  Location     Type
  2105 ;;		None
  2106 ;; Return value:  Size  Location     Type
  2107 ;;                  1    wreg      void 
  2108 ;; Registers used:
  2109 ;;		wreg, status,2, status,0, pclath, cstack
  2110 ;; Tracked objects:
  2111 ;;		On entry : B1F/0
  2112 ;;		On exit  : 0/0
  2113 ;;		Unchanged: 0/0
  2114 ;; Data sizes:     COMMON   BANK0   BANK1   BANK2
  2115 ;;      Params:         0       0       0       0
  2116 ;;      Locals:         0       0       0       0
  2117 ;;      Temps:          2       0       0       0
  2118 ;;      Totals:         2       0       0       0
  2119 ;;Total ram usage:        2 bytes
  2120 ;; Hardware stack levels required when called: 7
  2121 ;; This function calls:
  2122 ;;		_APP_Init
  2123 ;;		_APP_Task
  2124 ;;		_SYSTEM_Initialize
  2125 ;; This function is called by:
  2126 ;;		Startup code after reset
  2127 ;; This function uses a non-reentrant model
  2128 ;;
  2129                           
  2130     009E                     _main:	
  2131                           ;psect for function _main
  2132                           
  2133     009E                     l1462:	
  2134                           ;incstack = 0
  2135                           ; Regs used in _main: [wreg+status,2+status,0+pclath+cstack]
  2136                           
  2137                           
  2138                           ;main.c: 6:     SYSTEM_Initialize();
  2139     009E  3181  213F  3180   	fcall	_SYSTEM_Initialize
  2140     00A1                     l1464:
  2141                           
  2142                           ;main.c: 7:     (INTCONbits.GIE = 1);
  2143     00A1  178B               	bsf	11,7	;volatile
  2144     00A2                     l1466:
  2145                           
  2146                           ;main.c: 8:     (INTCONbits.PEIE = 1);
  2147     00A2  170B               	bsf	11,6	;volatile
  2148     00A3                     l1468:
  2149                           
  2150                           ;main.c: 10:     APP_Init();
  2151     00A3  3181  212B  3180   	fcall	_APP_Init
  2152     00A6                     l1470:
  2153                           
  2154                           ;main.c: 13:         APP_Task();
  2155     00A6  3180  2024  3180   	fcall	_APP_Task
  2156     00A9                     l1472:
  2157                           
  2158                           ;main.c: 14:        _delay((unsigned long)((200)*(4000000/4000.0))); // Sampling interva
      +                          l
  2159     00A9  3002               	movlw	2
  2160     00AA  00F7               	movwf	??_main+1
  2161     00AB  3004               	movlw	4
  2162     00AC  00F6               	movwf	??_main
  2163     00AD  30BA               	movlw	186
  2164     00AE                     u467:
  2165     00AE  0B89               	decfsz	9,f
  2166     00AF  28AE               	goto	u467
  2167     00B0  0BF6               	decfsz	??_main,f
  2168     00B1  28AE               	goto	u467
  2169     00B2  0BF7               	decfsz	??_main+1,f
  2170     00B3  28AE               	goto	u467
  2171     00B4  3200               	nop2
  2172     00B5  28A6               	goto	l1470
  2173     00B6  2819               	ljmp	start
  2174     00B7                     __end_of_main:
  2175                           
  2176                           	psect	text1
  2177     013F                     __ptext1:	
  2178 ;; *************** function _SYSTEM_Initialize *****************
  2179 ;; Defined at:
  2180 ;;		line 50 in file "mcc_generated_files/mcc.c"
  2181 ;; Parameters:    Size  Location     Type
  2182 ;;		None
  2183 ;; Auto vars:     Size  Location     Type
  2184 ;;		None
  2185 ;; Return value:  Size  Location     Type
  2186 ;;                  1    wreg      void 
  2187 ;; Registers used:
  2188 ;;		wreg, status,2, status,0, pclath, cstack
  2189 ;; Tracked objects:
  2190 ;;		On entry : 0/0
  2191 ;;		On exit  : 0/0
  2192 ;;		Unchanged: 0/0
  2193 ;; Data sizes:     COMMON   BANK0   BANK1   BANK2
  2194 ;;      Params:         0       0       0       0
  2195 ;;      Locals:         0       0       0       0
  2196 ;;      Temps:          0       0       0       0
  2197 ;;      Totals:         0       0       0       0
  2198 ;;Total ram usage:        0 bytes
  2199 ;; Hardware stack levels used: 1
  2200 ;; Hardware stack levels required when called: 5
  2201 ;; This function calls:
  2202 ;;		_ADC1_Initialize
  2203 ;;		_EUSART_Initialize
  2204 ;;		_OSCILLATOR_Initialize
  2205 ;;		_PIN_MANAGER_Initialize
  2206 ;;		_TMR1_Initialize
  2207 ;;		_WDT_Initialize
  2208 ;; This function is called by:
  2209 ;;		_main
  2210 ;; This function uses a non-reentrant model
  2211 ;;
  2212                           
  2213     013F                     _SYSTEM_Initialize:	
  2214                           ;psect for function _SYSTEM_Initialize
  2215                           
  2216     013F                     l1340:	
  2217                           ;incstack = 0
  2218                           ; Regs used in _SYSTEM_Initialize: [wreg+status,2+status,0+pclath+cstack]
  2219                           
  2220                           
  2221                           ;mcc_generated_files/mcc.c: 53:     PIN_MANAGER_Initialize();
  2222     013F  3180  20CF  3181   	fcall	_PIN_MANAGER_Initialize
  2223                           
  2224                           ;mcc_generated_files/mcc.c: 54:     OSCILLATOR_Initialize();
  2225     0142  3181  2192  3181   	fcall	_OSCILLATOR_Initialize
  2226                           
  2227                           ;mcc_generated_files/mcc.c: 55:     WDT_Initialize();
  2228     0145  3181  21C3  3181   	fcall	_WDT_Initialize
  2229                           
  2230                           ;mcc_generated_files/mcc.c: 56:     ADC1_Initialize();
  2231     0148  3181  2181  3181   	fcall	_ADC1_Initialize
  2232     014B                     l1342:
  2233                           
  2234                           ;mcc_generated_files/mcc.c: 57:     TMR1_Initialize();
  2235     014B  3180  20B7  3181   	fcall	_TMR1_Initialize
  2236     014E                     l1344:
  2237                           
  2238                           ;mcc_generated_files/mcc.c: 58:     EUSART_Initialize();
  2239     014E  3180  207C  3181   	fcall	_EUSART_Initialize
  2240     0151                     l153:
  2241     0151  0008               	return
  2242     0152                     __end_of_SYSTEM_Initialize:
  2243                           
  2244                           	psect	text2
  2245     01C3                     __ptext2:	
  2246 ;; *************** function _WDT_Initialize *****************
  2247 ;; Defined at:
  2248 ;;		line 71 in file "mcc_generated_files/mcc.c"
  2249 ;; Parameters:    Size  Location     Type
  2250 ;;		None
  2251 ;; Auto vars:     Size  Location     Type
  2252 ;;		None
  2253 ;; Return value:  Size  Location     Type
  2254 ;;                  1    wreg      void 
  2255 ;; Registers used:
  2256 ;;		None
  2257 ;; Tracked objects:
  2258 ;;		On entry : 0/0
  2259 ;;		On exit  : 0/0
  2260 ;;		Unchanged: 0/0
  2261 ;; Data sizes:     COMMON   BANK0   BANK1   BANK2
  2262 ;;      Params:         0       0       0       0
  2263 ;;      Locals:         0       0       0       0
  2264 ;;      Temps:          0       0       0       0
  2265 ;;      Totals:         0       0       0       0
  2266 ;;Total ram usage:        0 bytes
  2267 ;; Hardware stack levels used: 1
  2268 ;; Hardware stack levels required when called: 3
  2269 ;; This function calls:
  2270 ;;		Nothing
  2271 ;; This function is called by:
  2272 ;;		_SYSTEM_Initialize
  2273 ;; This function uses a non-reentrant model
  2274 ;;
  2275                           
  2276     01C3                     _WDT_Initialize:	
  2277                           ;psect for function _WDT_Initialize
  2278                           
  2279     01C3                     l1008:	
  2280                           ;incstack = 0
  2281                           ; Regs used in _WDT_Initialize: []
  2282                           
  2283                           
  2284                           ;mcc_generated_files/mcc.c: 74:     WDTCON = 0x16;
  2285     01C3  3016               	movlw	22
  2286     01C4  0021               	movlb	1	; select bank1
  2287     01C5  0097               	movwf	23	;volatile
  2288     01C6                     l159:
  2289     01C6  0008               	return
  2290     01C7                     __end_of_WDT_Initialize:
  2291                           
  2292                           	psect	text3
  2293     00B7                     __ptext3:	
  2294 ;; *************** function _TMR1_Initialize *****************
  2295 ;; Defined at:
  2296 ;;		line 65 in file "mcc_generated_files/tmr1.c"
  2297 ;; Parameters:    Size  Location     Type
  2298 ;;		None
  2299 ;; Auto vars:     Size  Location     Type
  2300 ;;		None
  2301 ;; Return value:  Size  Location     Type
  2302 ;;                  1    wreg      void 
  2303 ;; Registers used:
  2304 ;;		wreg, status,2, status,0, pclath, cstack
  2305 ;; Tracked objects:
  2306 ;;		On entry : 0/0
  2307 ;;		On exit  : 0/0
  2308 ;;		Unchanged: 0/0
  2309 ;; Data sizes:     COMMON   BANK0   BANK1   BANK2
  2310 ;;      Params:         0       0       0       0
  2311 ;;      Locals:         0       0       0       0
  2312 ;;      Temps:          0       0       0       0
  2313 ;;      Totals:         0       0       0       0
  2314 ;;Total ram usage:        0 bytes
  2315 ;; Hardware stack levels used: 1
  2316 ;; Hardware stack levels required when called: 4
  2317 ;; This function calls:
  2318 ;;		_TMR1_SetInterruptHandler
  2319 ;; This function is called by:
  2320 ;;		_SYSTEM_Initialize
  2321 ;; This function uses a non-reentrant model
  2322 ;;
  2323                           
  2324     00B7                     _TMR1_Initialize:	
  2325                           ;psect for function _TMR1_Initialize
  2326                           
  2327     00B7                     l1268:	
  2328                           ;incstack = 0
  2329                           ; Regs used in _TMR1_Initialize: [wreg+status,2+status,0+pclath+cstack]
  2330                           
  2331                           
  2332                           ;mcc_generated_files/tmr1.c: 70:     T1GCON = 0x00;
  2333     00B7  0020               	movlb	0	; select bank0
  2334     00B8  0199               	clrf	25	;volatile
  2335     00B9                     l1270:
  2336                           
  2337                           ;mcc_generated_files/tmr1.c: 73:     TMR1H = 0xF8;
  2338     00B9  30F8               	movlw	248
  2339     00BA  0097               	movwf	23	;volatile
  2340     00BB                     l1272:
  2341                           
  2342                           ;mcc_generated_files/tmr1.c: 76:     TMR1L = 0x6E;
  2343     00BB  306E               	movlw	110
  2344     00BC  0096               	movwf	22	;volatile
  2345     00BD                     l1274:
  2346                           
  2347                           ;mcc_generated_files/tmr1.c: 79:     PIR1bits.TMR1IF = 0;
  2348     00BD  1011               	bcf	17,0	;volatile
  2349     00BE                     l1276:
  2350                           
  2351                           ;mcc_generated_files/tmr1.c: 82:     timer1ReloadVal=(uint16_t)((TMR1H << 8) | TMR1L);
  2352     00BE  0817               	movf	23,w	;volatile
  2353     00BF  00F9               	movwf	_timer1ReloadVal+1	;volatile
  2354     00C0  0816               	movf	22,w	;volatile
  2355     00C1  00F8               	movwf	_timer1ReloadVal	;volatile
  2356     00C2                     l1278:
  2357                           
  2358                           ;mcc_generated_files/tmr1.c: 85:     PIE1bits.TMR1IE = 1;
  2359     00C2  0021               	movlb	1	; select bank1
  2360     00C3  1411               	bsf	17,0	;volatile
  2361     00C4                     l1280:
  2362                           
  2363                           ;mcc_generated_files/tmr1.c: 88:     TMR1_SetInterruptHandler(TMR1_DefaultInterruptHandl
      +                          er);
  2364     00C4  30D4               	movlw	low _TMR1_DefaultInterruptHandler
  2365     00C5  00F2               	movwf	TMR1_SetInterruptHandler@InterruptHandler
  2366     00C6  3001               	movlw	high _TMR1_DefaultInterruptHandler
  2367     00C7  00F3               	movwf	TMR1_SetInterruptHandler@InterruptHandler+1
  2368     00C8  3181  21A0  3180   	fcall	_TMR1_SetInterruptHandler
  2369     00CB                     l1282:
  2370                           
  2371                           ;mcc_generated_files/tmr1.c: 91:     T1CON = 0xF1;
  2372     00CB  30F1               	movlw	241
  2373     00CC  0020               	movlb	0	; select bank0
  2374     00CD  0098               	movwf	24	;volatile
  2375     00CE                     l276:
  2376     00CE  0008               	return
  2377     00CF                     __end_of_TMR1_Initialize:
  2378                           
  2379                           	psect	text4
  2380     01A0                     __ptext4:	
  2381 ;; *************** function _TMR1_SetInterruptHandler *****************
  2382 ;; Defined at:
  2383 ;;		line 172 in file "mcc_generated_files/tmr1.c"
  2384 ;; Parameters:    Size  Location     Type
  2385 ;;  InterruptHan    2    2[COMMON] PTR FTN()void 
  2386 ;;		 -> TMR1_DefaultInterruptHandler(1), 
  2387 ;; Auto vars:     Size  Location     Type
  2388 ;;		None
  2389 ;; Return value:  Size  Location     Type
  2390 ;;                  1    wreg      void 
  2391 ;; Registers used:
  2392 ;;		wreg
  2393 ;; Tracked objects:
  2394 ;;		On entry : 0/0
  2395 ;;		On exit  : 0/0
  2396 ;;		Unchanged: 0/0
  2397 ;; Data sizes:     COMMON   BANK0   BANK1   BANK2
  2398 ;;      Params:         2       0       0       0
  2399 ;;      Locals:         0       0       0       0
  2400 ;;      Temps:          0       0       0       0
  2401 ;;      Totals:         2       0       0       0
  2402 ;;Total ram usage:        2 bytes
  2403 ;; Hardware stack levels used: 1
  2404 ;; Hardware stack levels required when called: 3
  2405 ;; This function calls:
  2406 ;;		Nothing
  2407 ;; This function is called by:
  2408 ;;		_TMR1_Initialize
  2409 ;; This function uses a non-reentrant model
  2410 ;;
  2411                           
  2412     01A0                     _TMR1_SetInterruptHandler:	
  2413                           ;psect for function _TMR1_SetInterruptHandler
  2414                           
  2415     01A0                     l1236:	
  2416                           ;incstack = 0
  2417                           ; Regs used in _TMR1_SetInterruptHandler: [wreg]
  2418                           
  2419                           
  2420                           ;mcc_generated_files/tmr1.c: 173:     TMR1_InterruptHandler = InterruptHandler;
  2421     01A0  0873               	movf	TMR1_SetInterruptHandler@InterruptHandler+1,w
  2422     01A1  0020               	movlb	0	; select bank0
  2423     01A2  00A1               	movwf	_TMR1_InterruptHandler+1
  2424     01A3  0872               	movf	TMR1_SetInterruptHandler@InterruptHandler,w
  2425     01A4  00A0               	movwf	_TMR1_InterruptHandler
  2426     01A5                     l306:
  2427     01A5  0008               	return
  2428     01A6                     __end_of_TMR1_SetInterruptHandler:
  2429                           
  2430                           	psect	text5
  2431     00CF                     __ptext5:	
  2432 ;; *************** function _PIN_MANAGER_Initialize *****************
  2433 ;; Defined at:
  2434 ;;		line 55 in file "mcc_generated_files/pin_manager.c"
  2435 ;; Parameters:    Size  Location     Type
  2436 ;;		None
  2437 ;; Auto vars:     Size  Location     Type
  2438 ;;		None
  2439 ;; Return value:  Size  Location     Type
  2440 ;;                  1    wreg      void 
  2441 ;; Registers used:
  2442 ;;		status,2
  2443 ;; Tracked objects:
  2444 ;;		On entry : 0/0
  2445 ;;		On exit  : 0/0
  2446 ;;		Unchanged: 0/0
  2447 ;; Data sizes:     COMMON   BANK0   BANK1   BANK2
  2448 ;;      Params:         0       0       0       0
  2449 ;;      Locals:         0       0       0       0
  2450 ;;      Temps:          0       0       0       0
  2451 ;;      Totals:         0       0       0       0
  2452 ;;Total ram usage:        0 bytes
  2453 ;; Hardware stack levels used: 1
  2454 ;; Hardware stack levels required when called: 3
  2455 ;; This function calls:
  2456 ;;		Nothing
  2457 ;; This function is called by:
  2458 ;;		_SYSTEM_Initialize
  2459 ;; This function uses a non-reentrant model
  2460 ;;
  2461                           
  2462     00CF                     _PIN_MANAGER_Initialize:	
  2463                           ;psect for function _PIN_MANAGER_Initialize
  2464                           
  2465     00CF                     l984:	
  2466                           ;incstack = 0
  2467                           ; Regs used in _PIN_MANAGER_Initialize: [status,2]
  2468                           
  2469                           
  2470                           ;mcc_generated_files/pin_manager.c: 60:     LATA = 0x00;
  2471     00CF  0022               	movlb	2	; select bank2
  2472     00D0  018C               	clrf	12	;volatile
  2473     00D1                     l986:
  2474                           
  2475                           ;mcc_generated_files/pin_manager.c: 65:     TRISA = 0x1F;
  2476     00D1  301F               	movlw	31
  2477     00D2  0021               	movlb	1	; select bank1
  2478     00D3  008C               	movwf	12	;volatile
  2479     00D4                     l988:
  2480                           
  2481                           ;mcc_generated_files/pin_manager.c: 70:     ANSELA = 0x03;
  2482     00D4  3003               	movlw	3
  2483     00D5  0023               	movlb	3	; select bank3
  2484     00D6  008C               	movwf	12	;volatile
  2485                           
  2486                           ;mcc_generated_files/pin_manager.c: 75:     WPUA = 0x00;
  2487     00D7  0024               	movlb	4	; select bank4
  2488     00D8  018C               	clrf	12	;volatile
  2489     00D9                     l990:
  2490                           
  2491                           ;mcc_generated_files/pin_manager.c: 76:     OPTION_REGbits.nWPUEN = 1;
  2492     00D9  0021               	movlb	1	; select bank1
  2493     00DA  1795               	bsf	21,7	;volatile
  2494                           
  2495                           ;mcc_generated_files/pin_manager.c: 81:     ODCONA = 0x00;
  2496     00DB  0025               	movlb	5	; select bank5
  2497     00DC  018C               	clrf	12	;volatile
  2498     00DD                     l992:
  2499                           
  2500                           ;mcc_generated_files/pin_manager.c: 86:     SLRCONA = 0x37;
  2501     00DD  3037               	movlw	55
  2502     00DE  0026               	movlb	6	; select bank6
  2503     00DF  008C               	movwf	12	;volatile
  2504     00E0                     l994:
  2505                           
  2506                           ;mcc_generated_files/pin_manager.c: 91:     INLVLA = 0x3F;
  2507     00E0  303F               	movlw	63
  2508     00E1  0027               	movlb	7	; select bank7
  2509     00E2  008C               	movwf	12	;volatile
  2510     00E3                     l996:
  2511                           
  2512                           ;mcc_generated_files/pin_manager.c: 96:     APFCON = 0x04;
  2513     00E3  3004               	movlw	4
  2514     00E4  0022               	movlb	2	; select bank2
  2515     00E5  009D               	movwf	29	;volatile
  2516     00E6                     l87:
  2517     00E6  0008               	return
  2518     00E7                     __end_of_PIN_MANAGER_Initialize:
  2519                           
  2520                           	psect	text6
  2521     0192                     __ptext6:	
  2522 ;; *************** function _OSCILLATOR_Initialize *****************
  2523 ;; Defined at:
  2524 ;;		line 61 in file "mcc_generated_files/mcc.c"
  2525 ;; Parameters:    Size  Location     Type
  2526 ;;		None
  2527 ;; Auto vars:     Size  Location     Type
  2528 ;;		None
  2529 ;; Return value:  Size  Location     Type
  2530 ;;                  1    wreg      void 
  2531 ;; Registers used:
  2532 ;;		status,2
  2533 ;; Tracked objects:
  2534 ;;		On entry : 0/0
  2535 ;;		On exit  : 0/0
  2536 ;;		Unchanged: 0/0
  2537 ;; Data sizes:     COMMON   BANK0   BANK1   BANK2
  2538 ;;      Params:         0       0       0       0
  2539 ;;      Locals:         0       0       0       0
  2540 ;;      Temps:          0       0       0       0
  2541 ;;      Totals:         0       0       0       0
  2542 ;;Total ram usage:        0 bytes
  2543 ;; Hardware stack levels used: 1
  2544 ;; Hardware stack levels required when called: 3
  2545 ;; This function calls:
  2546 ;;		Nothing
  2547 ;; This function is called by:
  2548 ;;		_SYSTEM_Initialize
  2549 ;; This function uses a non-reentrant model
  2550 ;;
  2551                           
  2552     0192                     _OSCILLATOR_Initialize:	
  2553                           ;psect for function _OSCILLATOR_Initialize
  2554                           
  2555     0192                     l1004:	
  2556                           ;incstack = 0
  2557                           ; Regs used in _OSCILLATOR_Initialize: [status,2]
  2558                           
  2559                           
  2560                           ;mcc_generated_files/mcc.c: 64:     OSCCON = 0x68;
  2561     0192  3068               	movlw	104
  2562     0193  0021               	movlb	1	; select bank1
  2563     0194  0099               	movwf	25	;volatile
  2564     0195                     l1006:
  2565                           
  2566                           ;mcc_generated_files/mcc.c: 66:     OSCTUNE = 0x00;
  2567     0195  0198               	clrf	24	;volatile
  2568                           
  2569                           ;mcc_generated_files/mcc.c: 68:     BORCON = 0x00;
  2570     0196  0022               	movlb	2	; select bank2
  2571     0197  0196               	clrf	22	;volatile
  2572     0198                     l156:
  2573     0198  0008               	return
  2574     0199                     __end_of_OSCILLATOR_Initialize:
  2575                           
  2576                           	psect	text7
  2577     007C                     __ptext7:	
  2578 ;; *************** function _EUSART_Initialize *****************
  2579 ;; Defined at:
  2580 ;;		line 66 in file "mcc_generated_files/eusart.c"
  2581 ;; Parameters:    Size  Location     Type
  2582 ;;		None
  2583 ;; Auto vars:     Size  Location     Type
  2584 ;;		None
  2585 ;; Return value:  Size  Location     Type
  2586 ;;                  1    wreg      void 
  2587 ;; Registers used:
  2588 ;;		wreg, status,2, status,0, pclath, cstack
  2589 ;; Tracked objects:
  2590 ;;		On entry : 0/0
  2591 ;;		On exit  : 0/0
  2592 ;;		Unchanged: 0/0
  2593 ;; Data sizes:     COMMON   BANK0   BANK1   BANK2
  2594 ;;      Params:         0       0       0       0
  2595 ;;      Locals:         0       0       0       0
  2596 ;;      Temps:          0       0       0       0
  2597 ;;      Totals:         0       0       0       0
  2598 ;;Total ram usage:        0 bytes
  2599 ;; Hardware stack levels used: 1
  2600 ;; Hardware stack levels required when called: 4
  2601 ;; This function calls:
  2602 ;;		_EUSART_SetErrorHandler
  2603 ;;		_EUSART_SetFramingErrorHandler
  2604 ;;		_EUSART_SetOverrunErrorHandler
  2605 ;; This function is called by:
  2606 ;;		_SYSTEM_Initialize
  2607 ;; This function uses a non-reentrant model
  2608 ;;
  2609                           
  2610     007C                     _EUSART_Initialize:	
  2611                           ;psect for function _EUSART_Initialize
  2612                           
  2613     007C                     l1284:	
  2614                           ;incstack = 0
  2615                           ; Regs used in _EUSART_Initialize: [wreg+status,2+status,0+pclath+cstack]
  2616                           
  2617                           
  2618                           ;mcc_generated_files/eusart.c: 71:     BAUDCON = 0x08;
  2619     007C  3008               	movlw	8
  2620     007D  0023               	movlb	3	; select bank3
  2621     007E  009F               	movwf	31	;volatile
  2622                           
  2623                           ;mcc_generated_files/eusart.c: 74:     RCSTA = 0x80;
  2624     007F  3080               	movlw	128
  2625     0080  009D               	movwf	29	;volatile
  2626                           
  2627                           ;mcc_generated_files/eusart.c: 77:     TXSTA = 0x24;
  2628     0081  3024               	movlw	36
  2629     0082  009E               	movwf	30	;volatile
  2630                           
  2631                           ;mcc_generated_files/eusart.c: 80:     SPBRGL = 0x67;
  2632     0083  3067               	movlw	103
  2633     0084  009B               	movwf	27	;volatile
  2634     0085                     l1286:
  2635                           
  2636                           ;mcc_generated_files/eusart.c: 83:     SPBRGH = 0x00;
  2637     0085  019C               	clrf	28	;volatile
  2638     0086                     l1288:
  2639                           
  2640                           ;mcc_generated_files/eusart.c: 86:     EUSART_SetFramingErrorHandler(EUSART_DefaultFrami
      +                          ngErrorHandler);
  2641     0086  3000               	movlw	0
  2642     0087  00F2               	movwf	EUSART_SetFramingErrorHandler@interruptHandler
  2643     0088  3000               	movlw	0
  2644     0089  00F3               	movwf	EUSART_SetFramingErrorHandler@interruptHandler+1
  2645     008A  3181  21AC  3180   	fcall	_EUSART_SetFramingErrorHandler
  2646     008D                     l1290:
  2647                           
  2648                           ;mcc_generated_files/eusart.c: 87:     EUSART_SetOverrunErrorHandler(EUSART_DefaultOverr
      +                          unErrorHandler);
  2649     008D  3000               	movlw	0
  2650     008E  00F2               	movwf	EUSART_SetOverrunErrorHandler@interruptHandler
  2651     008F  3000               	movlw	0
  2652     0090  00F3               	movwf	EUSART_SetOverrunErrorHandler@interruptHandler+1
  2653     0091  3181  21A6  3180   	fcall	_EUSART_SetOverrunErrorHandler
  2654     0094                     l1292:
  2655                           
  2656                           ;mcc_generated_files/eusart.c: 88:     EUSART_SetErrorHandler(EUSART_DefaultErrorHandler
      +                          );
  2657     0094  3000               	movlw	0
  2658     0095  00F2               	movwf	EUSART_SetErrorHandler@interruptHandler
  2659     0096  3000               	movlw	0
  2660     0097  00F3               	movwf	EUSART_SetErrorHandler@interruptHandler+1
  2661     0098  3181  21B2  3180   	fcall	_EUSART_SetErrorHandler
  2662     009B                     l1294:
  2663                           
  2664                           ;mcc_generated_files/eusart.c: 90:     eusartRxLastError.status = 0;
  2665     009B  0020               	movlb	0	; select bank0
  2666     009C  01AF               	clrf	_eusartRxLastError	;volatile
  2667     009D                     l202:
  2668     009D  0008               	return
  2669     009E                     __end_of_EUSART_Initialize:
  2670                           
  2671                           	psect	text8
  2672     01A6                     __ptext8:	
  2673 ;; *************** function _EUSART_SetOverrunErrorHandler *****************
  2674 ;; Defined at:
  2675 ;;		line 161 in file "mcc_generated_files/eusart.c"
  2676 ;; Parameters:    Size  Location     Type
  2677 ;;  interruptHan    2    2[COMMON] PTR FTN()void 
  2678 ;;		 -> EUSART_DefaultOverrunErrorHandler(1), 
  2679 ;; Auto vars:     Size  Location     Type
  2680 ;;		None
  2681 ;; Return value:  Size  Location     Type
  2682 ;;                  1    wreg      void 
  2683 ;; Registers used:
  2684 ;;		wreg
  2685 ;; Tracked objects:
  2686 ;;		On entry : 0/0
  2687 ;;		On exit  : 0/0
  2688 ;;		Unchanged: 0/0
  2689 ;; Data sizes:     COMMON   BANK0   BANK1   BANK2
  2690 ;;      Params:         2       0       0       0
  2691 ;;      Locals:         0       0       0       0
  2692 ;;      Temps:          0       0       0       0
  2693 ;;      Totals:         2       0       0       0
  2694 ;;Total ram usage:        2 bytes
  2695 ;; Hardware stack levels used: 1
  2696 ;; Hardware stack levels required when called: 3
  2697 ;; This function calls:
  2698 ;;		Nothing
  2699 ;; This function is called by:
  2700 ;;		_EUSART_Initialize
  2701 ;; This function uses a non-reentrant model
  2702 ;;
  2703                           
  2704     01A6                     _EUSART_SetOverrunErrorHandler:	
  2705                           ;psect for function _EUSART_SetOverrunErrorHandler
  2706                           
  2707     01A6                     l1232:	
  2708                           ;incstack = 0
  2709                           ; Regs used in _EUSART_SetOverrunErrorHandler: [wreg]
  2710                           
  2711                           
  2712                           ;mcc_generated_files/eusart.c: 162:     EUSART_OverrunErrorHandler = interruptHandler;
  2713     01A6  0873               	movf	EUSART_SetOverrunErrorHandler@interruptHandler+1,w
  2714     01A7  0020               	movlb	0	; select bank0
  2715     01A8  00A5               	movwf	_EUSART_OverrunErrorHandler+1
  2716     01A9  0872               	movf	EUSART_SetOverrunErrorHandler@interruptHandler,w
  2717     01AA  00A4               	movwf	_EUSART_OverrunErrorHandler
  2718     01AB                     l244:
  2719     01AB  0008               	return
  2720     01AC                     __end_of_EUSART_SetOverrunErrorHandler:
  2721                           
  2722                           	psect	text9
  2723     01AC                     __ptext9:	
  2724 ;; *************** function _EUSART_SetFramingErrorHandler *****************
  2725 ;; Defined at:
  2726 ;;		line 157 in file "mcc_generated_files/eusart.c"
  2727 ;; Parameters:    Size  Location     Type
  2728 ;;  interruptHan    2    2[COMMON] PTR FTN()void 
  2729 ;;		 -> EUSART_DefaultFramingErrorHandler(1), 
  2730 ;; Auto vars:     Size  Location     Type
  2731 ;;		None
  2732 ;; Return value:  Size  Location     Type
  2733 ;;                  1    wreg      void 
  2734 ;; Registers used:
  2735 ;;		wreg
  2736 ;; Tracked objects:
  2737 ;;		On entry : 0/0
  2738 ;;		On exit  : 0/0
  2739 ;;		Unchanged: 0/0
  2740 ;; Data sizes:     COMMON   BANK0   BANK1   BANK2
  2741 ;;      Params:         2       0       0       0
  2742 ;;      Locals:         0       0       0       0
  2743 ;;      Temps:          0       0       0       0
  2744 ;;      Totals:         2       0       0       0
  2745 ;;Total ram usage:        2 bytes
  2746 ;; Hardware stack levels used: 1
  2747 ;; Hardware stack levels required when called: 3
  2748 ;; This function calls:
  2749 ;;		Nothing
  2750 ;; This function is called by:
  2751 ;;		_EUSART_Initialize
  2752 ;; This function uses a non-reentrant model
  2753 ;;
  2754                           
  2755     01AC                     _EUSART_SetFramingErrorHandler:	
  2756                           ;psect for function _EUSART_SetFramingErrorHandler
  2757                           
  2758     01AC                     l1230:	
  2759                           ;incstack = 0
  2760                           ; Regs used in _EUSART_SetFramingErrorHandler: [wreg]
  2761                           
  2762                           
  2763                           ;mcc_generated_files/eusart.c: 158:     EUSART_FramingErrorHandler = interruptHandler;
  2764     01AC  0873               	movf	EUSART_SetFramingErrorHandler@interruptHandler+1,w
  2765     01AD  0020               	movlb	0	; select bank0
  2766     01AE  00A7               	movwf	_EUSART_FramingErrorHandler+1
  2767     01AF  0872               	movf	EUSART_SetFramingErrorHandler@interruptHandler,w
  2768     01B0  00A6               	movwf	_EUSART_FramingErrorHandler
  2769     01B1                     l241:
  2770     01B1  0008               	return
  2771     01B2                     __end_of_EUSART_SetFramingErrorHandler:
  2772                           
  2773                           	psect	text10
  2774     01B2                     __ptext10:	
  2775 ;; *************** function _EUSART_SetErrorHandler *****************
  2776 ;; Defined at:
  2777 ;;		line 165 in file "mcc_generated_files/eusart.c"
  2778 ;; Parameters:    Size  Location     Type
  2779 ;;  interruptHan    2    2[COMMON] PTR FTN()void 
  2780 ;;		 -> EUSART_DefaultErrorHandler(1), 
  2781 ;; Auto vars:     Size  Location     Type
  2782 ;;		None
  2783 ;; Return value:  Size  Location     Type
  2784 ;;                  1    wreg      void 
  2785 ;; Registers used:
  2786 ;;		wreg
  2787 ;; Tracked objects:
  2788 ;;		On entry : 0/0
  2789 ;;		On exit  : 0/0
  2790 ;;		Unchanged: 0/0
  2791 ;; Data sizes:     COMMON   BANK0   BANK1   BANK2
  2792 ;;      Params:         2       0       0       0
  2793 ;;      Locals:         0       0       0       0
  2794 ;;      Temps:          0       0       0       0
  2795 ;;      Totals:         2       0       0       0
  2796 ;;Total ram usage:        2 bytes
  2797 ;; Hardware stack levels used: 1
  2798 ;; Hardware stack levels required when called: 3
  2799 ;; This function calls:
  2800 ;;		Nothing
  2801 ;; This function is called by:
  2802 ;;		_EUSART_Initialize
  2803 ;; This function uses a non-reentrant model
  2804 ;;
  2805                           
  2806     01B2                     _EUSART_SetErrorHandler:	
  2807                           ;psect for function _EUSART_SetErrorHandler
  2808                           
  2809     01B2                     l1234:	
  2810                           ;incstack = 0
  2811                           ; Regs used in _EUSART_SetErrorHandler: [wreg]
  2812                           
  2813                           
  2814                           ;mcc_generated_files/eusart.c: 166:     EUSART_ErrorHandler = interruptHandler;
  2815     01B2  0873               	movf	EUSART_SetErrorHandler@interruptHandler+1,w
  2816     01B3  0020               	movlb	0	; select bank0
  2817     01B4  00A3               	movwf	_EUSART_ErrorHandler+1
  2818     01B5  0872               	movf	EUSART_SetErrorHandler@interruptHandler,w
  2819     01B6  00A2               	movwf	_EUSART_ErrorHandler
  2820     01B7                     l247:
  2821     01B7  0008               	return
  2822     01B8                     __end_of_EUSART_SetErrorHandler:
  2823                           
  2824                           	psect	text11
  2825     0181                     __ptext11:	
  2826 ;; *************** function _ADC1_Initialize *****************
  2827 ;; Defined at:
  2828 ;;		line 67 in file "mcc_generated_files/adc1.c"
  2829 ;; Parameters:    Size  Location     Type
  2830 ;;		None
  2831 ;; Auto vars:     Size  Location     Type
  2832 ;;		None
  2833 ;; Return value:  Size  Location     Type
  2834 ;;                  1    wreg      void 
  2835 ;; Registers used:
  2836 ;;		status,2
  2837 ;; Tracked objects:
  2838 ;;		On entry : 0/0
  2839 ;;		On exit  : 0/0
  2840 ;;		Unchanged: 0/0
  2841 ;; Data sizes:     COMMON   BANK0   BANK1   BANK2
  2842 ;;      Params:         0       0       0       0
  2843 ;;      Locals:         0       0       0       0
  2844 ;;      Temps:          0       0       0       0
  2845 ;;      Totals:         0       0       0       0
  2846 ;;Total ram usage:        0 bytes
  2847 ;; Hardware stack levels used: 1
  2848 ;; Hardware stack levels required when called: 3
  2849 ;; This function calls:
  2850 ;;		Nothing
  2851 ;; This function is called by:
  2852 ;;		_SYSTEM_Initialize
  2853 ;; This function uses a non-reentrant model
  2854 ;;
  2855                           
  2856     0181                     _ADC1_Initialize:	
  2857                           ;psect for function _ADC1_Initialize
  2858                           
  2859     0181                     l998:	
  2860                           ;incstack = 0
  2861                           ; Regs used in _ADC1_Initialize: [status,2]
  2862                           
  2863                           
  2864                           ;mcc_generated_files/adc1.c: 72:     ADCON1 = 0xA0;
  2865     0181  30A0               	movlw	160
  2866     0182  0021               	movlb	1	; select bank1
  2867     0183  009E               	movwf	30	;volatile
  2868     0184                     l1000:
  2869                           
  2870                           ;mcc_generated_files/adc1.c: 75:     ADCON2 = 0x00;
  2871     0184  019F               	clrf	31	;volatile
  2872                           
  2873                           ;mcc_generated_files/adc1.c: 78:     ADRESL = 0x00;
  2874     0185  019B               	clrf	27	;volatile
  2875                           
  2876                           ;mcc_generated_files/adc1.c: 81:     ADRESH = 0x00;
  2877     0186  019C               	clrf	28	;volatile
  2878     0187                     l1002:
  2879                           
  2880                           ;mcc_generated_files/adc1.c: 84:     ADCON0 = 0x01;
  2881     0187  3001               	movlw	1
  2882     0188  009D               	movwf	29	;volatile
  2883     0189                     l109:
  2884     0189  0008               	return
  2885     018A                     __end_of_ADC1_Initialize:
  2886                           
  2887                           	psect	text12
  2888     0024                     __ptext12:	
  2889 ;; *************** function _APP_Task *****************
  2890 ;; Defined at:
  2891 ;;		line 15 in file "application/app.c"
  2892 ;; Parameters:    Size  Location     Type
  2893 ;;		None
  2894 ;; Auto vars:     Size  Location     Type
  2895 ;;		None
  2896 ;; Return value:  Size  Location     Type
  2897 ;;                  1    wreg      void 
  2898 ;; Registers used:
  2899 ;;		wreg, status,2, status,0, pclath, cstack
  2900 ;; Tracked objects:
  2901 ;;		On entry : 0/0
  2902 ;;		On exit  : 0/0
  2903 ;;		Unchanged: 0/0
  2904 ;; Data sizes:     COMMON   BANK0   BANK1   BANK2
  2905 ;;      Params:         0       0       0       0
  2906 ;;      Locals:         0       0       0       0
  2907 ;;      Temps:          0       0       0       0
  2908 ;;      Totals:         0       0       0       0
  2909 ;;Total ram usage:        0 bytes
  2910 ;; Hardware stack levels used: 1
  2911 ;; Hardware stack levels required when called: 6
  2912 ;; This function calls:
  2913 ;;		_IsDarkCondition
  2914 ;;		_IsMotionDetected
  2915 ;;		_TMR1_Reload
  2916 ;;		_TMR1_StartTimer
  2917 ;;		_TMR1_StopTimer
  2918 ;; This function is called by:
  2919 ;;		_main
  2920 ;; This function uses a non-reentrant model
  2921 ;;
  2922                           
  2923     0024                     _APP_Task:	
  2924                           ;psect for function _APP_Task
  2925                           
  2926     0024                     l1434:	
  2927                           ;incstack = 0
  2928                           ; Regs used in _APP_Task: [wreg+status,2+status,0+pclath+cstack]
  2929                           
  2930                           
  2931                           ;application/app.c: 16:     if (IsDarkCondition()) {
  2932     0024  3180  2055  3180   	fcall	_IsDarkCondition
  2933     0027  3A00               	xorlw	0
  2934     0028  1903               	skipnz
  2935     0029  282B               	goto	u431
  2936     002A  282C               	goto	u430
  2937     002B                     u431:
  2938     002B  284B               	goto	l1454
  2939     002C                     u430:
  2940     002C                     l1436:
  2941                           
  2942                           ;application/app.c: 17:         if(MotionPresent == 0)
  2943     002C  087A               	movf	_MotionPresent,w
  2944     002D  1D03               	btfss	3,2
  2945     002E  2830               	goto	u441
  2946     002F  2831               	goto	u440
  2947     0030                     u441:
  2948     0030  2854               	goto	l41
  2949     0031                     u440:
  2950     0031                     l1438:
  2951                           
  2952                           ;application/app.c: 18:         {;application/app.c: 19:             if(IsMotionDetected
      +                          ())
  2953     0031  3181  21C7  3180   	fcall	_IsMotionDetected
  2954     0034  3A00               	xorlw	0
  2955     0035  1903               	skipnz
  2956     0036  2838               	goto	u451
  2957     0037  2839               	goto	u450
  2958     0038                     u451:
  2959     0038  2841               	goto	l1446
  2960     0039                     u450:
  2961     0039                     l1440:
  2962                           
  2963                           ;application/app.c: 20:             {;application/app.c: 21:                 TMR1_StartT
      +                          imer();
  2964     0039  3181  21CB  3180   	fcall	_TMR1_StartTimer
  2965     003C                     l1442:
  2966                           
  2967                           ;application/app.c: 22:                 MotionPresent = 1;
  2968     003C  3001               	movlw	1
  2969     003D  00FA               	movwf	_MotionPresent
  2970     003E                     l1444:
  2971     003E  0022               	movlb	2	; select bank2
  2972     003F  168C               	bsf	12,5	;volatile
  2973     0040  2854               	goto	l41
  2974     0041                     l1446:
  2975                           
  2976                           ;application/app.c: 27:             {;application/app.c: 28:                 TMR1_StopTi
      +                          mer();
  2977     0041  3181  21D1  3180   	fcall	_TMR1_StopTimer
  2978     0044                     l1448:
  2979                           
  2980                           ;application/app.c: 29:                 TMR1_Reload();
  2981     0044  3181  218A  3180   	fcall	_TMR1_Reload
  2982     0047                     l1450:
  2983                           
  2984                           ;application/app.c: 30:                 MotionPresent = 0;
  2985     0047  01FA               	clrf	_MotionPresent
  2986     0048                     l1452:
  2987     0048  0022               	movlb	2	; select bank2
  2988     0049  128C               	bcf	12,5	;volatile
  2989     004A  2854               	goto	l41
  2990     004B                     l1454:
  2991                           
  2992                           ;application/app.c: 37:     {;application/app.c: 39:         TMR1_StopTimer();
  2993     004B  3181  21D1  3180   	fcall	_TMR1_StopTimer
  2994     004E                     l1456:
  2995                           
  2996                           ;application/app.c: 40:         TMR1_Reload();
  2997     004E  3181  218A  3180   	fcall	_TMR1_Reload
  2998     0051                     l1458:
  2999                           
  3000                           ;application/app.c: 41:         MotionPresent = 0;
  3001     0051  01FA               	clrf	_MotionPresent
  3002     0052                     l1460:
  3003     0052  0022               	movlb	2	; select bank2
  3004     0053  128C               	bcf	12,5	;volatile
  3005     0054                     l41:
  3006     0054  0008               	return
  3007     0055                     __end_of_APP_Task:
  3008                           
  3009                           	psect	text13
  3010     01CB                     __ptext13:	
  3011 ;; *************** function _TMR1_StartTimer *****************
  3012 ;; Defined at:
  3013 ;;		line 94 in file "mcc_generated_files/tmr1.c"
  3014 ;; Parameters:    Size  Location     Type
  3015 ;;		None
  3016 ;; Auto vars:     Size  Location     Type
  3017 ;;		None
  3018 ;; Return value:  Size  Location     Type
  3019 ;;                  1    wreg      void 
  3020 ;; Registers used:
  3021 ;;		None
  3022 ;; Tracked objects:
  3023 ;;		On entry : 0/0
  3024 ;;		On exit  : 0/0
  3025 ;;		Unchanged: 0/0
  3026 ;; Data sizes:     COMMON   BANK0   BANK1   BANK2
  3027 ;;      Params:         0       0       0       0
  3028 ;;      Locals:         0       0       0       0
  3029 ;;      Temps:          0       0       0       0
  3030 ;;      Totals:         0       0       0       0
  3031 ;;Total ram usage:        0 bytes
  3032 ;; Hardware stack levels used: 1
  3033 ;; Hardware stack levels required when called: 3
  3034 ;; This function calls:
  3035 ;;		Nothing
  3036 ;; This function is called by:
  3037 ;;		_APP_Task
  3038 ;; This function uses a non-reentrant model
  3039 ;;
  3040                           
  3041     01CB                     _TMR1_StartTimer:	
  3042                           ;psect for function _TMR1_StartTimer
  3043                           
  3044     01CB                     l980:	
  3045                           ;incstack = 0
  3046                           ; Regs used in _TMR1_StartTimer: []
  3047                           
  3048                           
  3049                           ;mcc_generated_files/tmr1.c: 97:     T1CONbits.TMR1ON = 1;
  3050     01CB  0020               	movlb	0	; select bank0
  3051     01CC  1418               	bsf	24,0	;volatile
  3052     01CD                     l279:
  3053     01CD  0008               	return
  3054     01CE                     __end_of_TMR1_StartTimer:
  3055                           
  3056                           	psect	text14
  3057     018A                     __ptext14:	
  3058 ;; *************** function _TMR1_Reload *****************
  3059 ;; Defined at:
  3060 ;;		line 143 in file "mcc_generated_files/tmr1.c"
  3061 ;; Parameters:    Size  Location     Type
  3062 ;;		None
  3063 ;; Auto vars:     Size  Location     Type
  3064 ;;		None
  3065 ;; Return value:  Size  Location     Type
  3066 ;;                  1    wreg      void 
  3067 ;; Registers used:
  3068 ;;		wreg, status,2, status,0, pclath, cstack
  3069 ;; Tracked objects:
  3070 ;;		On entry : 0/0
  3071 ;;		On exit  : 0/0
  3072 ;;		Unchanged: 0/0
  3073 ;; Data sizes:     COMMON   BANK0   BANK1   BANK2
  3074 ;;      Params:         0       0       0       0
  3075 ;;      Locals:         0       0       0       0
  3076 ;;      Temps:          0       0       0       0
  3077 ;;      Totals:         0       0       0       0
  3078 ;;Total ram usage:        0 bytes
  3079 ;; Hardware stack levels used: 1
  3080 ;; Hardware stack levels required when called: 4
  3081 ;; This function calls:
  3082 ;;		_TMR1_WriteTimer
  3083 ;; This function is called by:
  3084 ;;		_APP_Task
  3085 ;; This function uses a non-reentrant model
  3086 ;;
  3087                           
  3088     018A                     _TMR1_Reload:	
  3089                           ;psect for function _TMR1_Reload
  3090                           
  3091     018A                     l1266:	
  3092                           ;incstack = 0
  3093                           ; Regs used in _TMR1_Reload: [wreg+status,2+status,0+pclath+cstack]
  3094                           
  3095                           
  3096                           ;mcc_generated_files/tmr1.c: 145:     TMR1_WriteTimer(timer1ReloadVal);
  3097     018A  0879               	movf	_timer1ReloadVal+1,w	;volatile
  3098     018B  00F3               	movwf	TMR1_WriteTimer@timerVal+1
  3099     018C  0878               	movf	_timer1ReloadVal,w	;volatile
  3100     018D  00F2               	movwf	TMR1_WriteTimer@timerVal
  3101     018E  3181  2152  3181   	fcall	_TMR1_WriteTimer
  3102     0191                     l293:
  3103     0191  0008               	return
  3104     0192                     __end_of_TMR1_Reload:
  3105                           
  3106                           	psect	text15
  3107     0152                     __ptext15:	
  3108 ;; *************** function _TMR1_WriteTimer *****************
  3109 ;; Defined at:
  3110 ;;		line 121 in file "mcc_generated_files/tmr1.c"
  3111 ;; Parameters:    Size  Location     Type
  3112 ;;  timerVal        2    2[COMMON] unsigned short 
  3113 ;; Auto vars:     Size  Location     Type
  3114 ;;		None
  3115 ;; Return value:  Size  Location     Type
  3116 ;;                  1    wreg      void 
  3117 ;; Registers used:
  3118 ;;		wreg, status,2
  3119 ;; Tracked objects:
  3120 ;;		On entry : 0/0
  3121 ;;		On exit  : 0/0
  3122 ;;		Unchanged: 0/0
  3123 ;; Data sizes:     COMMON   BANK0   BANK1   BANK2
  3124 ;;      Params:         2       0       0       0
  3125 ;;      Locals:         0       0       0       0
  3126 ;;      Temps:          0       0       0       0
  3127 ;;      Totals:         2       0       0       0
  3128 ;;Total ram usage:        2 bytes
  3129 ;; Hardware stack levels used: 1
  3130 ;; Hardware stack levels required when called: 3
  3131 ;; This function calls:
  3132 ;;		Nothing
  3133 ;; This function is called by:
  3134 ;;		_TMR1_Reload
  3135 ;; This function uses a non-reentrant model
  3136 ;;
  3137                           
  3138     0152                     _TMR1_WriteTimer:	
  3139                           ;psect for function _TMR1_WriteTimer
  3140                           
  3141     0152                     l1238:	
  3142                           ;incstack = 0
  3143                           ; Regs used in _TMR1_WriteTimer: [wreg+status,2]
  3144                           
  3145                           
  3146                           ;mcc_generated_files/tmr1.c: 121: void TMR1_WriteTimer(uint16_t timerVal);mcc_generated_
      +                          files/tmr1.c: 122: {;mcc_generated_files/tmr1.c: 123:     if (T1CONbits.nT1SYNC == 1)
  3147     0152  0020               	movlb	0	; select bank0
  3148     0153  1D18               	btfss	24,2	;volatile
  3149     0154  2956               	goto	u261
  3150     0155  2957               	goto	u260
  3151     0156                     u261:
  3152     0156  295E               	goto	l1248
  3153     0157                     u260:
  3154     0157                     l1240:
  3155                           
  3156                           ;mcc_generated_files/tmr1.c: 124:     {;mcc_generated_files/tmr1.c: 126:         T1CONbi
      +                          ts.TMR1ON = 0;
  3157     0157  1018               	bcf	24,0	;volatile
  3158     0158                     l1242:
  3159                           
  3160                           ;mcc_generated_files/tmr1.c: 129:         TMR1H = (uint8_t)(timerVal >> 8);
  3161     0158  0873               	movf	TMR1_WriteTimer@timerVal+1,w
  3162     0159  0097               	movwf	23	;volatile
  3163     015A                     l1244:
  3164                           
  3165                           ;mcc_generated_files/tmr1.c: 130:         TMR1L = (uint8_t)timerVal;
  3166     015A  0872               	movf	TMR1_WriteTimer@timerVal,w
  3167     015B  0096               	movwf	22	;volatile
  3168     015C                     l1246:
  3169                           
  3170                           ;mcc_generated_files/tmr1.c: 133:         T1CONbits.TMR1ON =1;
  3171     015C  1418               	bsf	24,0	;volatile
  3172                           
  3173                           ;mcc_generated_files/tmr1.c: 134:     }
  3174     015D  2962               	goto	l290
  3175     015E                     l1248:
  3176                           
  3177                           ;mcc_generated_files/tmr1.c: 136:     {;mcc_generated_files/tmr1.c: 138:         TMR1H =
      +                           (uint8_t)(timerVal >> 8);
  3178     015E  0873               	movf	TMR1_WriteTimer@timerVal+1,w
  3179     015F  0097               	movwf	23	;volatile
  3180     0160                     l1250:
  3181                           
  3182                           ;mcc_generated_files/tmr1.c: 139:         TMR1L = (uint8_t)timerVal;
  3183     0160  0872               	movf	TMR1_WriteTimer@timerVal,w
  3184     0161  0096               	movwf	22	;volatile
  3185     0162                     l290:
  3186     0162  0008               	return
  3187     0163                     __end_of_TMR1_WriteTimer:
  3188                           
  3189                           	psect	text16
  3190     01C7                     __ptext16:	
  3191 ;; *************** function _IsMotionDetected *****************
  3192 ;; Defined at:
  3193 ;;		line 11 in file "service/sensor_service.c"
  3194 ;; Parameters:    Size  Location     Type
  3195 ;;		None
  3196 ;; Auto vars:     Size  Location     Type
  3197 ;;		None
  3198 ;; Return value:  Size  Location     Type
  3199 ;;                  1    wreg      _Bool 
  3200 ;; Registers used:
  3201 ;;		wreg, status,2, status,0, pclath, cstack
  3202 ;; Tracked objects:
  3203 ;;		On entry : 0/0
  3204 ;;		On exit  : 0/0
  3205 ;;		Unchanged: 0/0
  3206 ;; Data sizes:     COMMON   BANK0   BANK1   BANK2
  3207 ;;      Params:         0       0       0       0
  3208 ;;      Locals:         0       0       0       0
  3209 ;;      Temps:          0       0       0       0
  3210 ;;      Totals:         0       0       0       0
  3211 ;;Total ram usage:        0 bytes
  3212 ;; Hardware stack levels used: 1
  3213 ;; Hardware stack levels required when called: 4
  3214 ;; This function calls:
  3215 ;;		_ReadPIR
  3216 ;; This function is called by:
  3217 ;;		_APP_Task
  3218 ;; This function uses a non-reentrant model
  3219 ;;
  3220                           
  3221     01C7                     _IsMotionDetected:	
  3222                           ;psect for function _IsMotionDetected
  3223                           
  3224     01C7                     l976:	
  3225                           ;incstack = 0
  3226                           ; Regs used in _IsMotionDetected: [wreg+status,2+status,0+pclath+cstack]
  3227                           
  3228                           
  3229                           ;service/sensor_service.c: 12:     return ReadPIR();
  3230     01C7  3181  21BE  3181   	fcall	_ReadPIR
  3231     01CA                     l340:
  3232     01CA  0008               	return
  3233     01CB                     __end_of_IsMotionDetected:
  3234                           
  3235                           	psect	text17
  3236     01BE                     __ptext17:	
  3237 ;; *************** function _ReadPIR *****************
  3238 ;; Defined at:
  3239 ;;		line 18 in file "hal/hal_sensor.c"
  3240 ;; Parameters:    Size  Location     Type
  3241 ;;		None
  3242 ;; Auto vars:     Size  Location     Type
  3243 ;;		None
  3244 ;; Return value:  Size  Location     Type
  3245 ;;                  1    wreg      _Bool 
  3246 ;; Registers used:
  3247 ;;		wreg, status,2, status,0
  3248 ;; Tracked objects:
  3249 ;;		On entry : 0/0
  3250 ;;		On exit  : 0/0
  3251 ;;		Unchanged: 0/0
  3252 ;; Data sizes:     COMMON   BANK0   BANK1   BANK2
  3253 ;;      Params:         0       0       0       0
  3254 ;;      Locals:         0       0       0       0
  3255 ;;      Temps:          0       0       0       0
  3256 ;;      Totals:         0       0       0       0
  3257 ;;Total ram usage:        0 bytes
  3258 ;; Hardware stack levels used: 1
  3259 ;; Hardware stack levels required when called: 3
  3260 ;; This function calls:
  3261 ;;		Nothing
  3262 ;; This function is called by:
  3263 ;;		_IsMotionDetected
  3264 ;; This function uses a non-reentrant model
  3265 ;;
  3266                           
  3267     01BE                     _ReadPIR:	
  3268                           ;psect for function _ReadPIR
  3269                           
  3270     01BE                     l934:	
  3271                           ;incstack = 0
  3272                           ; Regs used in _ReadPIR: [wreg+status,2+status,0]
  3273                           
  3274                           
  3275                           ;hal/hal_sensor.c: 19:     return PORTAbits.RA2; // RA2
  3276     01BE  0020               	movlb	0	; select bank0
  3277     01BF  0C0C               	rrf	12,w	;volatile
  3278     01C0  0C89               	rrf	9,f
  3279     01C1  3901               	andlw	1
  3280     01C2                     l66:
  3281     01C2  0008               	return
  3282     01C3                     __end_of_ReadPIR:
  3283                           
  3284                           	psect	text18
  3285     0055                     __ptext18:	
  3286 ;; *************** function _IsDarkCondition *****************
  3287 ;; Defined at:
  3288 ;;		line 5 in file "service/sensor_service.c"
  3289 ;; Parameters:    Size  Location     Type
  3290 ;;		None
  3291 ;; Auto vars:     Size  Location     Type
  3292 ;;  ldr2            2    2[BANK0 ] unsigned short 
  3293 ;;  ldr1            2    0[BANK0 ] unsigned short 
  3294 ;; Return value:  Size  Location     Type
  3295 ;;                  1    wreg      _Bool 
  3296 ;; Registers used:
  3297 ;;		wreg, status,2, status,0, pclath, cstack
  3298 ;; Tracked objects:
  3299 ;;		On entry : 0/0
  3300 ;;		On exit  : 0/0
  3301 ;;		Unchanged: 0/0
  3302 ;; Data sizes:     COMMON   BANK0   BANK1   BANK2
  3303 ;;      Params:         0       0       0       0
  3304 ;;      Locals:         0       5       0       0
  3305 ;;      Temps:          0       0       0       0
  3306 ;;      Totals:         0       5       0       0
  3307 ;;Total ram usage:        5 bytes
  3308 ;; Hardware stack levels used: 1
  3309 ;; Hardware stack levels required when called: 5
  3310 ;; This function calls:
  3311 ;;		_ReadLDR1
  3312 ;;		_ReadLDR2
  3313 ;; This function is called by:
  3314 ;;		_APP_Task
  3315 ;; This function uses a non-reentrant model
  3316 ;;
  3317                           
  3318     0055                     _IsDarkCondition:	
  3319                           ;psect for function _IsDarkCondition
  3320                           
  3321     0055                     l1420:	
  3322                           ;incstack = 0
  3323                           ; Regs used in _IsDarkCondition: [wreg+status,2+status,0+pclath+cstack]
  3324                           
  3325                           
  3326                           ;service/sensor_service.c: 6:     uint16_t ldr1 = (uint16_t)ReadLDR1();
  3327     0055  3180  20FE  3180   	fcall	_ReadLDR1
  3328     0058  0875               	movf	?_ReadLDR1+1,w
  3329     0059  0020               	movlb	0	; select bank0
  3330     005A  00A9               	movwf	IsDarkCondition@ldr1+1
  3331     005B  0874               	movf	?_ReadLDR1,w
  3332     005C  00A8               	movwf	IsDarkCondition@ldr1
  3333                           
  3334                           ;service/sensor_service.c: 7:     uint16_t ldr2 = (uint16_t)ReadLDR2();
  3335     005D  3180  20E7  3180   	fcall	_ReadLDR2
  3336     0060  0875               	movf	?_ReadLDR2+1,w
  3337     0061  0020               	movlb	0	; select bank0
  3338     0062  00AB               	movwf	IsDarkCondition@ldr2+1
  3339     0063  0874               	movf	?_ReadLDR2,w
  3340     0064  00AA               	movwf	IsDarkCondition@ldr2
  3341     0065                     l1422:
  3342                           
  3343                           ;service/sensor_service.c: 8:     return (ldr1 > 500 // Adjust as needed) && (ldr2 > 500
      +                           // Adjust as needed);
  3344     0065  01AC               	clrf	_IsDarkCondition$742
  3345     0066                     l1424:
  3346     0066  3001               	movlw	1
  3347     0067  0229               	subwf	IsDarkCondition@ldr1+1,w
  3348     0068  30F5               	movlw	245
  3349     0069  1903               	skipnz
  3350     006A  0228               	subwf	IsDarkCondition@ldr1,w
  3351     006B  1C03               	skipc
  3352     006C  286E               	goto	u411
  3353     006D  286F               	goto	u410
  3354     006E                     u411:
  3355     006E  287A               	goto	l1430
  3356     006F                     u410:
  3357     006F                     l1426:
  3358     006F  3001               	movlw	1
  3359     0070  022B               	subwf	IsDarkCondition@ldr2+1,w
  3360     0071  30F5               	movlw	245
  3361     0072  1903               	skipnz
  3362     0073  022A               	subwf	IsDarkCondition@ldr2,w
  3363     0074  1C03               	skipc
  3364     0075  2877               	goto	u421
  3365     0076  2878               	goto	u420
  3366     0077                     u421:
  3367     0077  287A               	goto	l1430
  3368     0078                     u420:
  3369     0078                     l1428:
  3370     0078  3001               	movlw	1
  3371     0079  00AC               	movwf	_IsDarkCondition$742
  3372     007A                     l1430:
  3373     007A  082C               	movf	_IsDarkCondition$742,w
  3374     007B                     l337:
  3375     007B  0008               	return
  3376     007C                     __end_of_IsDarkCondition:
  3377                           
  3378                           	psect	text19
  3379     00E7                     __ptext19:	
  3380 ;; *************** function _ReadLDR2 *****************
  3381 ;; Defined at:
  3382 ;;		line 11 in file "hal/hal_sensor.c"
  3383 ;; Parameters:    Size  Location     Type
  3384 ;;		None
  3385 ;; Auto vars:     Size  Location     Type
  3386 ;;		None
  3387 ;; Return value:  Size  Location     Type
  3388 ;;                  2    4[COMMON] unsigned short 
  3389 ;; Registers used:
  3390 ;;		wreg, status,2, status,0, pclath, cstack
  3391 ;; Tracked objects:
  3392 ;;		On entry : 0/0
  3393 ;;		On exit  : 0/0
  3394 ;;		Unchanged: 0/0
  3395 ;; Data sizes:     COMMON   BANK0   BANK1   BANK2
  3396 ;;      Params:         2       0       0       0
  3397 ;;      Locals:         0       0       0       0
  3398 ;;      Temps:          0       0       0       0
  3399 ;;      Totals:         2       0       0       0
  3400 ;;Total ram usage:        2 bytes
  3401 ;; Hardware stack levels used: 1
  3402 ;; Hardware stack levels required when called: 4
  3403 ;; This function calls:
  3404 ;;		_ADC1_GetConversionResult
  3405 ;;		_ADC1_IsConversionDone
  3406 ;;		_ADC1_SelectChannel
  3407 ;;		_ADC1_StartConversion
  3408 ;; This function is called by:
  3409 ;;		_IsDarkCondition
  3410 ;; This function uses a non-reentrant model
  3411 ;;
  3412                           
  3413     00E7                     _ReadLDR2:	
  3414                           ;psect for function _ReadLDR2
  3415                           
  3416     00E7                     l1410:	
  3417                           ;incstack = 0
  3418                           ; Regs used in _ReadLDR2: [wreg+status,2+status,0+pclath+cstack]
  3419                           
  3420                           
  3421                           ;hal/hal_sensor.c: 12:     ADC1_SelectChannel(channel_AN1);
  3422     00E7  3001               	movlw	1
  3423     00E8  3181  2174  3180   	fcall	_ADC1_SelectChannel
  3424     00EB                     l1412:
  3425                           
  3426                           ;hal/hal_sensor.c: 13:     ADC1_StartConversion();
  3427     00EB  3181  21CE  3180   	fcall	_ADC1_StartConversion
  3428     00EE                     l1414:	
  3429                           ;hal/hal_sensor.c: 14:     while (!ADC1_IsConversionDone());
  3430                           
  3431     00EE  3181  2199  3180   	fcall	_ADC1_IsConversionDone
  3432     00F1  3A00               	xorlw	0
  3433     00F2  1903               	skipnz
  3434     00F3  28F5               	goto	u401
  3435     00F4  28F6               	goto	u400
  3436     00F5                     u401:
  3437     00F5  28EE               	goto	l1414
  3438     00F6                     u400:
  3439     00F6                     l1416:
  3440                           
  3441                           ;hal/hal_sensor.c: 15:     return ADC1_GetConversionResult();
  3442     00F6  3181  21B8  3180   	fcall	_ADC1_GetConversionResult
  3443     00F9  0873               	movf	?_ADC1_GetConversionResult+1,w
  3444     00FA  00F5               	movwf	?_ReadLDR2+1
  3445     00FB  0872               	movf	?_ADC1_GetConversionResult,w
  3446     00FC  00F4               	movwf	?_ReadLDR2
  3447     00FD                     l63:
  3448     00FD  0008               	return
  3449     00FE                     __end_of_ReadLDR2:
  3450                           
  3451                           	psect	text20
  3452     00FE                     __ptext20:	
  3453 ;; *************** function _ReadLDR1 *****************
  3454 ;; Defined at:
  3455 ;;		line 4 in file "hal/hal_sensor.c"
  3456 ;; Parameters:    Size  Location     Type
  3457 ;;		None
  3458 ;; Auto vars:     Size  Location     Type
  3459 ;;		None
  3460 ;; Return value:  Size  Location     Type
  3461 ;;                  2    4[COMMON] unsigned short 
  3462 ;; Registers used:
  3463 ;;		wreg, status,2, status,0, pclath, cstack
  3464 ;; Tracked objects:
  3465 ;;		On entry : 0/0
  3466 ;;		On exit  : 0/0
  3467 ;;		Unchanged: 0/0
  3468 ;; Data sizes:     COMMON   BANK0   BANK1   BANK2
  3469 ;;      Params:         2       0       0       0
  3470 ;;      Locals:         0       0       0       0
  3471 ;;      Temps:          0       0       0       0
  3472 ;;      Totals:         2       0       0       0
  3473 ;;Total ram usage:        2 bytes
  3474 ;; Hardware stack levels used: 1
  3475 ;; Hardware stack levels required when called: 4
  3476 ;; This function calls:
  3477 ;;		_ADC1_GetConversionResult
  3478 ;;		_ADC1_IsConversionDone
  3479 ;;		_ADC1_SelectChannel
  3480 ;;		_ADC1_StartConversion
  3481 ;; This function is called by:
  3482 ;;		_IsDarkCondition
  3483 ;; This function uses a non-reentrant model
  3484 ;;
  3485                           
  3486     00FE                     _ReadLDR1:	
  3487                           ;psect for function _ReadLDR1
  3488                           
  3489     00FE                     l1400:	
  3490                           ;incstack = 0
  3491                           ; Regs used in _ReadLDR1: [wreg+status,2+status,0+pclath+cstack]
  3492                           
  3493                           
  3494                           ;hal/hal_sensor.c: 5:     ADC1_SelectChannel(channel_AN0);
  3495     00FE  3000               	movlw	0
  3496     00FF  3181  2174  3180   	fcall	_ADC1_SelectChannel
  3497     0102                     l1402:
  3498                           
  3499                           ;hal/hal_sensor.c: 6:     ADC1_StartConversion();
  3500     0102  3181  21CE  3180   	fcall	_ADC1_StartConversion
  3501     0105                     l1404:	
  3502                           ;hal/hal_sensor.c: 7:     while (!ADC1_IsConversionDone());
  3503                           
  3504     0105  3181  2199  3180   	fcall	_ADC1_IsConversionDone
  3505     0108  3A00               	xorlw	0
  3506     0109  1903               	skipnz
  3507     010A  290C               	goto	u391
  3508     010B  290D               	goto	u390
  3509     010C                     u391:
  3510     010C  2905               	goto	l1404
  3511     010D                     u390:
  3512     010D                     l1406:
  3513                           
  3514                           ;hal/hal_sensor.c: 8:     return ADC1_GetConversionResult();
  3515     010D  3181  21B8  3180   	fcall	_ADC1_GetConversionResult
  3516     0110  0873               	movf	?_ADC1_GetConversionResult+1,w
  3517     0111  00F5               	movwf	?_ReadLDR1+1
  3518     0112  0872               	movf	?_ADC1_GetConversionResult,w
  3519     0113  00F4               	movwf	?_ReadLDR1
  3520     0114                     l57:
  3521     0114  0008               	return
  3522     0115                     __end_of_ReadLDR1:
  3523                           
  3524                           	psect	text21
  3525     01CE                     __ptext21:	
  3526 ;; *************** function _ADC1_StartConversion *****************
  3527 ;; Defined at:
  3528 ;;		line 96 in file "mcc_generated_files/adc1.c"
  3529 ;; Parameters:    Size  Location     Type
  3530 ;;		None
  3531 ;; Auto vars:     Size  Location     Type
  3532 ;;		None
  3533 ;; Return value:  Size  Location     Type
  3534 ;;                  1    wreg      void 
  3535 ;; Registers used:
  3536 ;;		None
  3537 ;; Tracked objects:
  3538 ;;		On entry : 0/0
  3539 ;;		On exit  : 0/0
  3540 ;;		Unchanged: 0/0
  3541 ;; Data sizes:     COMMON   BANK0   BANK1   BANK2
  3542 ;;      Params:         0       0       0       0
  3543 ;;      Locals:         0       0       0       0
  3544 ;;      Temps:          0       0       0       0
  3545 ;;      Totals:         0       0       0       0
  3546 ;;Total ram usage:        0 bytes
  3547 ;; Hardware stack levels used: 1
  3548 ;; Hardware stack levels required when called: 3
  3549 ;; This function calls:
  3550 ;;		Nothing
  3551 ;; This function is called by:
  3552 ;;		_ReadLDR1
  3553 ;;		_ReadLDR2
  3554 ;; This function uses a non-reentrant model
  3555 ;;
  3556                           
  3557     01CE                     _ADC1_StartConversion:	
  3558                           ;psect for function _ADC1_StartConversion
  3559                           
  3560     01CE                     l1390:	
  3561                           ;incstack = 0
  3562                           ; Regs used in _ADC1_StartConversion: []
  3563                           
  3564                           
  3565                           ;mcc_generated_files/adc1.c: 99:     ADCON0bits.GO_nDONE = 1;
  3566     01CE  0021               	movlb	1	; select bank1
  3567     01CF  149D               	bsf	29,1	;volatile
  3568     01D0                     l115:
  3569     01D0  0008               	return
  3570     01D1                     __end_of_ADC1_StartConversion:
  3571                           
  3572                           	psect	text22
  3573     0174                     __ptext22:	
  3574 ;; *************** function _ADC1_SelectChannel *****************
  3575 ;; Defined at:
  3576 ;;		line 88 in file "mcc_generated_files/adc1.c"
  3577 ;; Parameters:    Size  Location     Type
  3578 ;;  channel         1    wreg     enum E3037
  3579 ;; Auto vars:     Size  Location     Type
  3580 ;;  channel         1    3[COMMON] enum E3037
  3581 ;; Return value:  Size  Location     Type
  3582 ;;                  1    wreg      void 
  3583 ;; Registers used:
  3584 ;;		wreg, status,2, status,0
  3585 ;; Tracked objects:
  3586 ;;		On entry : 0/0
  3587 ;;		On exit  : 0/0
  3588 ;;		Unchanged: 0/0
  3589 ;; Data sizes:     COMMON   BANK0   BANK1   BANK2
  3590 ;;      Params:         0       0       0       0
  3591 ;;      Locals:         1       0       0       0
  3592 ;;      Temps:          1       0       0       0
  3593 ;;      Totals:         2       0       0       0
  3594 ;;Total ram usage:        2 bytes
  3595 ;; Hardware stack levels used: 1
  3596 ;; Hardware stack levels required when called: 3
  3597 ;; This function calls:
  3598 ;;		Nothing
  3599 ;; This function is called by:
  3600 ;;		_ReadLDR1
  3601 ;;		_ReadLDR2
  3602 ;; This function uses a non-reentrant model
  3603 ;;
  3604                           
  3605     0174                     _ADC1_SelectChannel:	
  3606                           ;psect for function _ADC1_SelectChannel
  3607                           
  3608                           
  3609                           ;incstack = 0
  3610                           ; Regs used in _ADC1_SelectChannel: [wreg+status,2+status,0]
  3611                           ;ADC1_SelectChannel@channel stored from wreg
  3612     0174  00F3               	movwf	ADC1_SelectChannel@channel
  3613     0175                     l1386:
  3614                           
  3615                           ;mcc_generated_files/adc1.c: 88: void ADC1_SelectChannel(adc_channel_t channel);mcc_gene
      +                          rated_files/adc1.c: 89: {;mcc_generated_files/adc1.c: 91:     ADCON0bits.CHS = (unsigned
      +                           char)channel;
  3616     0175  0873               	movf	ADC1_SelectChannel@channel,w
  3617     0176  00F2               	movwf	??_ADC1_SelectChannel
  3618     0177  0DF2               	rlf	??_ADC1_SelectChannel,f
  3619     0178  0DF2               	rlf	??_ADC1_SelectChannel,f
  3620     0179  0021               	movlb	1	; select bank1
  3621     017A  081D               	movf	29,w	;volatile
  3622     017B  0672               	xorwf	??_ADC1_SelectChannel,w
  3623     017C  3983               	andlw	-125
  3624     017D  0672               	xorwf	??_ADC1_SelectChannel,w
  3625     017E  009D               	movwf	29	;volatile
  3626     017F                     l1388:
  3627                           
  3628                           ;mcc_generated_files/adc1.c: 93:     ADCON0bits.ADON = 1;
  3629     017F  141D               	bsf	29,0	;volatile
  3630     0180                     l112:
  3631     0180  0008               	return
  3632     0181                     __end_of_ADC1_SelectChannel:
  3633                           
  3634                           	psect	text23
  3635     0199                     __ptext23:	
  3636 ;; *************** function _ADC1_IsConversionDone *****************
  3637 ;; Defined at:
  3638 ;;		line 103 in file "mcc_generated_files/adc1.c"
  3639 ;; Parameters:    Size  Location     Type
  3640 ;;		None
  3641 ;; Auto vars:     Size  Location     Type
  3642 ;;		None
  3643 ;; Return value:  Size  Location     Type
  3644 ;;                  1    wreg      _Bool 
  3645 ;; Registers used:
  3646 ;;		wreg, status,0
  3647 ;; Tracked objects:
  3648 ;;		On entry : 0/0
  3649 ;;		On exit  : 0/0
  3650 ;;		Unchanged: 0/0
  3651 ;; Data sizes:     COMMON   BANK0   BANK1   BANK2
  3652 ;;      Params:         0       0       0       0
  3653 ;;      Locals:         0       0       0       0
  3654 ;;      Temps:          0       0       0       0
  3655 ;;      Totals:         0       0       0       0
  3656 ;;Total ram usage:        0 bytes
  3657 ;; Hardware stack levels used: 1
  3658 ;; Hardware stack levels required when called: 3
  3659 ;; This function calls:
  3660 ;;		Nothing
  3661 ;; This function is called by:
  3662 ;;		_ReadLDR1
  3663 ;;		_ReadLDR2
  3664 ;; This function uses a non-reentrant model
  3665 ;;
  3666                           
  3667     0199                     _ADC1_IsConversionDone:	
  3668                           ;psect for function _ADC1_IsConversionDone
  3669                           
  3670     0199                     l1392:	
  3671                           ;incstack = 0
  3672                           ; Regs used in _ADC1_IsConversionDone: [wreg+status,0]
  3673                           
  3674                           
  3675                           ;mcc_generated_files/adc1.c: 106:    return ((_Bool)(!ADCON0bits.GO_nDONE));
  3676     0199  1003               	clrc
  3677     019A  0021               	movlb	1	; select bank1
  3678     019B  1C9D               	btfss	29,1	;volatile
  3679     019C  1403               	setc
  3680     019D  3000               	movlw	0
  3681     019E  3D09               	addwfc	9,w
  3682     019F                     l118:
  3683     019F  0008               	return
  3684     01A0                     __end_of_ADC1_IsConversionDone:
  3685                           
  3686                           	psect	text24
  3687     01B8                     __ptext24:	
  3688 ;; *************** function _ADC1_GetConversionResult *****************
  3689 ;; Defined at:
  3690 ;;		line 109 in file "mcc_generated_files/adc1.c"
  3691 ;; Parameters:    Size  Location     Type
  3692 ;;		None
  3693 ;; Auto vars:     Size  Location     Type
  3694 ;;		None
  3695 ;; Return value:  Size  Location     Type
  3696 ;;                  2    2[COMMON] unsigned short 
  3697 ;; Registers used:
  3698 ;;		wreg
  3699 ;; Tracked objects:
  3700 ;;		On entry : 0/0
  3701 ;;		On exit  : 0/0
  3702 ;;		Unchanged: 0/0
  3703 ;; Data sizes:     COMMON   BANK0   BANK1   BANK2
  3704 ;;      Params:         2       0       0       0
  3705 ;;      Locals:         0       0       0       0
  3706 ;;      Temps:          0       0       0       0
  3707 ;;      Totals:         2       0       0       0
  3708 ;;Total ram usage:        2 bytes
  3709 ;; Hardware stack levels used: 1
  3710 ;; Hardware stack levels required when called: 3
  3711 ;; This function calls:
  3712 ;;		Nothing
  3713 ;; This function is called by:
  3714 ;;		_ReadLDR1
  3715 ;;		_ReadLDR2
  3716 ;; This function uses a non-reentrant model
  3717 ;;
  3718                           
  3719     01B8                     _ADC1_GetConversionResult:	
  3720                           ;psect for function _ADC1_GetConversionResult
  3721                           
  3722     01B8                     l1396:	
  3723                           ;incstack = 0
  3724                           ; Regs used in _ADC1_GetConversionResult: [wreg]
  3725                           
  3726                           
  3727                           ;mcc_generated_files/adc1.c: 112:     return ((adc_result_t)((ADRESH << 8) + ADRESL));
  3728     01B8  0021               	movlb	1	; select bank1
  3729     01B9  081C               	movf	28,w	;volatile
  3730     01BA  00F3               	movwf	?_ADC1_GetConversionResult+1
  3731     01BB  081B               	movf	27,w	;volatile
  3732     01BC  00F2               	movwf	?_ADC1_GetConversionResult
  3733     01BD                     l121:
  3734     01BD  0008               	return
  3735     01BE                     __end_of_ADC1_GetConversionResult:
  3736                           
  3737                           	psect	text25
  3738     012B                     __ptext25:	
  3739 ;; *************** function _APP_Init *****************
  3740 ;; Defined at:
  3741 ;;		line 8 in file "application/app.c"
  3742 ;; Parameters:    Size  Location     Type
  3743 ;;		None
  3744 ;; Auto vars:     Size  Location     Type
  3745 ;;		None
  3746 ;; Return value:  Size  Location     Type
  3747 ;;                  1    wreg      void 
  3748 ;; Registers used:
  3749 ;;		status,2, status,0, pclath, cstack
  3750 ;; Tracked objects:
  3751 ;;		On entry : 0/0
  3752 ;;		On exit  : 0/0
  3753 ;;		Unchanged: 0/0
  3754 ;; Data sizes:     COMMON   BANK0   BANK1   BANK2
  3755 ;;      Params:         0       0       0       0
  3756 ;;      Locals:         0       0       0       0
  3757 ;;      Temps:          0       0       0       0
  3758 ;;      Totals:         0       0       0       0
  3759 ;;Total ram usage:        0 bytes
  3760 ;; Hardware stack levels used: 1
  3761 ;; Hardware stack levels required when called: 4
  3762 ;; This function calls:
  3763 ;;		_TMR1_StopTimer
  3764 ;; This function is called by:
  3765 ;;		_main
  3766 ;; This function uses a non-reentrant model
  3767 ;;
  3768                           
  3769     012B                     _APP_Init:	
  3770                           ;psect for function _APP_Init
  3771                           
  3772     012B                     l1062:	
  3773                           ;incstack = 0
  3774                           ; Regs used in _APP_Init: [status,2+status,0+pclath+cstack]
  3775                           
  3776                           
  3777                           ;application/app.c: 9:     TMR1_StopTimer();
  3778     012B  3181  21D1  3181   	fcall	_TMR1_StopTimer
  3779     012E                     l1064:
  3780     012E  0021               	movlb	1	; select bank1
  3781     012F  128C               	bcf	12,5	;volatile
  3782     0130                     l1066:
  3783     0130  0025               	movlb	5	; select bank5
  3784     0131  128C               	bcf	12,5	;volatile
  3785     0132                     l1068:
  3786     0132  1003               	clrc
  3787     0133  0022               	movlb	2	; select bank2
  3788     0134  1E8C               	btfss	12,5	;volatile
  3789     0135  1403               	setc
  3790     0136  1803               	btfsc	3,0
  3791     0137  2939               	goto	u81
  3792     0138  293C               	goto	u80
  3793     0139                     u81:
  3794     0139  0022               	movlb	2	; select bank2
  3795     013A  168C               	bsf	12,5	;volatile
  3796     013B  293E               	goto	u94
  3797     013C                     u80:
  3798     013C  0022               	movlb	2	; select bank2
  3799     013D  128C               	bcf	12,5	;volatile
  3800     013E                     u94:
  3801     013E                     l27:
  3802     013E  0008               	return
  3803     013F                     __end_of_APP_Init:
  3804                           
  3805                           	psect	text26
  3806     01D1                     __ptext26:	
  3807 ;; *************** function _TMR1_StopTimer *****************
  3808 ;; Defined at:
  3809 ;;		line 100 in file "mcc_generated_files/tmr1.c"
  3810 ;; Parameters:    Size  Location     Type
  3811 ;;		None
  3812 ;; Auto vars:     Size  Location     Type
  3813 ;;		None
  3814 ;; Return value:  Size  Location     Type
  3815 ;;                  1    wreg      void 
  3816 ;; Registers used:
  3817 ;;		None
  3818 ;; Tracked objects:
  3819 ;;		On entry : 0/0
  3820 ;;		On exit  : 0/0
  3821 ;;		Unchanged: 0/0
  3822 ;; Data sizes:     COMMON   BANK0   BANK1   BANK2
  3823 ;;      Params:         0       0       0       0
  3824 ;;      Locals:         0       0       0       0
  3825 ;;      Temps:          0       0       0       0
  3826 ;;      Totals:         0       0       0       0
  3827 ;;Total ram usage:        0 bytes
  3828 ;; Hardware stack levels used: 1
  3829 ;; Hardware stack levels required when called: 3
  3830 ;; This function calls:
  3831 ;;		Nothing
  3832 ;; This function is called by:
  3833 ;;		_APP_Init
  3834 ;;		_APP_Task
  3835 ;; This function uses a non-reentrant model
  3836 ;;
  3837                           
  3838     01D1                     _TMR1_StopTimer:	
  3839                           ;psect for function _TMR1_StopTimer
  3840                           
  3841     01D1                     l960:	
  3842                           ;incstack = 0
  3843                           ; Regs used in _TMR1_StopTimer: []
  3844                           
  3845                           
  3846                           ;mcc_generated_files/tmr1.c: 103:     T1CONbits.TMR1ON = 0;
  3847     01D1  0020               	movlb	0	; select bank0
  3848     01D2  1018               	bcf	24,0	;volatile
  3849     01D3                     l282:
  3850     01D3  0008               	return
  3851     01D4                     __end_of_TMR1_StopTimer:
  3852                           
  3853                           	psect	intentry
  3854     0004                     __pintentry:	
  3855 ;; *************** function _INTERRUPT_InterruptManager *****************
  3856 ;; Defined at:
  3857 ;;		line 52 in file "mcc_generated_files/interrupt_manager.c"
  3858 ;; Parameters:    Size  Location     Type
  3859 ;;		None
  3860 ;; Auto vars:     Size  Location     Type
  3861 ;;		None
  3862 ;; Return value:  Size  Location     Type
  3863 ;;                  1    wreg      void 
  3864 ;; Registers used:
  3865 ;;		wreg, status,2, status,0, pclath, cstack
  3866 ;; Tracked objects:
  3867 ;;		On entry : 0/0
  3868 ;;		On exit  : 0/0
  3869 ;;		Unchanged: 0/0
  3870 ;; Data sizes:     COMMON   BANK0   BANK1   BANK2
  3871 ;;      Params:         0       0       0       0
  3872 ;;      Locals:         0       0       0       0
  3873 ;;      Temps:          0       0       0       0
  3874 ;;      Totals:         0       0       0       0
  3875 ;;Total ram usage:        0 bytes
  3876 ;; Hardware stack levels used: 1
  3877 ;; Hardware stack levels required when called: 2
  3878 ;; This function calls:
  3879 ;;		_TMR1_ISR
  3880 ;; This function is called by:
  3881 ;;		Interrupt level 1
  3882 ;; This function uses a non-reentrant model
  3883 ;;
  3884                           
  3885     0004                     _INTERRUPT_InterruptManager:
  3886                           
  3887                           ;incstack = 0
  3888     0004  147E               	bsf	int$flags,0	;set compiler interrupt flag (level 1)
  3889                           
  3890                           ; Regs used in _INTERRUPT_InterruptManager: [wreg+status,2+status,0+pclath+cstack]
  3891     0005  3180               	pagesel	$
  3892     0006                     i1l1366:
  3893                           
  3894                           ;mcc_generated_files/interrupt_manager.c: 55:     if(INTCONbits.PEIE == 1)
  3895     0006  1F0B               	btfss	11,6	;volatile
  3896     0007  2809               	goto	u36_21
  3897     0008  280A               	goto	u36_20
  3898     0009                     u36_21:
  3899     0009  2817               	goto	i1l326
  3900     000A                     u36_20:
  3901     000A                     i1l1368:
  3902                           
  3903                           ;mcc_generated_files/interrupt_manager.c: 56:     {;mcc_generated_files/interrupt_manage
      +                          r.c: 57:         if(PIE1bits.TMR1IE == 1 && PIR1bits.TMR1IF == 1)
  3904     000A  0021               	movlb	1	; select bank1
  3905     000B  1C11               	btfss	17,0	;volatile
  3906     000C  280E               	goto	u37_21
  3907     000D  280F               	goto	u37_20
  3908     000E                     u37_21:
  3909     000E  2817               	goto	i1l326
  3910     000F                     u37_20:
  3911     000F                     i1l1370:
  3912     000F  0020               	movlb	0	; select bank0
  3913     0010  1C11               	btfss	17,0	;volatile
  3914     0011  2813               	goto	u38_21
  3915     0012  2814               	goto	u38_20
  3916     0013                     u38_21:
  3917     0013  2817               	goto	i1l326
  3918     0014                     u38_20:
  3919     0014                     i1l1372:
  3920                           
  3921                           ;mcc_generated_files/interrupt_manager.c: 58:         {;mcc_generated_files/interrupt_ma
      +                          nager.c: 59:             TMR1_ISR();
  3922     0014  3181  2115  3180   	fcall	_TMR1_ISR
  3923     0017                     i1l326:	
  3924                           ;mcc_generated_files/interrupt_manager.c: 60:         }
  3925                           
  3926     0017  107E               	bcf	int$flags,0	;clear compiler interrupt flag (level 1)
  3927     0018  0009               	retfie
  3928     0019                     __end_of_INTERRUPT_InterruptManager:
  3929                           
  3930                           	psect	text28
  3931     0115                     __ptext28:	
  3932 ;; *************** function _TMR1_ISR *****************
  3933 ;; Defined at:
  3934 ;;		line 158 in file "mcc_generated_files/tmr1.c"
  3935 ;; Parameters:    Size  Location     Type
  3936 ;;		None
  3937 ;; Auto vars:     Size  Location     Type
  3938 ;;		None
  3939 ;; Return value:  Size  Location     Type
  3940 ;;                  1    wreg      void 
  3941 ;; Registers used:
  3942 ;;		wreg, status,2, status,0, pclath, cstack
  3943 ;; Tracked objects:
  3944 ;;		On entry : 0/0
  3945 ;;		On exit  : 0/0
  3946 ;;		Unchanged: 0/0
  3947 ;; Data sizes:     COMMON   BANK0   BANK1   BANK2
  3948 ;;      Params:         0       0       0       0
  3949 ;;      Locals:         0       0       0       0
  3950 ;;      Temps:          0       0       0       0
  3951 ;;      Totals:         0       0       0       0
  3952 ;;Total ram usage:        0 bytes
  3953 ;; Hardware stack levels used: 1
  3954 ;; Hardware stack levels required when called: 1
  3955 ;; This function calls:
  3956 ;;		NULL
  3957 ;;		_TMR1_DefaultInterruptHandler
  3958 ;;		i1_TMR1_WriteTimer
  3959 ;; This function is called by:
  3960 ;;		_INTERRUPT_InterruptManager
  3961 ;; This function uses a non-reentrant model
  3962 ;;
  3963                           
  3964     0115                     _TMR1_ISR:	
  3965                           ;psect for function _TMR1_ISR
  3966                           
  3967     0115                     i1l1346:	
  3968                           ;incstack = 0
  3969                           ; Regs used in _TMR1_ISR: [wreg+status,2+status,0+pclath+cstack]
  3970                           
  3971                           
  3972                           ;mcc_generated_files/tmr1.c: 162:     PIR1bits.TMR1IF = 0;
  3973     0115  0020               	movlb	0	; select bank0
  3974     0116  1011               	bcf	17,0	;volatile
  3975     0117                     i1l1348:
  3976                           
  3977                           ;mcc_generated_files/tmr1.c: 163:     TMR1_WriteTimer(timer1ReloadVal);
  3978     0117  0879               	movf	_timer1ReloadVal+1,w	;volatile
  3979     0118  00F1               	movwf	i1TMR1_WriteTimer@timerVal+1
  3980     0119  0878               	movf	_timer1ReloadVal,w	;volatile
  3981     011A  00F0               	movwf	i1TMR1_WriteTimer@timerVal
  3982     011B  3181  2163  3181   	fcall	i1_TMR1_WriteTimer
  3983     011E                     i1l1350:
  3984                           
  3985                           ;mcc_generated_files/tmr1.c: 165:     if(TMR1_InterruptHandler)
  3986     011E  0020               	movlb	0	; select bank0
  3987     011F  0820               	movf	_TMR1_InterruptHandler,w
  3988     0120  0421               	iorwf	_TMR1_InterruptHandler+1,w
  3989     0121  1903               	btfsc	3,2
  3990     0122  2924               	goto	u33_21
  3991     0123  2925               	goto	u33_20
  3992     0124                     u33_21:
  3993     0124  292A               	goto	i1l303
  3994     0125                     u33_20:
  3995     0125                     i1l1352:
  3996                           
  3997                           ;mcc_generated_files/tmr1.c: 166:     {;mcc_generated_files/tmr1.c: 167:         TMR1_In
      +                          terruptHandler();
  3998     0125  0821               	movf	_TMR1_InterruptHandler+1,w
  3999     0126  008A               	movwf	10
  4000     0127  0820               	movf	_TMR1_InterruptHandler,w
  4001     0128  000A               	callw
  4002     0129  3181               	pagesel	$
  4003     012A                     i1l303:
  4004     012A  0008               	return
  4005     012B                     __end_of_TMR1_ISR:
  4006                           
  4007                           	psect	text29
  4008     0163                     __ptext29:	
  4009 ;; *************** function i1_TMR1_WriteTimer *****************
  4010 ;; Defined at:
  4011 ;;		line 121 in file "mcc_generated_files/tmr1.c"
  4012 ;; Parameters:    Size  Location     Type
  4013 ;;  timerVal        2    0[COMMON] unsigned short 
  4014 ;; Auto vars:     Size  Location     Type
  4015 ;;		None
  4016 ;; Return value:  Size  Location     Type
  4017 ;;                  1    wreg      void 
  4018 ;; Registers used:
  4019 ;;		wreg, status,2
  4020 ;; Tracked objects:
  4021 ;;		On entry : 0/0
  4022 ;;		On exit  : 0/0
  4023 ;;		Unchanged: 0/0
  4024 ;; Data sizes:     COMMON   BANK0   BANK1   BANK2
  4025 ;;      Params:         2       0       0       0
  4026 ;;      Locals:         0       0       0       0
  4027 ;;      Temps:          0       0       0       0
  4028 ;;      Totals:         2       0       0       0
  4029 ;;Total ram usage:        2 bytes
  4030 ;; Hardware stack levels used: 1
  4031 ;; This function calls:
  4032 ;;		Nothing
  4033 ;; This function is called by:
  4034 ;;		_TMR1_ISR
  4035 ;; This function uses a non-reentrant model
  4036 ;;
  4037                           
  4038     0163                     i1_TMR1_WriteTimer:	
  4039                           ;psect for function i1_TMR1_WriteTimer
  4040                           
  4041     0163                     i1l1298:	
  4042                           ;incstack = 0
  4043                           ; Regs used in i1_TMR1_WriteTimer: [wreg+status,2]
  4044                           
  4045                           
  4046                           ;mcc_generated_files/tmr1.c: 121: void TMR1_WriteTimer(uint16_t timerVal);mcc_generated_
      +                          files/tmr1.c: 122: {;mcc_generated_files/tmr1.c: 123:     if (T1CONbits.nT1SYNC == 1)
  4047     0163  0020               	movlb	0	; select bank0
  4048     0164  1D18               	btfss	24,2	;volatile
  4049     0165  2967               	goto	u29_21
  4050     0166  2968               	goto	u29_20
  4051     0167                     u29_21:
  4052     0167  296F               	goto	i1l1308
  4053     0168                     u29_20:
  4054     0168                     i1l1300:
  4055                           
  4056                           ;mcc_generated_files/tmr1.c: 124:     {;mcc_generated_files/tmr1.c: 126:         T1CONbi
      +                          ts.TMR1ON = 0;
  4057     0168  1018               	bcf	24,0	;volatile
  4058     0169                     i1l1302:
  4059                           
  4060                           ;mcc_generated_files/tmr1.c: 129:         TMR1H = (uint8_t)(timerVal >> 8);
  4061     0169  0871               	movf	i1TMR1_WriteTimer@timerVal+1,w
  4062     016A  0097               	movwf	23	;volatile
  4063     016B                     i1l1304:
  4064                           
  4065                           ;mcc_generated_files/tmr1.c: 130:         TMR1L = (uint8_t)timerVal;
  4066     016B  0870               	movf	i1TMR1_WriteTimer@timerVal,w
  4067     016C  0096               	movwf	22	;volatile
  4068     016D                     i1l1306:
  4069                           
  4070                           ;mcc_generated_files/tmr1.c: 133:         T1CONbits.TMR1ON =1;
  4071     016D  1418               	bsf	24,0	;volatile
  4072                           
  4073                           ;mcc_generated_files/tmr1.c: 134:     }
  4074     016E  2973               	goto	i1l290
  4075     016F                     i1l1308:
  4076                           
  4077                           ;mcc_generated_files/tmr1.c: 136:     {;mcc_generated_files/tmr1.c: 138:         TMR1H =
      +                           (uint8_t)(timerVal >> 8);
  4078     016F  0871               	movf	i1TMR1_WriteTimer@timerVal+1,w
  4079     0170  0097               	movwf	23	;volatile
  4080     0171                     i1l1310:
  4081                           
  4082                           ;mcc_generated_files/tmr1.c: 139:         TMR1L = (uint8_t)timerVal;
  4083     0171  0870               	movf	i1TMR1_WriteTimer@timerVal,w
  4084     0172  0096               	movwf	22	;volatile
  4085     0173                     i1l290:
  4086     0173  0008               	return
  4087     0174                     __end_ofi1_TMR1_WriteTimer:
  4088                           
  4089                           	psect	text30
  4090     01D4                     __ptext30:	
  4091 ;; *************** function _TMR1_DefaultInterruptHandler *****************
  4092 ;; Defined at:
  4093 ;;		line 176 in file "mcc_generated_files/tmr1.c"
  4094 ;; Parameters:    Size  Location     Type
  4095 ;;		None
  4096 ;; Auto vars:     Size  Location     Type
  4097 ;;		None
  4098 ;; Return value:  Size  Location     Type
  4099 ;;                  1    wreg      void 
  4100 ;; Registers used:
  4101 ;;		status,2
  4102 ;; Tracked objects:
  4103 ;;		On entry : 0/0
  4104 ;;		On exit  : 0/0
  4105 ;;		Unchanged: 0/0
  4106 ;; Data sizes:     COMMON   BANK0   BANK1   BANK2
  4107 ;;      Params:         0       0       0       0
  4108 ;;      Locals:         0       0       0       0
  4109 ;;      Temps:          0       0       0       0
  4110 ;;      Totals:         0       0       0       0
  4111 ;;Total ram usage:        0 bytes
  4112 ;; Hardware stack levels used: 1
  4113 ;; This function calls:
  4114 ;;		Nothing
  4115 ;; This function is called by:
  4116 ;;		_TMR1_Initialize
  4117 ;;		_TMR1_ISR
  4118 ;; This function uses a non-reentrant model
  4119 ;;
  4120                           
  4121     01D4                     _TMR1_DefaultInterruptHandler:	
  4122                           ;psect for function _TMR1_DefaultInterruptHandler
  4123                           
  4124     01D4                     i1l1296:	
  4125                           ;incstack = 0
  4126                           ; Regs used in _TMR1_DefaultInterruptHandler: [status,2]
  4127                           
  4128                           
  4129                           ;mcc_generated_files/tmr1.c: 177:    MotionPresent = 0;
  4130     01D4  01FA               	clrf	_MotionPresent
  4131     01D5                     i1l309:
  4132     01D5  0008               	return
  4133     01D6                     __end_of_TMR1_DefaultInterruptHandler:
  4134     0000                     ___latbits      equ	0
  4135     007E                     btemp           set	126	;btemp
  4136     007E                     int$flags       set	126
  4137     007E                     wtemp0          set	126
  4138                           
  4139                           	psect	idloc
  4140                           
  4141                           ;Config register IDLOC0 @ 0x8000
  4142                           ;	unspecified, using default values
  4143     8000                     	org	32768
  4144     8000  3FFF               	dw	16383
  4145                           
  4146                           ;Config register IDLOC1 @ 0x8001
  4147                           ;	unspecified, using default values
  4148     8001                     	org	32769
  4149     8001  3FFF               	dw	16383
  4150                           
  4151                           ;Config register IDLOC2 @ 0x8002
  4152                           ;	unspecified, using default values
  4153     8002                     	org	32770
  4154     8002  3FFF               	dw	16383
  4155                           
  4156                           ;Config register IDLOC3 @ 0x8003
  4157                           ;	unspecified, using default values
  4158     8003                     	org	32771
  4159     8003  3FFF               	dw	16383
  4160                           
  4161                           	psect	config
  4162                           
  4163                           ;Config register CONFIG1 @ 0x8007
  4164                           ;	
  4165                           ;	FOSC = INTOSC, INTOSC oscillator; I/O function on CLKIN pin
  4166                           ;	Watchdog Timer Enable
  4167                           ;	WDTE = OFF, WDT disabled
  4168                           ;	Power-up Timer Enable
  4169                           ;	PWRTE = OFF, PWRT disabled
  4170                           ;	MCLR Pin Function Select
  4171                           ;	MCLRE = ON, MCLR/VPP pin function is MCLR
  4172                           ;	Flash Program Memory Code Protection
  4173                           ;	CP = OFF, Program memory code protection is disabled
  4174                           ;	Brown-out Reset Enable
  4175                           ;	BOREN = ON, Brown-out Reset enabled
  4176                           ;	Clock Out Enable
  4177                           ;	CLKOUTEN = OFF, CLKOUT function is disabled. I/O or oscillator function on the CLKOUT 
      +                          pin
  4178     8007                     	org	32775
  4179     8007  3FE4               	dw	16356
  4180                           
  4181                           ;Config register CONFIG2 @ 0x8008
  4182                           ;	Flash Memory Self-Write Protection
  4183                           ;	WRT = OFF, Write protection off
  4184                           ;	PLL Enable
  4185                           ;	PLLEN = OFF, 4x PLL disabled
  4186                           ;	Stack Overflow/Underflow Reset Enable
  4187                           ;	STVREN = ON, Stack Overflow or Underflow will cause a Reset
  4188                           ;	Brown-out Reset Voltage Selection
  4189                           ;	BORV = LO, Brown-out Reset Voltage (Vbor), low trip point selected.
  4190                           ;	Low Power Brown-out Reset enable bit
  4191                           ;	LPBOREN = OFF, LPBOR is disabled
  4192                           ;	Low-Voltage Programming Enable
  4193                           ;	LVP = ON, Low-voltage programming enabled
  4194     8008                     	org	32776
  4195     8008  3EFF               	dw	16127

Data Sizes:
    Strings     0
    Constant    0
    Data        0
    BSS         6
    Persistent  40
    Stack       0

Auto Spaces:
    Space          Size  Autos    Used
    COMMON           14      8      11
    BANK0            80      5      16
    BANK1            80      0       0
    BANK2            80      0       0

Pointer List with Targets:

    ADC1_InterruptHandler	PTR FTN()void  size(2) Largest target is 1
		 -> NULL(), 

    EUSART_ErrorHandler	PTR FTN()void  size(2) Largest target is 1
		 -> EUSART_DefaultErrorHandler(), NULL(), 

    EUSART_FramingErrorHandler	PTR FTN()void  size(2) Largest target is 1
		 -> EUSART_DefaultFramingErrorHandler(), NULL(), 

    EUSART_OverrunErrorHandler	PTR FTN()void  size(2) Largest target is 1
		 -> EUSART_DefaultOverrunErrorHandler(), NULL(), 

    EUSART_SetErrorHandler@interruptHandler	PTR FTN()void  size(2) Largest target is 1
		 -> EUSART_DefaultErrorHandler(), 

    EUSART_SetFramingErrorHandler@interruptHandler	PTR FTN()void  size(2) Largest target is 1
		 -> EUSART_DefaultFramingErrorHandler(), 

    EUSART_SetOverrunErrorHandler@interruptHandler	PTR FTN()void  size(2) Largest target is 1
		 -> EUSART_DefaultOverrunErrorHandler(), 

    TMR1_InterruptHandler	PTR FTN()void  size(2) Largest target is 1
		 -> TMR1_DefaultInterruptHandler(), NULL(), 

    TMR1_SetInterruptHandler@InterruptHandler	PTR FTN()void  size(2) Largest target is 1
		 -> TMR1_DefaultInterruptHandler(), 


Critical Paths under _main in COMMON

    _TMR1_Initialize->_TMR1_SetInterruptHandler
    _EUSART_Initialize->_EUSART_SetErrorHandler
    _EUSART_Initialize->_EUSART_SetFramingErrorHandler
    _EUSART_Initialize->_EUSART_SetOverrunErrorHandler
    _TMR1_Reload->_TMR1_WriteTimer
    _IsDarkCondition->_ReadLDR1
    _IsDarkCondition->_ReadLDR2
    _ReadLDR2->_ADC1_GetConversionResult
    _ReadLDR2->_ADC1_SelectChannel
    _ReadLDR1->_ADC1_GetConversionResult
    _ReadLDR1->_ADC1_SelectChannel

Critical Paths under _INTERRUPT_InterruptManager in COMMON

    _TMR1_ISR->i1_TMR1_WriteTimer

Critical Paths under _main in BANK0

    _APP_Task->_IsDarkCondition

Critical Paths under _INTERRUPT_InterruptManager in BANK0

    None.

Critical Paths under _main in BANK1

    None.

Critical Paths under _INTERRUPT_InterruptManager in BANK1

    None.

Critical Paths under _main in BANK2

    None.

Critical Paths under _INTERRUPT_InterruptManager in BANK2

    None.

Call Graph Tables:

 ---------------------------------------------------------------------------------
 (Depth) Function   	        Calls       Base Space   Used Autos Params    Refs
 ---------------------------------------------------------------------------------
 (0) _main                                                 2     2      0     380
                                              6 COMMON     2     2      0
                           _APP_Init
                           _APP_Task
                  _SYSTEM_Initialize
 ---------------------------------------------------------------------------------
 (1) _SYSTEM_Initialize                                    0     0      0      92
                    _ADC1_Initialize
                  _EUSART_Initialize
              _OSCILLATOR_Initialize
             _PIN_MANAGER_Initialize
                    _TMR1_Initialize
                     _WDT_Initialize
 ---------------------------------------------------------------------------------
 (2) _WDT_Initialize                                       0     0      0       0
 ---------------------------------------------------------------------------------
 (2) _TMR1_Initialize                                      0     0      0      23
           _TMR1_SetInterruptHandler
 ---------------------------------------------------------------------------------
 (3) _TMR1_SetInterruptHandler                             2     0      2      23
                                              2 COMMON     2     0      2
 ---------------------------------------------------------------------------------
 (2) _PIN_MANAGER_Initialize                               0     0      0       0
 ---------------------------------------------------------------------------------
 (2) _OSCILLATOR_Initialize                                0     0      0       0
 ---------------------------------------------------------------------------------
 (2) _EUSART_Initialize                                    0     0      0      69
             _EUSART_SetErrorHandler
      _EUSART_SetFramingErrorHandler
      _EUSART_SetOverrunErrorHandler
 ---------------------------------------------------------------------------------
 (3) _EUSART_SetOverrunErrorHandler                        2     0      2      23
                                              2 COMMON     2     0      2
 ---------------------------------------------------------------------------------
 (3) _EUSART_SetFramingErrorHandler                        2     0      2      23
                                              2 COMMON     2     0      2
 ---------------------------------------------------------------------------------
 (3) _EUSART_SetErrorHandler                               2     0      2      23
                                              2 COMMON     2     0      2
 ---------------------------------------------------------------------------------
 (2) _ADC1_Initialize                                      0     0      0       0
 ---------------------------------------------------------------------------------
 (1) _APP_Task                                             0     0      0     288
                    _IsDarkCondition
                   _IsMotionDetected
                        _TMR1_Reload
                    _TMR1_StartTimer
                     _TMR1_StopTimer
 ---------------------------------------------------------------------------------
 (2) _TMR1_StartTimer                                      0     0      0       0
 ---------------------------------------------------------------------------------
 (2) _TMR1_Reload                                          0     0      0      89
                    _TMR1_WriteTimer
 ---------------------------------------------------------------------------------
 (3) _TMR1_WriteTimer                                      2     0      2      89
                                              2 COMMON     2     0      2
 ---------------------------------------------------------------------------------
 (2) _IsMotionDetected                                     0     0      0       0
                            _ReadPIR
 ---------------------------------------------------------------------------------
 (3) _ReadPIR                                              0     0      0       0
 ---------------------------------------------------------------------------------
 (2) _IsDarkCondition                                      5     5      0     199
                                              0 BANK0      5     5      0
                           _ReadLDR1
                           _ReadLDR2
 ---------------------------------------------------------------------------------
 (3) _ReadLDR2                                             2     0      2      47
                                              4 COMMON     2     0      2
           _ADC1_GetConversionResult
              _ADC1_IsConversionDone
                 _ADC1_SelectChannel
               _ADC1_StartConversion
 ---------------------------------------------------------------------------------
 (3) _ReadLDR1                                             2     0      2      47
                                              4 COMMON     2     0      2
           _ADC1_GetConversionResult
              _ADC1_IsConversionDone
                 _ADC1_SelectChannel
               _ADC1_StartConversion
 ---------------------------------------------------------------------------------
 (4) _ADC1_StartConversion                                 0     0      0       0
 ---------------------------------------------------------------------------------
 (4) _ADC1_SelectChannel                                   2     2      0      47
                                              2 COMMON     2     2      0
 ---------------------------------------------------------------------------------
 (4) _ADC1_IsConversionDone                                0     0      0       0
 ---------------------------------------------------------------------------------
 (4) _ADC1_GetConversionResult                             2     0      2       0
                                              2 COMMON     2     0      2
 ---------------------------------------------------------------------------------
 (1) _APP_Init                                             0     0      0       0
                     _TMR1_StopTimer
 ---------------------------------------------------------------------------------
 (2) _TMR1_StopTimer                                       0     0      0       0
 ---------------------------------------------------------------------------------
 Estimated maximum stack depth 4
 ---------------------------------------------------------------------------------
 (Depth) Function   	        Calls       Base Space   Used Autos Params    Refs
 ---------------------------------------------------------------------------------
 (5) _INTERRUPT_InterruptManager                           0     0      0      89
                           _TMR1_ISR
 ---------------------------------------------------------------------------------
 (6) _TMR1_ISR                                             0     0      0      89
                                NULL *
       _TMR1_DefaultInterruptHandler *
                  i1_TMR1_WriteTimer
 ---------------------------------------------------------------------------------
 (7) i1_TMR1_WriteTimer                                    2     0      2      89
                                              0 COMMON     2     0      2
 ---------------------------------------------------------------------------------
 (7) _TMR1_DefaultInterruptHandler                         0     0      0       0
 ---------------------------------------------------------------------------------
 (7) NULL(Fake)                                            0     0      0       0
 ---------------------------------------------------------------------------------
 Estimated maximum stack depth 7
 ---------------------------------------------------------------------------------

 Call Graph Graphs:

 _main (ROOT)
   _APP_Init
     _TMR1_StopTimer
   _APP_Task
     _IsDarkCondition
       _ReadLDR1
         _ADC1_GetConversionResult
         _ADC1_IsConversionDone
         _ADC1_SelectChannel
         _ADC1_StartConversion
       _ReadLDR2
         _ADC1_GetConversionResult
         _ADC1_IsConversionDone
         _ADC1_SelectChannel
         _ADC1_StartConversion
     _IsMotionDetected
       _ReadPIR
     _TMR1_Reload
       _TMR1_WriteTimer
     _TMR1_StartTimer
     _TMR1_StopTimer
   _SYSTEM_Initialize
     _ADC1_Initialize
     _EUSART_Initialize
       _EUSART_SetErrorHandler
       _EUSART_SetFramingErrorHandler
       _EUSART_SetOverrunErrorHandler
     _OSCILLATOR_Initialize
     _PIN_MANAGER_Initialize
     _TMR1_Initialize
       _TMR1_SetInterruptHandler
     _WDT_Initialize

 _INTERRUPT_InterruptManager (ROOT)
   _TMR1_ISR
     NULL(Fake) *
     _TMR1_DefaultInterruptHandler *
     i1_TMR1_WriteTimer *

Address spaces:
Name               Size   Autos  Total    Usage
BITCOMMON           14      0       0      0.0%
BITBANK0            80      0       0      0.0%
BITBANK1            80      0       0      0.0%
BITBANK2            80      0       0      0.0%
BIGRAM             240      0       0      0.0%
COMMON              14      8      11     78.6%
BANK0               80      5      16     20.0%
BANK1               80      0       0      0.0%
BANK2               80      0       0      0.0%
STACK                0      0       0      0.0%
DATA                 0      0      27      0.0%


Microchip Technology PIC Macro Assembler V3.00 build 20241204225717 
Symbol Table                                                                                   Wed Jun 11 06:01:34 2025

                                           l41 0054                                             l27 013E  
                                           l63 00FD                                             l57 0114  
                                           l66 01C2                                             l87 00E6  
                                           u80 013C                                             u81 0139  
                                           u94 013E                            IsDarkCondition@ldr1 0028  
                          IsDarkCondition@ldr2 002A                                            l112 0180  
                                          l121 01BD                                            l202 009D  
                                          l115 01D0                                            l109 0189  
                                          l118 019F                                            l241 01B1  
                                          l153 0151                                            l306 01A5  
                                          l340 01CA                                            l244 01AB  
                                          l156 0198                                            l247 01B7  
                                          l159 01C6                                            l337 007B  
                                          l282 01D3                                            l290 0162  
                                          l276 00CE                                            l293 0191  
                                          l279 01CD                                            l934 01BE  
                                          l960 01D1                                            l980 01CB  
                                          l990 00D9                                            l976 01C7  
                                          l992 00DD                                            l984 00CF  
                                          l994 00E0                                            l986 00D1  
                                          l996 00E3                                            l988 00D4  
                                          l998 0181                                            u400 00F6  
                                          u401 00F5                                            u410 006F  
                                          u411 006E                                            u420 0078  
                                          u260 0157                                            u421 0077  
                                          u261 0156                                            u430 002C  
                                          u431 002B                                            u440 0031  
                                          u441 0030                                            u450 0039  
                                          u451 0038                                            u390 010D  
                                          u391 010C                                            u467 00AE  
                              _timer1ReloadVal 0078                 ?_EUSART_SetFramingErrorHandler 0072  
                             _IsMotionDetected 01C7                              ??_IsDarkCondition 0076  
                                          wreg 0009                                           l1000 0184  
                                         l1002 0187                                           l1004 0192  
                                         l1006 0195                                           l1008 01C3  
                                         l1062 012B                                           l1230 01AC  
                                         l1064 012E                                           l1400 00FE  
                                         l1240 0157                                           l1232 01A6  
                                         l1066 0130                                           l1402 0102  
                                         l1410 00E7                                           l1250 0160  
                                         l1242 0158                                           l1234 01B2  
                                         l1068 0132                                           l1404 0105  
                                         l1412 00EB                                           l1420 0055  
                                         l1244 015A                                           l1236 01A0  
                                         l1340 013F                                           l1406 010D  
                                         l1414 00EE                                           l1430 007A  
                                         l1422 0065                                           l1246 015C  
                                         l1238 0152                                           l1270 00B9  
                                         l1342 014B                                           l1416 00F6  
                                         l1424 0066                                           l1248 015E  
                                         l1440 0039                                           l1280 00C4  
                                         l1272 00BB                                           l1344 014E  
                                         l1426 006F                                           l1266 018A  
                                         l1450 0047                                           l1442 003C  
                                         l1434 0024                                           l1290 008D  
                                         l1282 00CB                                           l1274 00BD  
                                         l1428 0078                                           l1460 0052  
                                         l1452 0048                                           l1444 003E  
                                         l1436 002C                                           l1292 0094  
                                         l1284 007C                                           l1276 00BE  
                                         l1268 00B7                                           l1390 01CE  
                                         l1446 0041                                           l1438 0031  
                                         l1454 004B                                           l1294 009B  
                                         l1286 0085                                           l1278 00C2  
                                         l1470 00A6                                           l1462 009E  
                                         l1392 0199                                           l1456 004E  
                                         l1448 0044                                           l1288 0086  
                                         l1472 00A9                                           l1464 00A1  
                                         l1386 0175                                           l1458 0051  
                                         l1466 00A2                                           l1396 01B8  
                                         l1388 017F                                           l1468 00A3  
                                         _LATA 010C                                           _WPUA 020C  
                    ADC1_SelectChannel@channel 0073                                           _main 009E  
                                         btemp 007E                                           start 0019  
                   ??_TMR1_SetInterruptHandler 0074                                __end_of_ReadPIR 01C3  
                             __end_of_APP_Init 013F                               __end_of_APP_Task 0055  
                __end_of_OSCILLATOR_Initialize 0199                                          ?_main 0070  
                              _TMR1_StartTimer 01CB                                          _T1CON 0018  
                                        i1l303 012A                                          i1l309 01D5  
                                        i1l326 0017                                          i1l290 0173  
                                        _RCREG 0199                                          _RCSTA 019D  
                                        u33_20 0125                                          u33_21 0124  
                                        _TMR1H 0017                                          _TMR1L 0016  
                                        u36_20 000A                                          u36_21 0009  
                                        u29_20 0168                                          u37_20 000F  
                                        u29_21 0167                                          u37_21 000E  
                                        u38_20 0014                                          u38_21 0013  
                                        _TRISA 008C                                          _TXREG 019A  
                                        _TXSTA 019E                        ??_ADC1_IsConversionDone 0072  
                             __end_of_TMR1_ISR 012B                                 _WDT_Initialize 01C3  
                      __end_of_TMR1_Initialize 00CF                                          pclath 000A  
                                        status 0003                                          wtemp0 007E  
                              _TMR1_WriteTimer 0152                                __initialization 001A  
                                 __end_of_main 00B7                               __end_of_ReadLDR1 0115  
                             __end_of_ReadLDR2 00FE                    ?_INTERRUPT_InterruptManager 0070  
                                       ??_main 0076                         __end_of_WDT_Initialize 01C7  
            _EUSART_DefaultFramingErrorHandler 0000                                         _ADCON0 009D  
                                       _ADCON1 009E                                         _ADCON2 009F  
                   _EUSART_OverrunErrorHandler 0024                                         _ADRESH 009C  
                                       _ADRESL 009B                                         _APFCON 011D  
                                       _ANSELA 018C                                         _BORCON 0116  
                                       _T1GCON 0019                        TMR1_WriteTimer@timerVal 0072  
                                       i1l1300 0168                                         i1l1310 0171  
                                       i1l1302 0169                                         i1l1304 016B  
                                       i1l1306 016D                                         i1l1308 016F  
                                       i1l1350 011E                                         i1l1352 0125  
                                       _ODCONA 028C                                         i1l1346 0115  
                                       i1l1370 000F                                         i1l1348 0117  
                                       i1l1372 0014                                         i1l1366 0006  
                                       i1l1296 01D4                                         i1l1368 000A  
                                       i1l1298 0163                                         _INLVLA 038C  
                           _ADC1_SelectChannel 0174                     ??_ADC1_GetConversionResult 0074  
                                       _OSCCON 0099                                         _SPBRGH 019C  
                                       _SPBRGL 019B                                         _WDTCON 0097  
                                    ??_ReadPIR 0072                            ?_ADC1_SelectChannel 0070  
         __end_of_TMR1_DefaultInterruptHandler 01D6                   _TMR1_DefaultInterruptHandler 01D4  
                    i1TMR1_WriteTimer@timerVal 0070                        __end_of_TMR1_StartTimer 01CE  
                                 ?_TMR1_Reload 0070                           ??_ADC1_SelectChannel 0072  
                              ?_WDT_Initialize 0070       TMR1_SetInterruptHandler@InterruptHandler 0072  
                      __end_of_TMR1_WriteTimer 0163                               ?_TMR1_Initialize 0070  
                            _SYSTEM_Initialize 013F                                      ?_APP_Init 0070  
                                    ?_APP_Task 0070                        __end_of__initialization 0021  
                           ?_SYSTEM_Initialize 0070                       __end_of_IsMotionDetected 01CB  
                               __pcstackCOMMON 0070                            ??_SYSTEM_Initialize 0074  
                              _IsDarkCondition 0055                                      ?_TMR1_ISR 0070  
                ?_TMR1_DefaultInterruptHandler 0070                                 _OPTION_REGbits 0095  
              ??_EUSART_SetOverrunErrorHandler 0074                      __end_of_SYSTEM_Initialize 0152  
                                   __pbssBANK0 002D                                      ?_ReadLDR1 0074  
                                    ?_ReadLDR2 0074                                     ??_APP_Init 0072  
                                   ??_APP_Task 0076                                     __pmaintext 009E  
                             ?_TMR1_StartTimer 0070                                     ??_TMR1_ISR 0072  
                                   __pintentry 0004                                        _BAUDCON 019F  
                          _IsDarkCondition$742 002C                                        _OSCTUNE 0098  
                                      _SLRCONA 030C                              ??_ADC1_Initialize 0072  
                 __end_of_ADC1_StartConversion 01D1                  __end_of_ADC1_IsConversionDone 01A0  
                     ??_EUSART_SetErrorHandler 0074                               ?_TMR1_WriteTimer 0072  
                                   ??_ReadLDR1 0076                                     ??_ReadLDR2 0076  
                      __end_of_IsDarkCondition 007C                                        _ReadPIR 01BE  
                                      __ptext1 013F                                        __ptext2 01C3  
                                      __ptext3 00B7                                        __ptext4 01A0  
                                      __ptext5 00CF                                        __ptext6 0192  
                                      __ptext7 007C                                        __ptext8 01A6  
                                      __ptext9 01AC                 ??_TMR1_DefaultInterruptHandler 0070  
                                    _T1CONbits 0018                          _OSCILLATOR_Initialize 0192  
                     ??_PIN_MANAGER_Initialize 0072                      ?_TMR1_SetInterruptHandler 0072  
                         end_of_initialization 0021          __end_of_EUSART_SetOverrunErrorHandler 01AC  
                _EUSART_SetOverrunErrorHandler 01A6                              _EUSART_Initialize 007C  
                           ?_EUSART_Initialize 0070                                      _RCSTAbits 019D  
                        _ADC1_InterruptHandler 002D                            ??_EUSART_Initialize 0074  
                             ??_WDT_Initialize 0072                                      _PORTAbits 000C  
                                    _TRISAbits 008C                      __end_of_EUSART_Initialize 009E  
                                    _TXSTAbits 019E                               ?_IsDarkCondition 0070  
                            ?_IsMotionDetected 0070                             ??_IsMotionDetected 0072  
                         _ADC1_StartConversion 01CE                     _EUSART_DefaultErrorHandler 0000  
                    ?_ADC1_GetConversionResult 0072                                 _TMR1_StopTimer 01D1  
                       ?_OSCILLATOR_Initialize 0070                            start_initialization 001A  
                                _MotionPresent 007A                 ?_EUSART_SetOverrunErrorHandler 0072  
                   _EUSART_FramingErrorHandler 0026                          ?_ADC1_StartConversion 0070  
                       _EUSART_SetErrorHandler 01B2                         __end_of_TMR1_StopTimer 01D4  
                              _ADC1_Initialize 0181                                    __pbssCOMMON 0078  
                                    ___latbits 0000                                  __pcstackBANK0 0028  
                                     ?_ReadPIR 0070                                      __pnvBANK0 0020  
                       _PIN_MANAGER_Initialize 00CF               __end_of_TMR1_SetInterruptHandler 01A6  
                              ?_TMR1_StopTimer 0070                   ??_INTERRUPT_InterruptManager 0072  
                        _ADC1_IsConversionDone 0199                                       _APP_Init 012B  
                            i1_TMR1_WriteTimer 0163                                       _APP_Task 0024  
                                     _LATAbits 010C         EUSART_SetErrorHandler@interruptHandler 0072  
                           ?i1_TMR1_WriteTimer 0070                                       _PIE1bits 0091  
                            _eusartRxLastError 002F                        __end_of_ADC1_Initialize 018A  
                                     _PIR1bits 0011                ??_EUSART_SetFramingErrorHandler 0074  
                       ??_ADC1_StartConversion 0072                                  ??_TMR1_Reload 0074  
                          ??i1_TMR1_WriteTimer 0072              _EUSART_DefaultOverrunErrorHandler 0000  
                                     _TMR1_ISR 0115                              ??_TMR1_Initialize 0074  
                                   _ADCON0bits 009D                      __end_ofi1_TMR1_WriteTimer 0174  
                                     _ReadLDR1 00FE                                       _ReadLDR2 00E7  
             __end_of_ADC1_GetConversionResult 01BE                        ??_OSCILLATOR_Initialize 0072  
                          _EUSART_ErrorHandler 0022                       _TMR1_SetInterruptHandler 01A0  
                          __end_of_TMR1_Reload 0192                          _TMR1_InterruptHandler 0020  
                                     __ptext10 01B2                                       __ptext11 0181  
                                     __ptext20 00FE                                       __ptext12 0024  
                                     __ptext21 01CE                                       __ptext13 01CB  
                                   _T1GCONbits 0019                                       __ptext30 01D4  
                                     __ptext22 0174                                       __ptext14 018A  
                                     __ptext23 0199                                       __ptext15 0152  
                                     __ptext24 01B8                                       __ptext16 01C7  
                                     __ptext25 012B                                       __ptext17 01BE  
                                     __ptext26 01D1                                       __ptext18 0055  
                                     __ptext19 00E7                                       __ptext28 0115  
                                     __ptext29 0163                         ?_ADC1_IsConversionDone 0070  
                            ??_TMR1_StartTimer 0072                        ?_EUSART_SetErrorHandler 0072  
                             ?_ADC1_Initialize 0070  EUSART_SetOverrunErrorHandler@interruptHandler 0072  
                                     int$flags 007E                                     _ODCONAbits 028C  
           __end_of_INTERRUPT_InterruptManager 0019                     _INTERRUPT_InterruptManager 0004  
        __end_of_EUSART_SetFramingErrorHandler 01B2                  _EUSART_SetFramingErrorHandler 01AC  
                            ??_TMR1_WriteTimer 0074                     __end_of_ADC1_SelectChannel 0181  
                                   _INTCONbits 000B                                       intlevel1 0000  
                      ?_PIN_MANAGER_Initialize 0070                 __end_of_EUSART_SetErrorHandler 01B8  
                             ??_TMR1_StopTimer 0072                       _ADC1_GetConversionResult 01B8  
                                  _TMR1_Reload 018A  EUSART_SetFramingErrorHandler@interruptHandler 0072  
               __end_of_PIN_MANAGER_Initialize 00E7                                _TMR1_Initialize 00B7  
