

Microchip MPLAB XC8 Assembler V3.00 build 20241204225717 
                                                                                               Fri Jul 11 15:53:44 2025

Microchip MPLAB XC8 C Compiler v3.00 (Free license) build 20241204225717 Og1 
     1                           	processor	12F1572
     2                           	pagewidth 120
     3                           	opt	flic
     4                           	psect	nvBANK0,global,class=BANK0,space=1,delta=1,noexec
     5                           	psect	stringtext1,global,class=STRCODE,space=0,delta=2,noexec
     6                           	psect	stringtext2,global,class=STRCODE,space=0,delta=2,noexec
     7                           	psect	stringtext3,global,class=STRCODE,space=0,delta=2,noexec
     8                           	psect	stringtext4,global,class=STRCODE,space=0,delta=2,noexec
     9                           	psect	stringtext5,global,class=STRCODE,space=0,delta=2,noexec
    10                           	psect	stringtext6,global,class=STRCODE,space=0,delta=2,noexec
    11                           	psect	stringtext7,global,class=STRCODE,space=0,delta=2,noexec
    12                           	psect	stringtext8,global,class=STRCODE,space=0,delta=2,noexec
    13                           	psect	stringtext9,global,class=STRCODE,space=0,delta=2,noexec
    14                           	psect	stringtext10,global,class=STRCODE,space=0,delta=2,noexec
    15                           	psect	stringtext11,global,class=STRCODE,space=0,delta=2,noexec
    16                           	psect	stringtext12,global,class=STRCODE,space=0,delta=2,noexec
    17                           	psect	stringtext13,global,class=STRCODE,space=0,delta=2,noexec
    18                           	psect	stringtext14,global,class=STRCODE,space=0,delta=2,noexec
    19                           	psect	stringtext15,global,class=STRCODE,space=0,delta=2,noexec
    20                           	psect	cinit,global,class=CODE,space=0,merge=1,delta=2
    21                           	psect	bssCOMMON,global,class=COMMON,space=1,delta=1,noexec
    22                           	psect	bssBANK0,global,class=BANK0,space=1,delta=1,noexec
    23                           	psect	cstackCOMMON,global,class=COMMON,space=1,delta=1,noexec
    24                           	psect	cstackBANK0,global,class=BANK0,space=1,delta=1,noexec
    25                           	psect	maintext,global,class=CODE,space=0,merge=1,split=1,delta=2
    26                           	psect	text1,local,class=CODE,space=0,merge=1,delta=2
    27                           	psect	text2,local,class=CODE,space=0,merge=1,delta=2
    28                           	psect	text3,local,class=CODE,space=0,merge=1,delta=2
    29                           	psect	text4,local,class=CODE,space=0,merge=1,delta=2
    30                           	psect	text5,local,class=CODE,space=0,merge=1,delta=2
    31                           	psect	text6,local,class=CODE,space=0,merge=1,delta=2
    32                           	psect	text7,local,class=CODE,space=0,merge=1,delta=2
    33                           	psect	text8,local,class=CODE,space=0,merge=1,delta=2
    34                           	psect	text9,local,class=CODE,space=0,merge=1,delta=2
    35                           	psect	text10,local,class=CODE,space=0,merge=1,delta=2
    36                           	psect	text11,local,class=CODE,space=0,merge=1,delta=2
    37                           	psect	text12,local,class=CODE,space=0,merge=1,delta=2
    38                           	psect	text13,local,class=CODE,space=0,merge=1,delta=2
    39                           	psect	text14,local,class=CODE,space=0,merge=1,delta=2
    40                           	psect	text15,local,class=CODE,space=0,merge=1,delta=2
    41                           	psect	text16,local,class=CODE,space=0,merge=1,delta=2
    42                           	psect	text17,local,class=CODE,space=0,merge=1,delta=2,group=1
    43                           	psect	text18,local,class=CODE,space=0,merge=1,delta=2
    44                           	psect	text19,local,class=CODE,space=0,merge=1,delta=2
    45                           	psect	text20,local,class=CODE,space=0,merge=1,delta=2
    46                           	psect	text21,local,class=CODE,space=0,merge=1,delta=2
    47                           	psect	text22,local,class=CODE,space=0,merge=1,delta=2
    48                           	psect	text23,local,class=CODE,space=0,merge=1,delta=2
    49                           	psect	text24,local,class=CODE,space=0,merge=1,delta=2
    50                           	psect	text25,local,class=CODE,space=0,merge=1,delta=2
    51                           	psect	idloc,global,abs,ovrld,class=IDLOC,space=5,delta=2,noexec
    52                           	psect	config,global,abs,ovrld,class=CONFIG,space=4,delta=2,noexec
    53                           	dabs	1,0x7E,2
    54     0000                     
    55                           ; Version 2.40
    56                           ; Generated 17/11/2021 GMT
    57                           ; 
    58                           ; Copyright © 2021, Microchip Technology Inc. and its subsidiaries ("Microchip")
    59                           ; All rights reserved.
    60                           ; 
    61                           ; This software is developed by Microchip Technology Inc. and its subsidiaries ("Microch
      +                          ip").
    62                           ; 
    63                           ; Redistribution and use in source and binary forms, with or without modification, are
    64                           ; permitted provided that the following conditions are met:
    65                           ; 
    66                           ;     1. Redistributions of source code must retain the above copyright notice, this lis
      +                          t of
    67                           ;        conditions and the following disclaimer.
    68                           ; 
    69                           ;     2. Redistributions in binary form must reproduce the above copyright notice, this 
      +                          list
    70                           ;        of conditions and the following disclaimer in the documentation and/or other
    71                           ;        materials provided with the distribution. Publication is not required when
    72                           ;        this file is used in an embedded application.
    73                           ; 
    74                           ;     3. Microchip's name may not be used to endorse or promote products derived from th
      +                          is
    75                           ;        software without specific prior written permission.
    76                           ; 
    77                           ; THIS SOFTWARE IS PROVIDED BY MICROCHIP "AS IS" AND ANY EXPRESS OR IMPLIED WARRANTIES,
    78                           ; INCLUDING, BUT NOT LIMITED TO, THE IMPLIED WARRANTIES OF MERCHANTABILITY AND FITNESS F
      +                          OR
    79                           ; PURPOSE ARE DISCLAIMED.  IN NO EVENT SHALL MICROCHIP BE LIABLE FOR ANY DIRECT, INDIREC
      +                          T,
    80                           ; INCIDENTAL, SPECIAL, EXEMPLARY, OR CONSEQUENTIAL DAMAGES (INCLUDING BUT NOT LIMITED TO
    81                           ; PROCUREMENT OF SUBSTITUTE GOODS OR SERVICES; LOSS OF USE, DATA OR PROFITS; OR BUSINESS
    82                           ; INTERRUPTION) HOWSOEVER CAUSED AND ON ANY THEORY OF LIABILITY, WHETHER IN CONTRACT, ST
      +                          RICT
    83                           ; LIABILITY, OR TORT (INCLUDING NEGLIGENCE OR OTHERWISE) ARISING IN ANY WAY OUT OF THE U
      +                          SE OF
    84                           ; THIS SOFTWARE, EVEN IF ADVISED OF THE POSSIBILITY OF SUCH DAMAGE.
    85                           ; 
    86                           ; 
    87                           ; Code-generator required, PIC12F1572 Definitions
    88                           ; 
    89                           ; SFR Addresses
    90     0008                     bsr             equ	8
    91     0005                     fsr0h           equ	5
    92     0004                     fsr0l           equ	4
    93     0007                     fsr1h           equ	7
    94     0006                     fsr1l           equ	6
    95     0000                     indf            equ	0
    96     0000                     indf0           equ	0
    97     0001                     indf1           equ	1
    98     000B                     intcon          equ	11
    99     0002                     pc              equ	2
   100     0002                     pcl             equ	2
   101     000A                     pclath          equ	10
   102     0003                     status          equ	3
   103     0009                     wreg            equ	9
   104     0000                     INDF0           equ	0	;# 
   105     0001                     INDF1           equ	1	;# 
   106     0002                     PCL             equ	2	;# 
   107     0003                     STATUS          equ	3	;# 
   108     0004                     FSR0L           equ	4	;# 
   109     0005                     FSR0H           equ	5	;# 
   110     0006                     FSR1L           equ	6	;# 
   111     0007                     FSR1H           equ	7	;# 
   112     0008                     BSR             equ	8	;# 
   113     0009                     WREG            equ	9	;# 
   114     000A                     PCLATH          equ	10	;# 
   115     000B                     INTCON          equ	11	;# 
   116     000C                     PORTA           equ	12	;# 
   117     0011                     PIR1            equ	17	;# 
   118     0012                     PIR2            equ	18	;# 
   119     0013                     PIR3            equ	19	;# 
   120     0015                     TMR0            equ	21	;# 
   121     0016                     TMR1            equ	22	;# 
   122     0016                     TMR1L           equ	22	;# 
   123     0017                     TMR1H           equ	23	;# 
   124     0018                     T1CON           equ	24	;# 
   125     0019                     T1GCON          equ	25	;# 
   126     001A                     TMR2            equ	26	;# 
   127     001B                     PR2             equ	27	;# 
   128     001C                     T2CON           equ	28	;# 
   129     008C                     TRISA           equ	140	;# 
   130     0091                     PIE1            equ	145	;# 
   131     0092                     PIE2            equ	146	;# 
   132     0093                     PIE3            equ	147	;# 
   133     0095                     OPTION_REG      equ	149	;# 
   134     0096                     PCON            equ	150	;# 
   135     0097                     WDTCON          equ	151	;# 
   136     0098                     OSCTUNE         equ	152	;# 
   137     0099                     OSCCON          equ	153	;# 
   138     009A                     OSCSTAT         equ	154	;# 
   139     009B                     ADRES           equ	155	;# 
   140     009B                     ADRESL          equ	155	;# 
   141     009C                     ADRESH          equ	156	;# 
   142     009D                     ADCON0          equ	157	;# 
   143     009E                     ADCON1          equ	158	;# 
   144     009F                     ADCON2          equ	159	;# 
   145     010C                     LATA            equ	268	;# 
   146     0111                     CM1CON0         equ	273	;# 
   147     0112                     CM1CON1         equ	274	;# 
   148     0115                     CMOUT           equ	277	;# 
   149     0116                     BORCON          equ	278	;# 
   150     0117                     FVRCON          equ	279	;# 
   151     0118                     DACCON0         equ	280	;# 
   152     0119                     DACCON1         equ	281	;# 
   153     011D                     APFCON          equ	285	;# 
   154     011D                     APFCON0         equ	285	;# 
   155     018C                     ANSELA          equ	396	;# 
   156     0191                     PMADR           equ	401	;# 
   157     0191                     PMADRL          equ	401	;# 
   158     0192                     PMADRH          equ	402	;# 
   159     0193                     PMDAT           equ	403	;# 
   160     0193                     PMDATL          equ	403	;# 
   161     0194                     PMDATH          equ	404	;# 
   162     0195                     PMCON1          equ	405	;# 
   163     0196                     PMCON2          equ	406	;# 
   164     0197                     VREGCON         equ	407	;# 
   165     0199                     RCREG           equ	409	;# 
   166     019A                     TXREG           equ	410	;# 
   167     019B                     SPBRG           equ	411	;# 
   168     019B                     SPBRGL          equ	411	;# 
   169     019C                     SPBRGH          equ	412	;# 
   170     019D                     RCSTA           equ	413	;# 
   171     019E                     TXSTA           equ	414	;# 
   172     019F                     BAUDCON         equ	415	;# 
   173     020C                     WPUA            equ	524	;# 
   174     028C                     ODCONA          equ	652	;# 
   175     030C                     SLRCONA         equ	780	;# 
   176     038C                     INLVLA          equ	908	;# 
   177     0391                     IOCAP           equ	913	;# 
   178     0392                     IOCAN           equ	914	;# 
   179     0393                     IOCAF           equ	915	;# 
   180     0691                     CWG1DBR         equ	1681	;# 
   181     0692                     CWG1DBF         equ	1682	;# 
   182     0693                     CWG1CON0        equ	1683	;# 
   183     0694                     CWG1CON1        equ	1684	;# 
   184     0695                     CWG1CON2        equ	1685	;# 
   185     0D8E                     PWMEN           equ	3470	;# 
   186     0D8F                     PWMLD           equ	3471	;# 
   187     0D90                     PWMOUT          equ	3472	;# 
   188     0D91                     PWM1PH          equ	3473	;# 
   189     0D91                     PWM1PHL         equ	3473	;# 
   190     0D92                     PWM1PHH         equ	3474	;# 
   191     0D93                     PWM1DC          equ	3475	;# 
   192     0D93                     PWM1DCL         equ	3475	;# 
   193     0D94                     PWM1DCH         equ	3476	;# 
   194     0D95                     PWM1PR          equ	3477	;# 
   195     0D95                     PWM1PRL         equ	3477	;# 
   196     0D96                     PWM1PRH         equ	3478	;# 
   197     0D97                     PWM1OF          equ	3479	;# 
   198     0D97                     PWM1OFL         equ	3479	;# 
   199     0D98                     PWM1OFH         equ	3480	;# 
   200     0D99                     PWM1TMR         equ	3481	;# 
   201     0D99                     PWM1TMRL        equ	3481	;# 
   202     0D9A                     PWM1TMRH        equ	3482	;# 
   203     0D9B                     PWM1CON         equ	3483	;# 
   204     0D9C                     PWM1INTE        equ	3484	;# 
   205     0D9C                     PWM1INTCON      equ	3484	;# 
   206     0D9D                     PWM1INTF        equ	3485	;# 
   207     0D9D                     PWM1INTFLG      equ	3485	;# 
   208     0D9E                     PWM1CLKCON      equ	3486	;# 
   209     0D9F                     PWM1LDCON       equ	3487	;# 
   210     0DA0                     PWM1OFCON       equ	3488	;# 
   211     0DA1                     PWM2PH          equ	3489	;# 
   212     0DA1                     PWM2PHL         equ	3489	;# 
   213     0DA2                     PWM2PHH         equ	3490	;# 
   214     0DA3                     PWM2DC          equ	3491	;# 
   215     0DA3                     PWM2DCL         equ	3491	;# 
   216     0DA4                     PWM2DCH         equ	3492	;# 
   217     0DA5                     PWM2PR          equ	3493	;# 
   218     0DA5                     PWM2PRL         equ	3493	;# 
   219     0DA6                     PWM2PRH         equ	3494	;# 
   220     0DA7                     PWM2OF          equ	3495	;# 
   221     0DA7                     PWM2OFL         equ	3495	;# 
   222     0DA8                     PWM2OFH         equ	3496	;# 
   223     0DA9                     PWM2TMR         equ	3497	;# 
   224     0DA9                     PWM2TMRL        equ	3497	;# 
   225     0DAA                     PWM2TMRH        equ	3498	;# 
   226     0DAB                     PWM2CON         equ	3499	;# 
   227     0DAC                     PWM2INTE        equ	3500	;# 
   228     0DAC                     PWM2INTCON      equ	3500	;# 
   229     0DAD                     PWM2INTF        equ	3501	;# 
   230     0DAD                     PWM2INTFLG      equ	3501	;# 
   231     0DAE                     PWM2CLKCON      equ	3502	;# 
   232     0DAF                     PWM2LDCON       equ	3503	;# 
   233     0DB0                     PWM2OFCON       equ	3504	;# 
   234     0DB1                     PWM3PH          equ	3505	;# 
   235     0DB1                     PWM3PHL         equ	3505	;# 
   236     0DB2                     PWM3PHH         equ	3506	;# 
   237     0DB3                     PWM3DC          equ	3507	;# 
   238     0DB3                     PWM3DCL         equ	3507	;# 
   239     0DB4                     PWM3DCH         equ	3508	;# 
   240     0DB5                     PWM3PR          equ	3509	;# 
   241     0DB5                     PWM3PRL         equ	3509	;# 
   242     0DB6                     PWM3PRH         equ	3510	;# 
   243     0DB7                     PWM3OF          equ	3511	;# 
   244     0DB7                     PWM3OFL         equ	3511	;# 
   245     0DB8                     PWM3OFH         equ	3512	;# 
   246     0DB9                     PWM3TMR         equ	3513	;# 
   247     0DB9                     PWM3TMRL        equ	3513	;# 
   248     0DBA                     PWM3TMRH        equ	3514	;# 
   249     0DBB                     PWM3CON         equ	3515	;# 
   250     0DBC                     PWM3INTE        equ	3516	;# 
   251     0DBC                     PWM3INTCON      equ	3516	;# 
   252     0DBD                     PWM3INTF        equ	3517	;# 
   253     0DBD                     PWM3INTFLG      equ	3517	;# 
   254     0DBE                     PWM3CLKCON      equ	3518	;# 
   255     0DBF                     PWM3LDCON       equ	3519	;# 
   256     0DC0                     PWM3OFCON       equ	3520	;# 
   257     0FE4                     STATUS_SHAD     equ	4068	;# 
   258     0FE5                     WREG_SHAD       equ	4069	;# 
   259     0FE6                     BSR_SHAD        equ	4070	;# 
   260     0FE7                     PCLATH_SHAD     equ	4071	;# 
   261     0FE8                     FSR0_SHAD       equ	4072	;# 
   262     0FE8                     FSR0L_SHAD      equ	4072	;# 
   263     0FE9                     FSR0H_SHAD      equ	4073	;# 
   264     0FEA                     FSR1_SHAD       equ	4074	;# 
   265     0FEA                     FSR1L_SHAD      equ	4074	;# 
   266     0FEB                     FSR1H_SHAD      equ	4075	;# 
   267     0FED                     STKPTR          equ	4077	;# 
   268     0FEE                     TOS             equ	4078	;# 
   269     0FEE                     TOSL            equ	4078	;# 
   270     0FEF                     TOSH            equ	4079	;# 
   271     0000                     INDF0           equ	0	;# 
   272     0001                     INDF1           equ	1	;# 
   273     0002                     PCL             equ	2	;# 
   274     0003                     STATUS          equ	3	;# 
   275     0004                     FSR0L           equ	4	;# 
   276     0005                     FSR0H           equ	5	;# 
   277     0006                     FSR1L           equ	6	;# 
   278     0007                     FSR1H           equ	7	;# 
   279     0008                     BSR             equ	8	;# 
   280     0009                     WREG            equ	9	;# 
   281     000A                     PCLATH          equ	10	;# 
   282     000B                     INTCON          equ	11	;# 
   283     000C                     PORTA           equ	12	;# 
   284     0011                     PIR1            equ	17	;# 
   285     0012                     PIR2            equ	18	;# 
   286     0013                     PIR3            equ	19	;# 
   287     0015                     TMR0            equ	21	;# 
   288     0016                     TMR1            equ	22	;# 
   289     0016                     TMR1L           equ	22	;# 
   290     0017                     TMR1H           equ	23	;# 
   291     0018                     T1CON           equ	24	;# 
   292     0019                     T1GCON          equ	25	;# 
   293     001A                     TMR2            equ	26	;# 
   294     001B                     PR2             equ	27	;# 
   295     001C                     T2CON           equ	28	;# 
   296     008C                     TRISA           equ	140	;# 
   297     0091                     PIE1            equ	145	;# 
   298     0092                     PIE2            equ	146	;# 
   299     0093                     PIE3            equ	147	;# 
   300     0095                     OPTION_REG      equ	149	;# 
   301     0096                     PCON            equ	150	;# 
   302     0097                     WDTCON          equ	151	;# 
   303     0098                     OSCTUNE         equ	152	;# 
   304     0099                     OSCCON          equ	153	;# 
   305     009A                     OSCSTAT         equ	154	;# 
   306     009B                     ADRES           equ	155	;# 
   307     009B                     ADRESL          equ	155	;# 
   308     009C                     ADRESH          equ	156	;# 
   309     009D                     ADCON0          equ	157	;# 
   310     009E                     ADCON1          equ	158	;# 
   311     009F                     ADCON2          equ	159	;# 
   312     010C                     LATA            equ	268	;# 
   313     0111                     CM1CON0         equ	273	;# 
   314     0112                     CM1CON1         equ	274	;# 
   315     0115                     CMOUT           equ	277	;# 
   316     0116                     BORCON          equ	278	;# 
   317     0117                     FVRCON          equ	279	;# 
   318     0118                     DACCON0         equ	280	;# 
   319     0119                     DACCON1         equ	281	;# 
   320     011D                     APFCON          equ	285	;# 
   321     011D                     APFCON0         equ	285	;# 
   322     018C                     ANSELA          equ	396	;# 
   323     0191                     PMADR           equ	401	;# 
   324     0191                     PMADRL          equ	401	;# 
   325     0192                     PMADRH          equ	402	;# 
   326     0193                     PMDAT           equ	403	;# 
   327     0193                     PMDATL          equ	403	;# 
   328     0194                     PMDATH          equ	404	;# 
   329     0195                     PMCON1          equ	405	;# 
   330     0196                     PMCON2          equ	406	;# 
   331     0197                     VREGCON         equ	407	;# 
   332     0199                     RCREG           equ	409	;# 
   333     019A                     TXREG           equ	410	;# 
   334     019B                     SPBRG           equ	411	;# 
   335     019B                     SPBRGL          equ	411	;# 
   336     019C                     SPBRGH          equ	412	;# 
   337     019D                     RCSTA           equ	413	;# 
   338     019E                     TXSTA           equ	414	;# 
   339     019F                     BAUDCON         equ	415	;# 
   340     020C                     WPUA            equ	524	;# 
   341     028C                     ODCONA          equ	652	;# 
   342     030C                     SLRCONA         equ	780	;# 
   343     038C                     INLVLA          equ	908	;# 
   344     0391                     IOCAP           equ	913	;# 
   345     0392                     IOCAN           equ	914	;# 
   346     0393                     IOCAF           equ	915	;# 
   347     0691                     CWG1DBR         equ	1681	;# 
   348     0692                     CWG1DBF         equ	1682	;# 
   349     0693                     CWG1CON0        equ	1683	;# 
   350     0694                     CWG1CON1        equ	1684	;# 
   351     0695                     CWG1CON2        equ	1685	;# 
   352     0D8E                     PWMEN           equ	3470	;# 
   353     0D8F                     PWMLD           equ	3471	;# 
   354     0D90                     PWMOUT          equ	3472	;# 
   355     0D91                     PWM1PH          equ	3473	;# 
   356     0D91                     PWM1PHL         equ	3473	;# 
   357     0D92                     PWM1PHH         equ	3474	;# 
   358     0D93                     PWM1DC          equ	3475	;# 
   359     0D93                     PWM1DCL         equ	3475	;# 
   360     0D94                     PWM1DCH         equ	3476	;# 
   361     0D95                     PWM1PR          equ	3477	;# 
   362     0D95                     PWM1PRL         equ	3477	;# 
   363     0D96                     PWM1PRH         equ	3478	;# 
   364     0D97                     PWM1OF          equ	3479	;# 
   365     0D97                     PWM1OFL         equ	3479	;# 
   366     0D98                     PWM1OFH         equ	3480	;# 
   367     0D99                     PWM1TMR         equ	3481	;# 
   368     0D99                     PWM1TMRL        equ	3481	;# 
   369     0D9A                     PWM1TMRH        equ	3482	;# 
   370     0D9B                     PWM1CON         equ	3483	;# 
   371     0D9C                     PWM1INTE        equ	3484	;# 
   372     0D9C                     PWM1INTCON      equ	3484	;# 
   373     0D9D                     PWM1INTF        equ	3485	;# 
   374     0D9D                     PWM1INTFLG      equ	3485	;# 
   375     0D9E                     PWM1CLKCON      equ	3486	;# 
   376     0D9F                     PWM1LDCON       equ	3487	;# 
   377     0DA0                     PWM1OFCON       equ	3488	;# 
   378     0DA1                     PWM2PH          equ	3489	;# 
   379     0DA1                     PWM2PHL         equ	3489	;# 
   380     0DA2                     PWM2PHH         equ	3490	;# 
   381     0DA3                     PWM2DC          equ	3491	;# 
   382     0DA3                     PWM2DCL         equ	3491	;# 
   383     0DA4                     PWM2DCH         equ	3492	;# 
   384     0DA5                     PWM2PR          equ	3493	;# 
   385     0DA5                     PWM2PRL         equ	3493	;# 
   386     0DA6                     PWM2PRH         equ	3494	;# 
   387     0DA7                     PWM2OF          equ	3495	;# 
   388     0DA7                     PWM2OFL         equ	3495	;# 
   389     0DA8                     PWM2OFH         equ	3496	;# 
   390     0DA9                     PWM2TMR         equ	3497	;# 
   391     0DA9                     PWM2TMRL        equ	3497	;# 
   392     0DAA                     PWM2TMRH        equ	3498	;# 
   393     0DAB                     PWM2CON         equ	3499	;# 
   394     0DAC                     PWM2INTE        equ	3500	;# 
   395     0DAC                     PWM2INTCON      equ	3500	;# 
   396     0DAD                     PWM2INTF        equ	3501	;# 
   397     0DAD                     PWM2INTFLG      equ	3501	;# 
   398     0DAE                     PWM2CLKCON      equ	3502	;# 
   399     0DAF                     PWM2LDCON       equ	3503	;# 
   400     0DB0                     PWM2OFCON       equ	3504	;# 
   401     0DB1                     PWM3PH          equ	3505	;# 
   402     0DB1                     PWM3PHL         equ	3505	;# 
   403     0DB2                     PWM3PHH         equ	3506	;# 
   404     0DB3                     PWM3DC          equ	3507	;# 
   405     0DB3                     PWM3DCL         equ	3507	;# 
   406     0DB4                     PWM3DCH         equ	3508	;# 
   407     0DB5                     PWM3PR          equ	3509	;# 
   408     0DB5                     PWM3PRL         equ	3509	;# 
   409     0DB6                     PWM3PRH         equ	3510	;# 
   410     0DB7                     PWM3OF          equ	3511	;# 
   411     0DB7                     PWM3OFL         equ	3511	;# 
   412     0DB8                     PWM3OFH         equ	3512	;# 
   413     0DB9                     PWM3TMR         equ	3513	;# 
   414     0DB9                     PWM3TMRL        equ	3513	;# 
   415     0DBA                     PWM3TMRH        equ	3514	;# 
   416     0DBB                     PWM3CON         equ	3515	;# 
   417     0DBC                     PWM3INTE        equ	3516	;# 
   418     0DBC                     PWM3INTCON      equ	3516	;# 
   419     0DBD                     PWM3INTF        equ	3517	;# 
   420     0DBD                     PWM3INTFLG      equ	3517	;# 
   421     0DBE                     PWM3CLKCON      equ	3518	;# 
   422     0DBF                     PWM3LDCON       equ	3519	;# 
   423     0DC0                     PWM3OFCON       equ	3520	;# 
   424     0FE4                     STATUS_SHAD     equ	4068	;# 
   425     0FE5                     WREG_SHAD       equ	4069	;# 
   426     0FE6                     BSR_SHAD        equ	4070	;# 
   427     0FE7                     PCLATH_SHAD     equ	4071	;# 
   428     0FE8                     FSR0_SHAD       equ	4072	;# 
   429     0FE8                     FSR0L_SHAD      equ	4072	;# 
   430     0FE9                     FSR0H_SHAD      equ	4073	;# 
   431     0FEA                     FSR1_SHAD       equ	4074	;# 
   432     0FEA                     FSR1L_SHAD      equ	4074	;# 
   433     0FEB                     FSR1H_SHAD      equ	4075	;# 
   434     0FED                     STKPTR          equ	4077	;# 
   435     0FEE                     TOS             equ	4078	;# 
   436     0FEE                     TOSL            equ	4078	;# 
   437     0FEF                     TOSH            equ	4079	;# 
   438                           
   439 ;; Function _EUSART_DefaultFramingErrorHandler is unused but had its address taken
   440     0000                     _EUSART_DefaultFramingErrorHandler equ	0
   441                           
   442 ;; Function _EUSART_DefaultOverrunErrorHandler is unused but had its address taken
   443     0000                     _EUSART_DefaultOverrunErrorHandler equ	0
   444                           
   445 ;; Function _EUSART_DefaultErrorHandler is unused but had its address taken
   446     0000                     _EUSART_DefaultErrorHandler equ	0
   447                           
   448                           	psect	nvBANK0
   449     0020                     __pnvBANK0:
   450     0020                     _EUSART_ErrorHandler:
   451     0020                     	ds	2
   452     0022                     _EUSART_OverrunErrorHandler:
   453     0022                     	ds	2
   454     0024                     _EUSART_FramingErrorHandler:
   455     0024                     	ds	2
   456     0011                     _PIR1bits       set	17
   457     000C                     _PORTAbits      set	12
   458     0062                     _RA2            set	98
   459     0097                     _WDTCON         set	151
   460     0098                     _OSCTUNE        set	152
   461     0099                     _OSCCON         set	153
   462     0095                     _OPTION_REGbits set	149
   463     008C                     _TRISAbits      set	140
   464     0116                     _BORCON         set	278
   465     011D                     _APFCON         set	285
   466     010C                     _LATAbits       set	268
   467     019A                     _TXREG          set	410
   468     0199                     _RCREG          set	409
   469     019D                     _RCSTAbits      set	413
   470     019E                     _TXSTAbits      set	414
   471     019C                     _SPBRGH         set	412
   472     019B                     _SPBRGL         set	411
   473     019E                     _TXSTA          set	414
   474     019D                     _RCSTA          set	413
   475     019F                     _BAUDCON        set	415
   476     018C                     _ANSELA         set	396
   477     020C                     _WPUA           set	524
   478     028C                     _ODCONA         set	652
   479     030C                     _SLRCONA        set	780
   480     038C                     _INLVLA         set	908
   481                           
   482                           	psect	stringtext1
   483     063F                     __pstringtext1:
   484     063F                     STR_5:
   485     063F  343F               	retlw	63	;'?'
   486     0640  3420               	retlw	32	;' '
   487     0641  3454               	retlw	84	;'T'
   488     0642  3465               	retlw	101	;'e'
   489     0643  3473               	retlw	115	;'s'
   490     0644  3474               	retlw	116	;'t'
   491     0645  3420               	retlw	32	;' '
   492     0646  3443               	retlw	67	;'C'
   493     0647  3461               	retlw	97	;'a'
   494     0648  3473               	retlw	115	;'s'
   495     0649  3465               	retlw	101	;'e'
   496     064A  3420               	retlw	32	;' '
   497     064B  3433               	retlw	51	;'3'
   498     064C  3420               	retlw	32	;' '
   499     064D  3450               	retlw	80	;'P'
   500     064E  3461               	retlw	97	;'a'
   501     064F  3473               	retlw	115	;'s'
   502     0650  3473               	retlw	115	;'s'
   503     0651  3465               	retlw	101	;'e'
   504     0652  3464               	retlw	100	;'d'
   505     0653  343A               	retlw	58	;':'
   506     0654  3420               	retlw	32	;' '
   507     0655  344E               	retlw	78	;'N'
   508     0656  346F               	retlw	111	;'o'
   509     0657  3420               	retlw	32	;' '
   510     0658  344D               	retlw	77	;'M'
   511     0659  346F               	retlw	111	;'o'
   512     065A  3474               	retlw	116	;'t'
   513     065B  3469               	retlw	105	;'i'
   514     065C  346F               	retlw	111	;'o'
   515     065D  346E               	retlw	110	;'n'
   516     065E  3420               	retlw	32	;' '
   517     065F  3444               	retlw	68	;'D'
   518     0660  3465               	retlw	101	;'e'
   519     0661  3474               	retlw	116	;'t'
   520     0662  3465               	retlw	101	;'e'
   521     0663  3463               	retlw	99	;'c'
   522     0664  3474               	retlw	116	;'t'
   523     0665  3465               	retlw	101	;'e'
   524     0666  3464               	retlw	100	;'d'
   525     0667  3420               	retlw	32	;' '
   526     0668  3461               	retlw	97	;'a'
   527     0669  3466               	retlw	102	;'f'
   528     066A  3474               	retlw	116	;'t'
   529     066B  3465               	retlw	101	;'e'
   530     066C  3472               	retlw	114	;'r'
   531     066D  3420               	retlw	32	;' '
   532     066E  3469               	retlw	105	;'i'
   533     066F  346E               	retlw	110	;'n'
   534     0670  3469               	retlw	105	;'i'
   535     0671  3474               	retlw	116	;'t'
   536     0672  3469               	retlw	105	;'i'
   537     0673  3461               	retlw	97	;'a'
   538     0674  346C               	retlw	108	;'l'
   539     0675  3469               	retlw	105	;'i'
   540     0676  347A               	retlw	122	;'z'
   541     0677  3461               	retlw	97	;'a'
   542     0678  3474               	retlw	116	;'t'
   543     0679  3469               	retlw	105	;'i'
   544     067A  346F               	retlw	111	;'o'
   545     067B  346E               	retlw	110	;'n'
   546     067C  3420               	retlw	32	;' '
   547     067D  343D               	retlw	61	;'='
   548     067E  343E               	retlw	62	;'>'
   549     067F  3420               	retlw	32	;' '
   550     0680  344C               	retlw	76	;'L'
   551     0681  3445               	retlw	69	;'E'
   552     0682  3444               	retlw	68	;'D'
   553     0683  3420               	retlw	32	;' '
   554     0684  344F               	retlw	79	;'O'
   555     0685  3446               	retlw	70	;'F'
   556     0686  3446               	retlw	70	;'F'
   557     0687  340D               	retlw	13
   558     0688  3400               	retlw	0
   559                           
   560                           	psect	stringtext2
   561     05F7                     __pstringtext2:
   562     05F7                     STR_20:
   563     05F7  343F               	retlw	63	;'?'
   564     05F8  3420               	retlw	32	;' '
   565     05F9  3454               	retlw	84	;'T'
   566     05FA  3465               	retlw	101	;'e'
   567     05FB  3473               	retlw	115	;'s'
   568     05FC  3474               	retlw	116	;'t'
   569     05FD  3420               	retlw	32	;' '
   570     05FE  3443               	retlw	67	;'C'
   571     05FF  3461               	retlw	97	;'a'
   572     0600  3473               	retlw	115	;'s'
   573     0601  3465               	retlw	101	;'e'
   574     0602  3420               	retlw	32	;' '
   575     0603  3431               	retlw	49	;'1'
   576     0604  3431               	retlw	49	;'1'
   577     0605  3420               	retlw	32	;' '
   578     0606  3450               	retlw	80	;'P'
   579     0607  3461               	retlw	97	;'a'
   580     0608  3473               	retlw	115	;'s'
   581     0609  3473               	retlw	115	;'s'
   582     060A  3465               	retlw	101	;'e'
   583     060B  3464               	retlw	100	;'d'
   584     060C  343A               	retlw	58	;':'
   585     060D  3420               	retlw	32	;' '
   586     060E  344E               	retlw	78	;'N'
   587     060F  346F               	retlw	111	;'o'
   588     0610  3420               	retlw	32	;' '
   589     0611  344D               	retlw	77	;'M'
   590     0612  346F               	retlw	111	;'o'
   591     0613  3474               	retlw	116	;'t'
   592     0614  3469               	retlw	105	;'i'
   593     0615  346F               	retlw	111	;'o'
   594     0616  346E               	retlw	110	;'n'
   595     0617  3420               	retlw	32	;' '
   596     0618  3444               	retlw	68	;'D'
   597     0619  3465               	retlw	101	;'e'
   598     061A  3474               	retlw	116	;'t'
   599     061B  3465               	retlw	101	;'e'
   600     061C  3463               	retlw	99	;'c'
   601     061D  3474               	retlw	116	;'t'
   602     061E  3465               	retlw	101	;'e'
   603     061F  3464               	retlw	100	;'d'
   604     0620  3420               	retlw	32	;' '
   605     0621  3450               	retlw	80	;'P'
   606     0622  3449               	retlw	73	;'I'
   607     0623  3452               	retlw	82	;'R'
   608     0624  3420               	retlw	32	;' '
   609     0625  346E               	retlw	110	;'n'
   610     0626  346F               	retlw	111	;'o'
   611     0627  3474               	retlw	116	;'t'
   612     0628  3420               	retlw	32	;' '
   613     0629  3463               	retlw	99	;'c'
   614     062A  346F               	retlw	111	;'o'
   615     062B  346E               	retlw	110	;'n'
   616     062C  346E               	retlw	110	;'n'
   617     062D  3465               	retlw	101	;'e'
   618     062E  3463               	retlw	99	;'c'
   619     062F  3474               	retlw	116	;'t'
   620     0630  3465               	retlw	101	;'e'
   621     0631  3464               	retlw	100	;'d'
   622     0632  3420               	retlw	32	;' '
   623     0633  343D               	retlw	61	;'='
   624     0634  343E               	retlw	62	;'>'
   625     0635  3420               	retlw	32	;' '
   626     0636  344C               	retlw	76	;'L'
   627     0637  3445               	retlw	69	;'E'
   628     0638  3444               	retlw	68	;'D'
   629     0639  3420               	retlw	32	;' '
   630     063A  344F               	retlw	79	;'O'
   631     063B  3446               	retlw	70	;'F'
   632     063C  3446               	retlw	70	;'F'
   633     063D  340D               	retlw	13
   634     063E  3400               	retlw	0
   635                           
   636                           	psect	stringtext3
   637     05B0                     __pstringtext3:
   638     05B0                     STR_18:
   639     05B0  343F               	retlw	63	;'?'
   640     05B1  3420               	retlw	32	;' '
   641     05B2  3454               	retlw	84	;'T'
   642     05B3  3465               	retlw	101	;'e'
   643     05B4  3473               	retlw	115	;'s'
   644     05B5  3474               	retlw	116	;'t'
   645     05B6  3420               	retlw	32	;' '
   646     05B7  3443               	retlw	67	;'C'
   647     05B8  3461               	retlw	97	;'a'
   648     05B9  3473               	retlw	115	;'s'
   649     05BA  3465               	retlw	101	;'e'
   650     05BB  3420               	retlw	32	;' '
   651     05BC  3431               	retlw	49	;'1'
   652     05BD  3430               	retlw	48	;'0'
   653     05BE  3420               	retlw	32	;' '
   654     05BF  3450               	retlw	80	;'P'
   655     05C0  3461               	retlw	97	;'a'
   656     05C1  3473               	retlw	115	;'s'
   657     05C2  3473               	retlw	115	;'s'
   658     05C3  3465               	retlw	101	;'e'
   659     05C4  3464               	retlw	100	;'d'
   660     05C5  343A               	retlw	58	;':'
   661     05C6  3420               	retlw	32	;' '
   662     05C7  344E               	retlw	78	;'N'
   663     05C8  346F               	retlw	111	;'o'
   664     05C9  3420               	retlw	32	;' '
   665     05CA  344D               	retlw	77	;'M'
   666     05CB  346F               	retlw	111	;'o'
   667     05CC  3474               	retlw	116	;'t'
   668     05CD  3469               	retlw	105	;'i'
   669     05CE  346F               	retlw	111	;'o'
   670     05CF  346E               	retlw	110	;'n'
   671     05D0  3420               	retlw	32	;' '
   672     05D1  3444               	retlw	68	;'D'
   673     05D2  3465               	retlw	101	;'e'
   674     05D3  3474               	retlw	116	;'t'
   675     05D4  3465               	retlw	101	;'e'
   676     05D5  3463               	retlw	99	;'c'
   677     05D6  3474               	retlw	116	;'t'
   678     05D7  3465               	retlw	101	;'e'
   679     05D8  3464               	retlw	100	;'d'
   680     05D9  3420               	retlw	32	;' '
   681     05DA  3475               	retlw	117	;'u'
   682     05DB  346E               	retlw	110	;'n'
   683     05DC  3463               	retlw	99	;'c'
   684     05DD  346F               	retlw	111	;'o'
   685     05DE  346E               	retlw	110	;'n'
   686     05DF  3466               	retlw	102	;'f'
   687     05E0  3469               	retlw	105	;'i'
   688     05E1  3467               	retlw	103	;'g'
   689     05E2  3475               	retlw	117	;'u'
   690     05E3  3472               	retlw	114	;'r'
   691     05E4  3465               	retlw	101	;'e'
   692     05E5  3464               	retlw	100	;'d'
   693     05E6  3420               	retlw	32	;' '
   694     05E7  3470               	retlw	112	;'p'
   695     05E8  3469               	retlw	105	;'i'
   696     05E9  346E               	retlw	110	;'n'
   697     05EA  3420               	retlw	32	;' '
   698     05EB  343D               	retlw	61	;'='
   699     05EC  343E               	retlw	62	;'>'
   700     05ED  3420               	retlw	32	;' '
   701     05EE  344C               	retlw	76	;'L'
   702     05EF  3445               	retlw	69	;'E'
   703     05F0  3444               	retlw	68	;'D'
   704     05F1  3420               	retlw	32	;' '
   705     05F2  344F               	retlw	79	;'O'
   706     05F3  3446               	retlw	70	;'F'
   707     05F4  3446               	retlw	70	;'F'
   708     05F5  340D               	retlw	13
   709     05F6  3400               	retlw	0
   710                           
   711                           	psect	stringtext4
   712     056A                     __pstringtext4:
   713     056A                     STR_7:
   714     056A  343F               	retlw	63	;'?'
   715     056B  3420               	retlw	32	;' '
   716     056C  3454               	retlw	84	;'T'
   717     056D  3465               	retlw	101	;'e'
   718     056E  3473               	retlw	115	;'s'
   719     056F  3474               	retlw	116	;'t'
   720     0570  3420               	retlw	32	;' '
   721     0571  3443               	retlw	67	;'C'
   722     0572  3461               	retlw	97	;'a'
   723     0573  3473               	retlw	115	;'s'
   724     0574  3465               	retlw	101	;'e'
   725     0575  3420               	retlw	32	;' '
   726     0576  3434               	retlw	52	;'4'
   727     0577  3420               	retlw	32	;' '
   728     0578  3450               	retlw	80	;'P'
   729     0579  3461               	retlw	97	;'a'
   730     057A  3473               	retlw	115	;'s'
   731     057B  3473               	retlw	115	;'s'
   732     057C  3465               	retlw	101	;'e'
   733     057D  3464               	retlw	100	;'d'
   734     057E  343A               	retlw	58	;':'
   735     057F  3420               	retlw	32	;' '
   736     0580  344D               	retlw	77	;'M'
   737     0581  346F               	retlw	111	;'o'
   738     0582  3474               	retlw	116	;'t'
   739     0583  3469               	retlw	105	;'i'
   740     0584  346F               	retlw	111	;'o'
   741     0585  346E               	retlw	110	;'n'
   742     0586  3420               	retlw	32	;' '
   743     0587  3444               	retlw	68	;'D'
   744     0588  3465               	retlw	101	;'e'
   745     0589  3474               	retlw	116	;'t'
   746     058A  3465               	retlw	101	;'e'
   747     058B  3463               	retlw	99	;'c'
   748     058C  3474               	retlw	116	;'t'
   749     058D  3465               	retlw	101	;'e'
   750     058E  3464               	retlw	100	;'d'
   751     058F  3420               	retlw	32	;' '
   752     0590  3461               	retlw	97	;'a'
   753     0591  3466               	retlw	102	;'f'
   754     0592  3474               	retlw	116	;'t'
   755     0593  3465               	retlw	101	;'e'
   756     0594  3472               	retlw	114	;'r'
   757     0595  3420               	retlw	32	;' '
   758     0596  3469               	retlw	105	;'i'
   759     0597  346E               	retlw	110	;'n'
   760     0598  3469               	retlw	105	;'i'
   761     0599  3474               	retlw	116	;'t'
   762     059A  3469               	retlw	105	;'i'
   763     059B  3461               	retlw	97	;'a'
   764     059C  346C               	retlw	108	;'l'
   765     059D  3469               	retlw	105	;'i'
   766     059E  347A               	retlw	122	;'z'
   767     059F  3461               	retlw	97	;'a'
   768     05A0  3474               	retlw	116	;'t'
   769     05A1  3469               	retlw	105	;'i'
   770     05A2  346F               	retlw	111	;'o'
   771     05A3  346E               	retlw	110	;'n'
   772     05A4  3420               	retlw	32	;' '
   773     05A5  343D               	retlw	61	;'='
   774     05A6  343E               	retlw	62	;'>'
   775     05A7  3420               	retlw	32	;' '
   776     05A8  344C               	retlw	76	;'L'
   777     05A9  3445               	retlw	69	;'E'
   778     05AA  3444               	retlw	68	;'D'
   779     05AB  3420               	retlw	32	;' '
   780     05AC  344F               	retlw	79	;'O'
   781     05AD  344E               	retlw	78	;'N'
   782     05AE  340D               	retlw	13
   783     05AF  3400               	retlw	0
   784                           
   785                           	psect	stringtext5
   786     052A                     __pstringtext5:
   787     052A                     STR_11:
   788     052A  343F               	retlw	63	;'?'
   789     052B  3420               	retlw	32	;' '
   790     052C  3454               	retlw	84	;'T'
   791     052D  3465               	retlw	101	;'e'
   792     052E  3473               	retlw	115	;'s'
   793     052F  3474               	retlw	116	;'t'
   794     0530  3420               	retlw	32	;' '
   795     0531  3443               	retlw	67	;'C'
   796     0532  3461               	retlw	97	;'a'
   797     0533  3473               	retlw	115	;'s'
   798     0534  3465               	retlw	101	;'e'
   799     0535  3420               	retlw	32	;' '
   800     0536  3436               	retlw	54	;'6'
   801     0537  3420               	retlw	32	;' '
   802     0538  3450               	retlw	80	;'P'
   803     0539  3461               	retlw	97	;'a'
   804     053A  3473               	retlw	115	;'s'
   805     053B  3473               	retlw	115	;'s'
   806     053C  3465               	retlw	101	;'e'
   807     053D  3464               	retlw	100	;'d'
   808     053E  343A               	retlw	58	;':'
   809     053F  3420               	retlw	32	;' '
   810     0540  3443               	retlw	67	;'C'
   811     0541  346F               	retlw	111	;'o'
   812     0542  346E               	retlw	110	;'n'
   813     0543  3474               	retlw	116	;'t'
   814     0544  3469               	retlw	105	;'i'
   815     0545  346E               	retlw	110	;'n'
   816     0546  3475               	retlw	117	;'u'
   817     0547  346F               	retlw	111	;'o'
   818     0548  3475               	retlw	117	;'u'
   819     0549  3473               	retlw	115	;'s'
   820     054A  3420               	retlw	32	;' '
   821     054B  344E               	retlw	78	;'N'
   822     054C  346F               	retlw	111	;'o'
   823     054D  3420               	retlw	32	;' '
   824     054E  344D               	retlw	77	;'M'
   825     054F  346F               	retlw	111	;'o'
   826     0550  3474               	retlw	116	;'t'
   827     0551  3469               	retlw	105	;'i'
   828     0552  346F               	retlw	111	;'o'
   829     0553  346E               	retlw	110	;'n'
   830     0554  3420               	retlw	32	;' '
   831     0555  3444               	retlw	68	;'D'
   832     0556  3465               	retlw	101	;'e'
   833     0557  3474               	retlw	116	;'t'
   834     0558  3465               	retlw	101	;'e'
   835     0559  3463               	retlw	99	;'c'
   836     055A  3474               	retlw	116	;'t'
   837     055B  3465               	retlw	101	;'e'
   838     055C  3464               	retlw	100	;'d'
   839     055D  3420               	retlw	32	;' '
   840     055E  343D               	retlw	61	;'='
   841     055F  343E               	retlw	62	;'>'
   842     0560  3420               	retlw	32	;' '
   843     0561  344C               	retlw	76	;'L'
   844     0562  3445               	retlw	69	;'E'
   845     0563  3444               	retlw	68	;'D'
   846     0564  3420               	retlw	32	;' '
   847     0565  344F               	retlw	79	;'O'
   848     0566  3446               	retlw	70	;'F'
   849     0567  3446               	retlw	70	;'F'
   850     0568  340D               	retlw	13
   851     0569  3400               	retlw	0
   852                           
   853                           	psect	stringtext6
   854     04EE                     __pstringtext6:
   855     04EE                     STR_13:
   856     04EE  343F               	retlw	63	;'?'
   857     04EF  3420               	retlw	32	;' '
   858     04F0  3454               	retlw	84	;'T'
   859     04F1  3465               	retlw	101	;'e'
   860     04F2  3473               	retlw	115	;'s'
   861     04F3  3474               	retlw	116	;'t'
   862     04F4  3420               	retlw	32	;' '
   863     04F5  3443               	retlw	67	;'C'
   864     04F6  3461               	retlw	97	;'a'
   865     04F7  3473               	retlw	115	;'s'
   866     04F8  3465               	retlw	101	;'e'
   867     04F9  3420               	retlw	32	;' '
   868     04FA  3437               	retlw	55	;'7'
   869     04FB  3420               	retlw	32	;' '
   870     04FC  3450               	retlw	80	;'P'
   871     04FD  3461               	retlw	97	;'a'
   872     04FE  3473               	retlw	115	;'s'
   873     04FF  3473               	retlw	115	;'s'
   874     0500  3465               	retlw	101	;'e'
   875     0501  3464               	retlw	100	;'d'
   876     0502  343A               	retlw	58	;':'
   877     0503  3420               	retlw	32	;' '
   878     0504  3443               	retlw	67	;'C'
   879     0505  346F               	retlw	111	;'o'
   880     0506  346E               	retlw	110	;'n'
   881     0507  3474               	retlw	116	;'t'
   882     0508  3469               	retlw	105	;'i'
   883     0509  346E               	retlw	110	;'n'
   884     050A  3475               	retlw	117	;'u'
   885     050B  346F               	retlw	111	;'o'
   886     050C  3475               	retlw	117	;'u'
   887     050D  3473               	retlw	115	;'s'
   888     050E  3420               	retlw	32	;' '
   889     050F  344D               	retlw	77	;'M'
   890     0510  346F               	retlw	111	;'o'
   891     0511  3474               	retlw	116	;'t'
   892     0512  3469               	retlw	105	;'i'
   893     0513  346F               	retlw	111	;'o'
   894     0514  346E               	retlw	110	;'n'
   895     0515  3420               	retlw	32	;' '
   896     0516  3444               	retlw	68	;'D'
   897     0517  3465               	retlw	101	;'e'
   898     0518  3474               	retlw	116	;'t'
   899     0519  3465               	retlw	101	;'e'
   900     051A  3463               	retlw	99	;'c'
   901     051B  3474               	retlw	116	;'t'
   902     051C  3465               	retlw	101	;'e'
   903     051D  3464               	retlw	100	;'d'
   904     051E  3420               	retlw	32	;' '
   905     051F  343D               	retlw	61	;'='
   906     0520  343E               	retlw	62	;'>'
   907     0521  3420               	retlw	32	;' '
   908     0522  344C               	retlw	76	;'L'
   909     0523  3445               	retlw	69	;'E'
   910     0524  3444               	retlw	68	;'D'
   911     0525  3420               	retlw	32	;' '
   912     0526  344F               	retlw	79	;'O'
   913     0527  344E               	retlw	78	;'N'
   914     0528  340D               	retlw	13
   915     0529  3400               	retlw	0
   916                           
   917                           	psect	stringtext7
   918     04B2                     __pstringtext7:
   919     04B2                     STR_17:
   920     04B2  343F               	retlw	63	;'?'
   921     04B3  3420               	retlw	32	;' '
   922     04B4  3454               	retlw	84	;'T'
   923     04B5  3465               	retlw	101	;'e'
   924     04B6  3473               	retlw	115	;'s'
   925     04B7  3474               	retlw	116	;'t'
   926     04B8  3420               	retlw	32	;' '
   927     04B9  3443               	retlw	67	;'C'
   928     04BA  3461               	retlw	97	;'a'
   929     04BB  3473               	retlw	115	;'s'
   930     04BC  3465               	retlw	101	;'e'
   931     04BD  3420               	retlw	32	;' '
   932     04BE  3439               	retlw	57	;'9'
   933     04BF  3420               	retlw	32	;' '
   934     04C0  3450               	retlw	80	;'P'
   935     04C1  3461               	retlw	97	;'a'
   936     04C2  3473               	retlw	115	;'s'
   937     04C3  3473               	retlw	115	;'s'
   938     04C4  3465               	retlw	101	;'e'
   939     04C5  3464               	retlw	100	;'d'
   940     04C6  343A               	retlw	58	;':'
   941     04C7  3420               	retlw	32	;' '
   942     04C8  344D               	retlw	77	;'M'
   943     04C9  346F               	retlw	111	;'o'
   944     04CA  3474               	retlw	116	;'t'
   945     04CB  3469               	retlw	105	;'i'
   946     04CC  346F               	retlw	111	;'o'
   947     04CD  346E               	retlw	110	;'n'
   948     04CE  3420               	retlw	32	;' '
   949     04CF  3444               	retlw	68	;'D'
   950     04D0  3465               	retlw	101	;'e'
   951     04D1  3474               	retlw	116	;'t'
   952     04D2  3465               	retlw	101	;'e'
   953     04D3  3463               	retlw	99	;'c'
   954     04D4  3474               	retlw	116	;'t'
   955     04D5  3465               	retlw	101	;'e'
   956     04D6  3464               	retlw	100	;'d'
   957     04D7  3420               	retlw	32	;' '
   958     04D8  3461               	retlw	97	;'a'
   959     04D9  3466               	retlw	102	;'f'
   960     04DA  3474               	retlw	116	;'t'
   961     04DB  3465               	retlw	101	;'e'
   962     04DC  3472               	retlw	114	;'r'
   963     04DD  3420               	retlw	32	;' '
   964     04DE  3444               	retlw	68	;'D'
   965     04DF  3465               	retlw	101	;'e'
   966     04E0  346C               	retlw	108	;'l'
   967     04E1  3461               	retlw	97	;'a'
   968     04E2  3479               	retlw	121	;'y'
   969     04E3  343D               	retlw	61	;'='
   970     04E4  343E               	retlw	62	;'>'
   971     04E5  3420               	retlw	32	;' '
   972     04E6  344C               	retlw	76	;'L'
   973     04E7  3445               	retlw	69	;'E'
   974     04E8  3444               	retlw	68	;'D'
   975     04E9  3420               	retlw	32	;' '
   976     04EA  344F               	retlw	79	;'O'
   977     04EB  344E               	retlw	78	;'N'
   978     04EC  340D               	retlw	13
   979     04ED  3400               	retlw	0
   980                           
   981                           	psect	stringtext8
   982     0478                     __pstringtext8:
   983     0478                     STR_15:
   984     0478  343F               	retlw	63	;'?'
   985     0479  3420               	retlw	32	;' '
   986     047A  3454               	retlw	84	;'T'
   987     047B  3465               	retlw	101	;'e'
   988     047C  3473               	retlw	115	;'s'
   989     047D  3474               	retlw	116	;'t'
   990     047E  3420               	retlw	32	;' '
   991     047F  3443               	retlw	67	;'C'
   992     0480  3461               	retlw	97	;'a'
   993     0481  3473               	retlw	115	;'s'
   994     0482  3465               	retlw	101	;'e'
   995     0483  3420               	retlw	32	;' '
   996     0484  3438               	retlw	56	;'8'
   997     0485  3420               	retlw	32	;' '
   998     0486  3450               	retlw	80	;'P'
   999     0487  3461               	retlw	97	;'a'
  1000     0488  3473               	retlw	115	;'s'
  1001     0489  3473               	retlw	115	;'s'
  1002     048A  3465               	retlw	101	;'e'
  1003     048B  3464               	retlw	100	;'d'
  1004     048C  343A               	retlw	58	;':'
  1005     048D  3420               	retlw	32	;' '
  1006     048E  3453               	retlw	83	;'S'
  1007     048F  3468               	retlw	104	;'h'
  1008     0490  346F               	retlw	111	;'o'
  1009     0491  3472               	retlw	114	;'r'
  1010     0492  3474               	retlw	116	;'t'
  1011     0493  3420               	retlw	32	;' '
  1012     0494  3473               	retlw	115	;'s'
  1013     0495  3470               	retlw	112	;'p'
  1014     0496  3469               	retlw	105	;'i'
  1015     0497  346B               	retlw	107	;'k'
  1016     0498  3465               	retlw	101	;'e'
  1017     0499  3420               	retlw	32	;' '
  1018     049A  3469               	retlw	105	;'i'
  1019     049B  346E               	retlw	110	;'n'
  1020     049C  3420               	retlw	32	;' '
  1021     049D  3450               	retlw	80	;'P'
  1022     049E  3449               	retlw	73	;'I'
  1023     049F  3452               	retlw	82	;'R'
  1024     04A0  3420               	retlw	32	;' '
  1025     04A1  3449               	retlw	73	;'I'
  1026     04A2  346E               	retlw	110	;'n'
  1027     04A3  3470               	retlw	112	;'p'
  1028     04A4  3475               	retlw	117	;'u'
  1029     04A5  3474               	retlw	116	;'t'
  1030     04A6  3420               	retlw	32	;' '
  1031     04A7  3464               	retlw	100	;'d'
  1032     04A8  3465               	retlw	101	;'e'
  1033     04A9  3474               	retlw	116	;'t'
  1034     04AA  3465               	retlw	101	;'e'
  1035     04AB  3463               	retlw	99	;'c'
  1036     04AC  3474               	retlw	116	;'t'
  1037     04AD  3465               	retlw	101	;'e'
  1038     04AE  3464               	retlw	100	;'d'
  1039     04AF  3420               	retlw	32	;' '
  1040     04B0  340D               	retlw	13
  1041     04B1  3400               	retlw	0
  1042                           
  1043                           	psect	stringtext9
  1044     03E3                     __pstringtext9:
  1045     03E3                     STR_1:
  1046     03E3  343F               	retlw	63	;'?'
  1047     03E4  3420               	retlw	32	;' '
  1048     03E5  3454               	retlw	84	;'T'
  1049     03E6  3465               	retlw	101	;'e'
  1050     03E7  3473               	retlw	115	;'s'
  1051     03E8  3474               	retlw	116	;'t'
  1052     03E9  3420               	retlw	32	;' '
  1053     03EA  3443               	retlw	67	;'C'
  1054     03EB  3461               	retlw	97	;'a'
  1055     03EC  3473               	retlw	115	;'s'
  1056     03ED  3465               	retlw	101	;'e'
  1057     03EE  3420               	retlw	32	;' '
  1058     03EF  3431               	retlw	49	;'1'
  1059     03F0  3420               	retlw	32	;' '
  1060     03F1  3450               	retlw	80	;'P'
  1061     03F2  3461               	retlw	97	;'a'
  1062     03F3  3473               	retlw	115	;'s'
  1063     03F4  3473               	retlw	115	;'s'
  1064     03F5  3465               	retlw	101	;'e'
  1065     03F6  3464               	retlw	100	;'d'
  1066     03F7  343A               	retlw	58	;':'
  1067     03F8  3420               	retlw	32	;' '
  1068     03F9  344D               	retlw	77	;'M'
  1069     03FA  346F               	retlw	111	;'o'
  1070     03FB  3474               	retlw	116	;'t'
  1071     03FC  3469               	retlw	105	;'i'
  1072     03FD  346F               	retlw	111	;'o'
  1073     03FE  346E               	retlw	110	;'n'
  1074     03FF  3420               	retlw	32	;' '
  1075     0400  3444               	retlw	68	;'D'
  1076     0401  3465               	retlw	101	;'e'
  1077     0402  3474               	retlw	116	;'t'
  1078     0403  3465               	retlw	101	;'e'
  1079     0404  3463               	retlw	99	;'c'
  1080     0405  3474               	retlw	116	;'t'
  1081     0406  3465               	retlw	101	;'e'
  1082     0407  3464               	retlw	100	;'d'
  1083     0408  3420               	retlw	32	;' '
  1084     0409  343D               	retlw	61	;'='
  1085     040A  343E               	retlw	62	;'>'
  1086     040B  3420               	retlw	32	;' '
  1087     040C  344C               	retlw	76	;'L'
  1088     040D  3445               	retlw	69	;'E'
  1089     040E  3444               	retlw	68	;'D'
  1090     040F  3420               	retlw	32	;' '
  1091     0410  344F               	retlw	79	;'O'
  1092     0411  344E               	retlw	78	;'N'
  1093     0412  340D               	retlw	13
  1094     0413  3400               	retlw	0
  1095                           
  1096                           	psect	stringtext10
  1097     03B7                     __pstringtext10:
  1098     03B7                     STR_3:
  1099     03B7  343F               	retlw	63	;'?'
  1100     03B8  3420               	retlw	32	;' '
  1101     03B9  3454               	retlw	84	;'T'
  1102     03BA  3465               	retlw	101	;'e'
  1103     03BB  3473               	retlw	115	;'s'
  1104     03BC  3474               	retlw	116	;'t'
  1105     03BD  3420               	retlw	32	;' '
  1106     03BE  3443               	retlw	67	;'C'
  1107     03BF  3461               	retlw	97	;'a'
  1108     03C0  3473               	retlw	115	;'s'
  1109     03C1  3465               	retlw	101	;'e'
  1110     03C2  3420               	retlw	32	;' '
  1111     03C3  3432               	retlw	50	;'2'
  1112     03C4  3420               	retlw	32	;' '
  1113     03C5  3450               	retlw	80	;'P'
  1114     03C6  3461               	retlw	97	;'a'
  1115     03C7  3473               	retlw	115	;'s'
  1116     03C8  3473               	retlw	115	;'s'
  1117     03C9  3465               	retlw	101	;'e'
  1118     03CA  3464               	retlw	100	;'d'
  1119     03CB  343A               	retlw	58	;':'
  1120     03CC  3420               	retlw	32	;' '
  1121     03CD  344E               	retlw	78	;'N'
  1122     03CE  346F               	retlw	111	;'o'
  1123     03CF  3420               	retlw	32	;' '
  1124     03D0  344D               	retlw	77	;'M'
  1125     03D1  346F               	retlw	111	;'o'
  1126     03D2  3474               	retlw	116	;'t'
  1127     03D3  3469               	retlw	105	;'i'
  1128     03D4  346F               	retlw	111	;'o'
  1129     03D5  346E               	retlw	110	;'n'
  1130     03D6  3420               	retlw	32	;' '
  1131     03D7  343D               	retlw	61	;'='
  1132     03D8  343E               	retlw	62	;'>'
  1133     03D9  3420               	retlw	32	;' '
  1134     03DA  344C               	retlw	76	;'L'
  1135     03DB  3445               	retlw	69	;'E'
  1136     03DC  3444               	retlw	68	;'D'
  1137     03DD  3420               	retlw	32	;' '
  1138     03DE  344F               	retlw	79	;'O'
  1139     03DF  3446               	retlw	70	;'F'
  1140     03E0  3446               	retlw	70	;'F'
  1141     03E1  340D               	retlw	13
  1142     03E2  3400               	retlw	0
  1143                           
  1144                           	psect	stringtext11
  1145     038B                     __pstringtext11:
  1146     038B                     STR_9:
  1147     038B  343F               	retlw	63	;'?'
  1148     038C  3420               	retlw	32	;' '
  1149     038D  3454               	retlw	84	;'T'
  1150     038E  3465               	retlw	101	;'e'
  1151     038F  3473               	retlw	115	;'s'
  1152     0390  3474               	retlw	116	;'t'
  1153     0391  3420               	retlw	32	;' '
  1154     0392  3443               	retlw	67	;'C'
  1155     0393  3461               	retlw	97	;'a'
  1156     0394  3473               	retlw	115	;'s'
  1157     0395  3465               	retlw	101	;'e'
  1158     0396  3420               	retlw	32	;' '
  1159     0397  3435               	retlw	53	;'5'
  1160     0398  3420               	retlw	32	;' '
  1161     0399  3450               	retlw	80	;'P'
  1162     039A  3461               	retlw	97	;'a'
  1163     039B  3473               	retlw	115	;'s'
  1164     039C  3473               	retlw	115	;'s'
  1165     039D  3465               	retlw	101	;'e'
  1166     039E  3464               	retlw	100	;'d'
  1167     039F  343A               	retlw	58	;':'
  1168     03A0  3420               	retlw	32	;' '
  1169     03A1  3452               	retlw	82	;'R'
  1170     03A2  3461               	retlw	97	;'a'
  1171     03A3  3470               	retlw	112	;'p'
  1172     03A4  3469               	retlw	105	;'i'
  1173     03A5  3464               	retlw	100	;'d'
  1174     03A6  3420               	retlw	32	;' '
  1175     03A7  344D               	retlw	77	;'M'
  1176     03A8  346F               	retlw	111	;'o'
  1177     03A9  3474               	retlw	116	;'t'
  1178     03AA  3469               	retlw	105	;'i'
  1179     03AB  346F               	retlw	111	;'o'
  1180     03AC  346E               	retlw	110	;'n'
  1181     03AD  3420               	retlw	32	;' '
  1182     03AE  3443               	retlw	67	;'C'
  1183     03AF  3468               	retlw	104	;'h'
  1184     03B0  3461               	retlw	97	;'a'
  1185     03B1  346E               	retlw	110	;'n'
  1186     03B2  3467               	retlw	103	;'g'
  1187     03B3  3465               	retlw	101	;'e'
  1188     03B4  3473               	retlw	115	;'s'
  1189     03B5  340D               	retlw	13
  1190     03B6  3400               	retlw	0
  1191                           
  1192                           	psect	stringtext12
  1193     032A                     __pstringtext12:
  1194     032A                     STR_22:
  1195     032A  3420               	retlw	32	;' '
  1196     032B  3454               	retlw	84	;'T'
  1197     032C  3465               	retlw	101	;'e'
  1198     032D  3473               	retlw	115	;'s'
  1199     032E  3474               	retlw	116	;'t'
  1200     032F  3420               	retlw	32	;' '
  1201     0330  3443               	retlw	67	;'C'
  1202     0331  3461               	retlw	97	;'a'
  1203     0332  3473               	retlw	115	;'s'
  1204     0333  3465               	retlw	101	;'e'
  1205     0334  3420               	retlw	32	;' '
  1206     0335  3453               	retlw	83	;'S'
  1207     0336  3465               	retlw	101	;'e'
  1208     0337  346C               	retlw	108	;'l'
  1209     0338  3465               	retlw	101	;'e'
  1210     0339  3463               	retlw	99	;'c'
  1211     033A  3474               	retlw	116	;'t'
  1212     033B  3469               	retlw	105	;'i'
  1213     033C  346F               	retlw	111	;'o'
  1214     033D  346E               	retlw	110	;'n'
  1215     033E  3420               	retlw	32	;' '
  1216     033F  3428               	retlw	40	;'('
  1217     0340  3431               	retlw	49	;'1'
  1218     0341  342D               	retlw	45	;'-'
  1219     0342  3431               	retlw	49	;'1'
  1220     0343  3431               	retlw	49	;'1'
  1221     0344  3429               	retlw	41	;')'
  1222     0345  343A               	retlw	58	;':'
  1223     0346  3420               	retlw	32	;' '
  1224     0347  340D               	retlw	13
  1225     0348  3400               	retlw	0
  1226                           
  1227                           	psect	stringtext13
  1228     0238                     __pstringtext13:
  1229     0238                     STR_2:
  1230     0238  3454               	retlw	84	;'T'
  1231     0239  3465               	retlw	101	;'e'
  1232     023A  3473               	retlw	115	;'s'
  1233     023B  3474               	retlw	116	;'t'
  1234     023C  3420               	retlw	32	;' '
  1235     023D  3463               	retlw	99	;'c'
  1236     023E  3461               	retlw	97	;'a'
  1237     023F  3473               	retlw	115	;'s'
  1238     0240  3465               	retlw	101	;'e'
  1239     0241  3420               	retlw	32	;' '
  1240     0242  3446               	retlw	70	;'F'
  1241     0243  3461               	retlw	97	;'a'
  1242     0244  3469               	retlw	105	;'i'
  1243     0245  346C               	retlw	108	;'l'
  1244     0246  3465               	retlw	101	;'e'
  1245     0247  3464               	retlw	100	;'d'
  1246     0248  3420               	retlw	32	;' '
  1247     0249  340D               	retlw	13
  1248     024A  3400               	retlw	0
  1249                           
  1250                           	psect	stringtext14
  1251     0208                     __pstringtext14:
  1252     0208                     STR_23:
  1253     0208  3420               	retlw	32	;' '
  1254     0209  3477               	retlw	119	;'w'
  1255     020A  3472               	retlw	114	;'r'
  1256     020B  346F               	retlw	111	;'o'
  1257     020C  346E               	retlw	110	;'n'
  1258     020D  3467               	retlw	103	;'g'
  1259     020E  3420               	retlw	32	;' '
  1260     020F  3469               	retlw	105	;'i'
  1261     0210  346E               	retlw	110	;'n'
  1262     0211  3470               	retlw	112	;'p'
  1263     0212  3475               	retlw	117	;'u'
  1264     0213  3474               	retlw	116	;'t'
  1265     0214  340D               	retlw	13
  1266     0215  3400               	retlw	0
  1267                           
  1268                           	psect	stringtext15
  1269     0000                     __pstringtext15:
  1270     0238                     STR_4           equ	STR_2
  1271     0238                     STR_6           equ	STR_2
  1272     0238                     STR_8           equ	STR_2
  1273     0238                     STR_10          equ	STR_2
  1274     0238                     STR_12          equ	STR_2
  1275     0238                     STR_14          equ	STR_2
  1276     0238                     STR_16          equ	STR_2
  1277     0238                     STR_19          equ	STR_2
  1278     0238                     STR_21          equ	STR_2
  1279                           
  1280                           	psect	cinit
  1281     07F9                     start_initialization:	
  1282                           ; #config settings
  1283                           
  1284     07F9                     __initialization:
  1285                           
  1286                           ; Clear objects allocated to COMMON
  1287     07F9  01FC               	clrf	__pbssCOMMON& (0+127)
  1288                           
  1289                           ; Clear objects allocated to BANK0
  1290     07FA  0020               	movlb	0	; select bank0
  1291     07FB  01AB               	clrf	__pbssBANK0& (0+127)
  1292     07FC  01AC               	clrf	(__pbssBANK0+1)& (0+127)
  1293     07FD  01AD               	clrf	(__pbssBANK0+2)& (0+127)
  1294     07FE                     end_of_initialization:	
  1295                           ;End of C runtime variable initialization code
  1296                           
  1297     07FE                     __end_of__initialization:
  1298     07FE  0020               	movlb	0
  1299     07FF  2F39               	ljmp	_main	;jump to C main() function
  1300                           
  1301                           	psect	bssCOMMON
  1302     007C                     __pbssCOMMON:
  1303     007C                     _eusartRxLastError:
  1304     007C                     	ds	1
  1305                           
  1306                           	psect	bssBANK0
  1307     002B                     __pbssBANK0:
  1308     002B                     main@F3117:
  1309     002B                     	ds	3
  1310                           
  1311                           	psect	cstackCOMMON
  1312     0070                     __pcstackCOMMON:
  1313     0070                     ?_EUSART_Write:
  1314     0070                     ?_EUSART_is_tx_done:	
  1315                           ; 1 bytes @ 0x0
  1316                           
  1317     0070                     ?_EUSART_Initialize:	
  1318                           ; 1 bytes @ 0x0
  1319                           
  1320     0070                     ?_EUSART_Read:	
  1321                           ; 1 bytes @ 0x0
  1322                           
  1323     0070                     ?_EUSART_SetFramingErrorHandler:	
  1324                           ; 1 bytes @ 0x0
  1325                           
  1326     0070                     ?_EUSART_SetOverrunErrorHandler:	
  1327                           ; 1 bytes @ 0x0
  1328                           
  1329     0070                     ?_EUSART_SetErrorHandler:	
  1330                           ; 1 bytes @ 0x0
  1331                           
  1332     0070                     ?_PORT_Initialize:	
  1333                           ; 1 bytes @ 0x0
  1334                           
  1335     0070                     ?_PIRPORTInit:	
  1336                           ; 1 bytes @ 0x0
  1337                           
  1338     0070                     ?_OSCILLATOR_Initialize:	
  1339                           ; 1 bytes @ 0x0
  1340                           
  1341     0070                     ?_WDT_Initialize:	
  1342                           ; 1 bytes @ 0x0
  1343                           
  1344     0070                     ?_CheckPIRSensor:	
  1345                           ; 1 bytes @ 0x0
  1346                           
  1347     0070                     ?_test_PIR_motion_detected:	
  1348                           ; 1 bytes @ 0x0
  1349                           
  1350     0070                     ?_test_PIR_no_motion:	
  1351                           ; 1 bytes @ 0x0
  1352                           
  1353     0070                     ?_test_PIR_initialstate_No_motion_detected:	
  1354                           ; 1 bytes @ 0x0
  1355                           
  1356     0070                     ?_test_PIR_initialstate_motion_detected:	
  1357                           ; 1 bytes @ 0x0
  1358                           
  1359     0070                     ?_test_PIR_toggle_motion_fast:	
  1360                           ; 1 bytes @ 0x0
  1361                           
  1362     0070                     ?_test_PIR_continuous_no_motion:	
  1363                           ; 1 bytes @ 0x0
  1364                           
  1365     0070                     ?_test_PIR_continuous_motion:	
  1366                           ; 1 bytes @ 0x0
  1367                           
  1368     0070                     ?_test_PIR_toggle_short_spike:	
  1369                           ; 1 bytes @ 0x0
  1370                           
  1371     0070                     ?_test_PIR_motion_delay_handling:	
  1372                           ; 1 bytes @ 0x0
  1373                           
  1374     0070                     ?_test_PIR_unconfigured_pin:	
  1375                           ; 1 bytes @ 0x0
  1376                           
  1377     0070                     ?_test_no_PIR_connected:	
  1378                           ; 1 bytes @ 0x0
  1379                           
  1380     0070                     ?___bmul:	
  1381                           ; 1 bytes @ 0x0
  1382                           
  1383     0070                     ?_main:	
  1384                           ; 1 bytes @ 0x0
  1385                           
  1386     0070                     EUSART_Write@txData:	
  1387                           ; 2 bytes @ 0x0
  1388                           
  1389     0070                     ___bmul@multiplicand:	
  1390                           ; 1 bytes @ 0x0
  1391                           
  1392     0070                     EUSART_SetFramingErrorHandler@interruptHandler:	
  1393                           ; 1 bytes @ 0x0
  1394                           
  1395     0070                     EUSART_SetOverrunErrorHandler@interruptHandler:	
  1396                           ; 2 bytes @ 0x0
  1397                           
  1398     0070                     EUSART_SetErrorHandler@interruptHandler:	
  1399                           ; 2 bytes @ 0x0
  1400                           
  1401     0070                     ??_EUSART_Write:	
  1402                           ; 2 bytes @ 0x0
  1403                           
  1404     0070                     ??_EUSART_is_tx_done:	
  1405                           ; 1 bytes @ 0x0
  1406                           
  1407     0070                     ??_EUSART_Read:	
  1408                           ; 1 bytes @ 0x0
  1409                           
  1410     0070                     ??_PORT_Initialize:	
  1411                           ; 1 bytes @ 0x0
  1412                           
  1413     0070                     ??_PIRPORTInit:	
  1414                           ; 1 bytes @ 0x0
  1415                           
  1416     0070                     ??_OSCILLATOR_Initialize:	
  1417                           ; 1 bytes @ 0x0
  1418                           
  1419     0070                     ??_WDT_Initialize:	
  1420                           ; 1 bytes @ 0x0
  1421                           
  1422     0070                     ??_CheckPIRSensor:	
  1423                           ; 1 bytes @ 0x0
  1424                           
  1425                           
  1426                           ; 1 bytes @ 0x0
  1427     0070                     	ds	1
  1428     0071                     ?_UART_SendString:
  1429     0071                     ___bmul@product:	
  1430                           ; 1 bytes @ 0x1
  1431                           
  1432     0071                     UART_SendString@str:	
  1433                           ; 1 bytes @ 0x1
  1434                           
  1435     0071                     ??___bmul:	
  1436                           ; 2 bytes @ 0x1
  1437                           
  1438                           
  1439                           ; 1 bytes @ 0x1
  1440     0071                     	ds	1
  1441     0072                     ___bmul@multiplier:
  1442     0072                     ??_EUSART_Initialize:	
  1443                           ; 1 bytes @ 0x2
  1444                           
  1445     0072                     ??_EUSART_SetFramingErrorHandler:	
  1446                           ; 1 bytes @ 0x2
  1447                           
  1448     0072                     ??_EUSART_SetOverrunErrorHandler:	
  1449                           ; 1 bytes @ 0x2
  1450                           
  1451     0072                     ??_EUSART_SetErrorHandler:	
  1452                           ; 1 bytes @ 0x2
  1453                           
  1454                           
  1455                           ; 1 bytes @ 0x2
  1456     0072                     	ds	1
  1457     0073                     ??_UART_SendString:
  1458                           
  1459                           ; 1 bytes @ 0x3
  1460     0073                     	ds	1
  1461     0074                     ??_test_PIR_motion_detected:
  1462     0074                     ??_test_PIR_no_motion:	
  1463                           ; 1 bytes @ 0x4
  1464                           
  1465     0074                     ??_test_PIR_initialstate_No_motion_detected:	
  1466                           ; 1 bytes @ 0x4
  1467                           
  1468     0074                     ??_test_PIR_initialstate_motion_detected:	
  1469                           ; 1 bytes @ 0x4
  1470                           
  1471     0074                     ??_test_PIR_toggle_motion_fast:	
  1472                           ; 1 bytes @ 0x4
  1473                           
  1474     0074                     ??_test_PIR_continuous_no_motion:	
  1475                           ; 1 bytes @ 0x4
  1476                           
  1477     0074                     ??_test_PIR_continuous_motion:	
  1478                           ; 1 bytes @ 0x4
  1479                           
  1480     0074                     ??_test_PIR_toggle_short_spike:	
  1481                           ; 1 bytes @ 0x4
  1482                           
  1483     0074                     ??_test_PIR_motion_delay_handling:	
  1484                           ; 1 bytes @ 0x4
  1485                           
  1486     0074                     ??_test_PIR_unconfigured_pin:	
  1487                           ; 1 bytes @ 0x4
  1488                           
  1489     0074                     ??_test_no_PIR_connected:	
  1490                           ; 1 bytes @ 0x4
  1491                           
  1492                           
  1493                           ; 1 bytes @ 0x4
  1494     0074                     	ds	1
  1495     0075                     test_PIR_continuous_no_motion@loop:
  1496     0075                     test_PIR_continuous_motion@loop:	
  1497                           ; 2 bytes @ 0x5
  1498                           
  1499                           
  1500                           ; 2 bytes @ 0x5
  1501     0075                     	ds	1
  1502     0076                     test_PIR_toggle_motion_fast@res1:
  1503     0076                     test_PIR_toggle_short_spike@res1:	
  1504                           ; 2 bytes @ 0x6
  1505                           
  1506                           
  1507                           ; 2 bytes @ 0x6
  1508     0076                     	ds	2
  1509     0078                     test_PIR_toggle_motion_fast@res2:
  1510     0078                     test_PIR_toggle_short_spike@res2:	
  1511                           ; 2 bytes @ 0x8
  1512                           
  1513                           
  1514                           ; 2 bytes @ 0x8
  1515     0078                     	ds	2
  1516     007A                     test_PIR_toggle_motion_fast@res3:
  1517     007A                     test_PIR_toggle_short_spike@res3:	
  1518                           ; 2 bytes @ 0xA
  1519                           
  1520                           
  1521                           ; 2 bytes @ 0xA
  1522     007A                     	ds	2
  1523     007C                     ??_main:
  1524                           
  1525                           	psect	cstackBANK0
  1526     0026                     __pcstackBANK0:	
  1527                           ; 1 bytes @ 0xC
  1528                           
  1529     0026                     main@TestcaseSel:
  1530                           
  1531                           ; 1 bytes @ 0x0
  1532     0026                     	ds	1
  1533     0027                     main@rxdata:
  1534                           
  1535                           ; 3 bytes @ 0x1
  1536     0027                     	ds	3
  1537     002A                     main@index:
  1538                           
  1539                           ; 1 bytes @ 0x4
  1540     002A                     	ds	1
  1541                           
  1542                           	psect	maintext
  1543     0739                     __pmaintext:	
  1544 ;;
  1545 ;;Main: autosize = 0, tempsize = 0, incstack = 0, save=0
  1546 ;;
  1547 ;; *************** function _main *****************
  1548 ;; Defined at:
  1549 ;;		line 405 in file "main.c"
  1550 ;; Parameters:    Size  Location     Type
  1551 ;;		None
  1552 ;; Auto vars:     Size  Location     Type
  1553 ;;  rxdata          3    1[BANK0 ] unsigned char [3]
  1554 ;;  index           1    4[BANK0 ] unsigned char 
  1555 ;;  TestcaseSel     1    0[BANK0 ] unsigned char 
  1556 ;; Return value:  Size  Location     Type
  1557 ;;                  2  130[None  ] int 
  1558 ;; Registers used:
  1559 ;;		wreg, fsr0l, fsr0h, fsr1l, fsr1h, status,2, status,0, pclath, cstack
  1560 ;; Tracked objects:
  1561 ;;		On entry : B1F/0
  1562 ;;		On exit  : 0/0
  1563 ;;		Unchanged: 0/0
  1564 ;; Data sizes:     COMMON   BANK0   BANK1   BANK2
  1565 ;;      Params:         0       0       0       0
  1566 ;;      Locals:         0       5       0       0
  1567 ;;      Temps:          0       0       0       0
  1568 ;;      Totals:         0       5       0       0
  1569 ;;Total ram usage:        5 bytes
  1570 ;; Hardware stack levels required when called: 4
  1571 ;; This function calls:
  1572 ;;		_EUSART_Initialize
  1573 ;;		_EUSART_Read
  1574 ;;		_OSCILLATOR_Initialize
  1575 ;;		_PORT_Initialize
  1576 ;;		_UART_SendString
  1577 ;;		_WDT_Initialize
  1578 ;;		___bmul
  1579 ;;		_test_PIR_continuous_motion
  1580 ;;		_test_PIR_continuous_no_motion
  1581 ;;		_test_PIR_initialstate_No_motion_detected
  1582 ;;		_test_PIR_initialstate_motion_detected
  1583 ;;		_test_PIR_motion_delay_handling
  1584 ;;		_test_PIR_motion_detected
  1585 ;;		_test_PIR_no_motion
  1586 ;;		_test_PIR_toggle_motion_fast
  1587 ;;		_test_PIR_toggle_short_spike
  1588 ;;		_test_PIR_unconfigured_pin
  1589 ;;		_test_no_PIR_connected
  1590 ;; This function is called by:
  1591 ;;		Startup code after reset
  1592 ;; This function uses a non-reentrant model
  1593 ;;
  1594                           
  1595     0739                     _main:	
  1596                           ;psect for function _main
  1597                           
  1598     0739                     l1383:	
  1599                           ;incstack = 0
  1600                           ; Regs used in _main: [wreg-fsr1h+status,2+status,0+pclath+cstack]
  1601                           
  1602     0739                     l1385:
  1603     0739  3000               	movlw	0
  1604     073A  0020               	movlb	0	; select bank0
  1605     073B  00A7               	movwf	main@rxdata
  1606     073C  3000               	movlw	0
  1607     073D  00A8               	movwf	main@rxdata+1
  1608     073E  3000               	movlw	0
  1609     073F  00A9               	movwf	main@rxdata+2
  1610     0740                     l1387:
  1611     0740                     l1389:
  1612                           
  1613                           ;main.c: 408:     PORT_Initialize();
  1614     0740  3182  224B  3187   	fcall	_PORT_Initialize
  1615     0743                     l1391:
  1616                           
  1617                           ;main.c: 409:     OSCILLATOR_Initialize();
  1618     0743  3181  21EE  3187   	fcall	_OSCILLATOR_Initialize
  1619     0746                     l1393:
  1620                           
  1621                           ;main.c: 410:     WDT_Initialize();
  1622     0746  3181  21D0  3187   	fcall	_WDT_Initialize
  1623                           
  1624                           ;main.c: 411:     EUSART_Initialize();
  1625     0749  3183  2349  3187   	fcall	_EUSART_Initialize
  1626     074C                     l1395:
  1627                           
  1628                           ;main.c: 414:     {;main.c: 415:         rxdata[0] = 0;
  1629     074C  0020               	movlb	0	; select bank0
  1630     074D  01A7               	clrf	main@rxdata
  1631     074E                     l1397:
  1632                           
  1633                           ;main.c: 416:         rxdata[1] = 0;
  1634     074E  01A8               	clrf	main@rxdata+1
  1635     074F                     l1399:
  1636                           
  1637                           ;main.c: 417:         rxdata[2] = 0;
  1638     074F  01A9               	clrf	main@rxdata+2
  1639     0750                     l1401:
  1640                           
  1641                           ;main.c: 418:         index = 0;
  1642     0750  01AA               	clrf	main@index
  1643     0751                     l1403:
  1644                           
  1645                           ;main.c: 420:         UART_SendString(" Test Case Selection (1-11): \r");
  1646     0751  302A               	movlw	low (STR_22| (0+32768))
  1647     0752  00F1               	movwf	UART_SendString@str
  1648     0753  3083               	movlw	high (STR_22| (0+32768))
  1649     0754  00F2               	movwf	UART_SendString@str+1
  1650     0755  3183  230B  3187   	fcall	_UART_SendString
  1651     0758                     l1405:
  1652                           
  1653                           ;main.c: 426:             rxdata[index]= EUSART_Read();
  1654     0758  0020               	movlb	0	; select bank0
  1655     0759  082A               	movf	main@index,w
  1656     075A  3E27               	addlw	(low (main@rxdata| 0))& (0+255)
  1657     075B  0086               	movwf	6
  1658     075C  0187               	clrf	7
  1659     075D  3182  2216  3187   	fcall	_EUSART_Read
  1660     0760  0081               	movwf	1
  1661     0761                     l1407:
  1662                           
  1663                           ;main.c: 427:             if(((rxdata[index]> '0') && (rxdata[index]<= '9') )||(rxdata[i
      +                          ndex]== 'a'))
  1664     0761  0020               	movlb	0	; select bank0
  1665     0762  082A               	movf	main@index,w
  1666     0763  3E27               	addlw	(low (main@rxdata| 0))& (0+255)
  1667     0764  0086               	movwf	6
  1668     0765  0187               	clrf	7
  1669     0766  3031               	movlw	49
  1670     0767  0201               	subwf	1,w
  1671     0768  1C03               	skipc
  1672     0769  2F6B               	goto	u581
  1673     076A  2F6C               	goto	u580
  1674     076B                     u581:
  1675     076B  2F76               	goto	l1411
  1676     076C                     u580:
  1677     076C                     l1409:
  1678     076C  082A               	movf	main@index,w
  1679     076D  3E27               	addlw	(low (main@rxdata| 0))& (0+255)
  1680     076E  0086               	movwf	6
  1681     076F  0187               	clrf	7
  1682     0770  303A               	movlw	58
  1683     0771  0201               	subwf	1,w
  1684     0772  1C03               	skipc
  1685     0773  2F75               	goto	u591
  1686     0774  2F76               	goto	u590
  1687     0775                     u591:
  1688     0775  2F80               	goto	l1413
  1689     0776                     u590:
  1690     0776                     l1411:
  1691     0776  082A               	movf	main@index,w
  1692     0777  3E27               	addlw	(low (main@rxdata| 0))& (0+255)
  1693     0778  0086               	movwf	6
  1694     0779  0187               	clrf	7
  1695     077A  3061               	movlw	97
  1696     077B  0601               	xorwf	1,w
  1697     077C  1D03               	btfss	3,2
  1698     077D  2F7F               	goto	u601
  1699     077E  2F80               	goto	u600
  1700     077F                     u601:
  1701     077F  2F82               	goto	l1415
  1702     0780                     u600:
  1703     0780                     l1413:
  1704                           
  1705                           ;main.c: 428:             index++;
  1706     0780  3001               	movlw	1
  1707     0781  07AA               	addwf	main@index,f
  1708     0782                     l1415:
  1709                           
  1710                           ;main.c: 429:         }while(rxdata[index-1] != 'a');
  1711     0782  082A               	movf	main@index,w
  1712     0783  3EFF               	addlw	255
  1713     0784  3E27               	addlw	(low (main@rxdata| 0))& (0+255)
  1714     0785  0086               	movwf	6
  1715     0786  0187               	clrf	7
  1716     0787  3061               	movlw	97
  1717     0788  0601               	xorwf	1,w
  1718     0789  1D03               	btfss	3,2
  1719     078A  2F8C               	goto	u611
  1720     078B  2F8D               	goto	u610
  1721     078C                     u611:
  1722     078C  2F58               	goto	l1405
  1723     078D                     u610:
  1724     078D                     l1417:
  1725                           
  1726                           ;main.c: 432:         if(rxdata[1] == 'a')
  1727     078D  3061               	movlw	97
  1728     078E  0628               	xorwf	main@rxdata+1,w
  1729     078F  1D03               	btfss	3,2
  1730     0790  2F92               	goto	u621
  1731     0791  2F93               	goto	u620
  1732     0792                     u621:
  1733     0792  2F96               	goto	l1421
  1734     0793                     u620:
  1735     0793                     l1419:
  1736                           
  1737                           ;main.c: 433:         {;main.c: 434:             TestcaseSel = rxdata[0];
  1738     0793  0827               	movf	main@rxdata,w
  1739     0794  00A6               	movwf	main@TestcaseSel
  1740                           
  1741                           ;main.c: 435:         }
  1742     0795  2FD5               	goto	l1447
  1743     0796                     l1421:
  1744                           
  1745                           ;main.c: 437:         {;main.c: 438:             TestcaseSel = (((rxdata[0]-'0')*10) + (
      +                          rxdata[1]-'0'));
  1746     0796  300A               	movlw	10
  1747     0797  00F0               	movwf	___bmul@multiplicand
  1748     0798  0827               	movf	main@rxdata,w
  1749     0799  3182  2225  3187   	fcall	___bmul
  1750     079C  0020               	movlb	0	; select bank0
  1751     079D  0728               	addwf	main@rxdata+1,w
  1752     079E  3EF0               	addlw	240
  1753     079F  00A6               	movwf	main@TestcaseSel
  1754     07A0  2FD5               	goto	l1447
  1755     07A1                     l1423:
  1756                           
  1757                           ;main.c: 446:                    test_PIR_motion_detected();
  1758     07A1  3182  2293  3187   	fcall	_test_PIR_motion_detected
  1759                           
  1760                           ;main.c: 447:                    break;
  1761     07A4  2F4C               	goto	l1395
  1762     07A5                     l1425:
  1763                           
  1764                           ;main.c: 449:                    test_PIR_no_motion();
  1765     07A5  3182  22ED  3187   	fcall	_test_PIR_no_motion
  1766                           
  1767                           ;main.c: 450:                    break;
  1768     07A8  2F4C               	goto	l1395
  1769     07A9                     l1427:
  1770                           
  1771                           ;main.c: 452:                 test_PIR_initialstate_No_motion_detected();
  1772     07A9  3182  22B1  3187   	fcall	_test_PIR_initialstate_No_motion_detected
  1773                           
  1774                           ;main.c: 453:                 break;
  1775     07AC  2F4C               	goto	l1395
  1776     07AD                     l1429:
  1777                           
  1778                           ;main.c: 455:                 test_PIR_initialstate_motion_detected();
  1779     07AD  3182  22CF  3187   	fcall	_test_PIR_initialstate_motion_detected
  1780                           
  1781                           ;main.c: 456:                 break;
  1782     07B0  2F4C               	goto	l1395
  1783     07B1                     l1431:
  1784                           
  1785                           ;main.c: 458:                 test_PIR_toggle_motion_fast();
  1786     07B1  3186  2689  3187   	fcall	_test_PIR_toggle_motion_fast
  1787                           
  1788                           ;main.c: 459:                 break;
  1789     07B4  2F4C               	goto	l1395
  1790     07B5                     l1433:
  1791                           
  1792                           ;main.c: 461:                 test_PIR_continuous_no_motion();
  1793     07B5  3184  2446  3187   	fcall	_test_PIR_continuous_no_motion
  1794                           
  1795                           ;main.c: 462:                 break;
  1796     07B8  2F4C               	goto	l1395
  1797     07B9                     l1435:
  1798                           
  1799                           ;main.c: 464:                 test_PIR_continuous_motion();
  1800     07B9  3184  2414  3187   	fcall	_test_PIR_continuous_motion
  1801                           
  1802                           ;main.c: 465:                 break;
  1803     07BC  2F4C               	goto	l1395
  1804     07BD                     l1437:
  1805                           
  1806                           ;main.c: 467:                 test_PIR_toggle_short_spike();
  1807     07BD  3186  26E0  3187   	fcall	_test_PIR_toggle_short_spike
  1808                           
  1809                           ;main.c: 468:                 break;
  1810     07C0  2F4C               	goto	l1395
  1811     07C1                     l1439:
  1812                           
  1813                           ;main.c: 470:                 test_PIR_motion_delay_handling();
  1814     07C1  3183  236A  3187   	fcall	_test_PIR_motion_delay_handling
  1815                           
  1816                           ;main.c: 471:                 break;
  1817     07C4  2F4C               	goto	l1395
  1818     07C5                     l1441:
  1819                           
  1820                           ;main.c: 473:                 test_PIR_unconfigured_pin();
  1821     07C5  3182  2263  3187   	fcall	_test_PIR_unconfigured_pin
  1822                           
  1823                           ;main.c: 474:                 break;
  1824     07C8  2F4C               	goto	l1395
  1825     07C9                     l1443:
  1826                           
  1827                           ;main.c: 476:                 test_no_PIR_connected();
  1828     07C9  3182  227B  3187   	fcall	_test_no_PIR_connected
  1829                           
  1830                           ;main.c: 477:                 break;
  1831     07CC  2F4C               	goto	l1395
  1832     07CD                     l1445:
  1833                           
  1834                           ;main.c: 506:                 UART_SendString(" wrong input\r");
  1835     07CD  3008               	movlw	low (STR_23| (0+32768))
  1836     07CE  00F1               	movwf	UART_SendString@str
  1837     07CF  3082               	movlw	high (STR_23| (0+32768))
  1838     07D0  00F2               	movwf	UART_SendString@str+1
  1839     07D1  3183  230B  3187   	fcall	_UART_SendString
  1840                           
  1841                           ;main.c: 507:         }
  1842     07D4  2F4C               	goto	l1395
  1843     07D5                     l1447:
  1844     07D5  0826               	movf	main@TestcaseSel,w
  1845                           
  1846                           ; Switch size 1, requested type "simple"
  1847                           ; Number of cases is 11, Range of values is 10 to 57
  1848                           ; switch strategies available:
  1849                           ; Name         Instructions Cycles
  1850                           ; simple_byte           34    18 (average)
  1851                           ; direct_byte          105     9 (fixed)
  1852                           ; jumptable            263     9 (fixed)
  1853                           ;	Chosen strategy is simple_byte
  1854     07D6  3A0A               	xorlw	10	; case 10
  1855     07D7  1903               	skipnz
  1856     07D8  2FC5               	goto	l1441
  1857     07D9  3A01               	xorlw	1	; case 11
  1858     07DA  1903               	skipnz
  1859     07DB  2FC9               	goto	l1443
  1860     07DC  3A3A               	xorlw	58	; case 49
  1861     07DD  1903               	skipnz
  1862     07DE  2FA1               	goto	l1423
  1863     07DF  3A03               	xorlw	3	; case 50
  1864     07E0  1903               	skipnz
  1865     07E1  2FA5               	goto	l1425
  1866     07E2  3A01               	xorlw	1	; case 51
  1867     07E3  1903               	skipnz
  1868     07E4  2FA9               	goto	l1427
  1869     07E5  3A07               	xorlw	7	; case 52
  1870     07E6  1903               	skipnz
  1871     07E7  2FAD               	goto	l1429
  1872     07E8  3A01               	xorlw	1	; case 53
  1873     07E9  1903               	skipnz
  1874     07EA  2FB1               	goto	l1431
  1875     07EB  3A03               	xorlw	3	; case 54
  1876     07EC  1903               	skipnz
  1877     07ED  2FB5               	goto	l1433
  1878     07EE  3A01               	xorlw	1	; case 55
  1879     07EF  1903               	skipnz
  1880     07F0  2FB9               	goto	l1435
  1881     07F1  3A0F               	xorlw	15	; case 56
  1882     07F2  1903               	skipnz
  1883     07F3  2FBD               	goto	l1437
  1884     07F4  3A01               	xorlw	1	; case 57
  1885     07F5  1903               	skipnz
  1886     07F6  2FC1               	goto	l1439
  1887     07F7  2FCD               	goto	l1445
  1888     07F8  2801               	ljmp	start
  1889     07F9                     __end_of_main:
  1890                           
  1891                           	psect	text1
  1892     027B                     __ptext1:	
  1893 ;; *************** function _test_no_PIR_connected *****************
  1894 ;; Defined at:
  1895 ;;		line 276 in file "main.c"
  1896 ;; Parameters:    Size  Location     Type
  1897 ;;		None
  1898 ;; Auto vars:     Size  Location     Type
  1899 ;;		None
  1900 ;; Return value:  Size  Location     Type
  1901 ;;                  1    wreg      void 
  1902 ;; Registers used:
  1903 ;;		wreg, fsr0l, fsr0h, status,2, status,0, pclath, cstack
  1904 ;; Tracked objects:
  1905 ;;		On entry : 0/0
  1906 ;;		On exit  : 0/0
  1907 ;;		Unchanged: 0/0
  1908 ;; Data sizes:     COMMON   BANK0   BANK1   BANK2
  1909 ;;      Params:         0       0       0       0
  1910 ;;      Locals:         0       0       0       0
  1911 ;;      Temps:          0       0       0       0
  1912 ;;      Totals:         0       0       0       0
  1913 ;;Total ram usage:        0 bytes
  1914 ;; Hardware stack levels used: 1
  1915 ;; Hardware stack levels required when called: 2
  1916 ;; This function calls:
  1917 ;;		_CheckPIRSensor
  1918 ;;		_UART_SendString
  1919 ;; This function is called by:
  1920 ;;		_main
  1921 ;; This function uses a non-reentrant model
  1922 ;;
  1923                           
  1924     027B                     _test_no_PIR_connected:	
  1925                           ;psect for function _test_no_PIR_connected
  1926                           
  1927     027B                     l1337:	
  1928                           ;incstack = 0
  1929                           ; Regs used in _test_no_PIR_connected: [wreg-fsr0h+status,2+status,0+pclath+cstack]
  1930                           
  1931                           
  1932                           ;main.c: 277:     CheckPIRSensor();
  1933     027B  3181  21F5  3182   	fcall	_CheckPIRSensor
  1934     027E                     l1339:
  1935                           
  1936                           ;main.c: 278:     if((PORTAbits.RA2 == 0)? 1 : 0)
  1937     027E  0020               	movlb	0	; select bank0
  1938     027F  190C               	btfsc	12,2	;volatile
  1939     0280  2A82               	goto	u531
  1940     0281  2A83               	goto	u530
  1941     0282                     u531:
  1942     0282  2A8B               	goto	l1343
  1943     0283                     u530:
  1944     0283                     l1341:
  1945                           
  1946                           ;main.c: 279:         UART_SendString("? Test Case 11 Passed: No Motion Detected PIR not
      +                           connected => LED OFF\r");
  1947     0283  30F7               	movlw	low (STR_20| (0+32768))
  1948     0284  00F1               	movwf	UART_SendString@str
  1949     0285  3085               	movlw	high (STR_20| (0+32768))
  1950     0286  00F2               	movwf	UART_SendString@str+1
  1951     0287  3183  230B  3182   	fcall	_UART_SendString
  1952     028A  2A92               	goto	l126
  1953     028B                     l1343:
  1954                           
  1955                           ;main.c: 281:         UART_SendString("Test case Failed \r");
  1956     028B  3038               	movlw	low (STR_2| (0+32768))
  1957     028C  00F1               	movwf	UART_SendString@str
  1958     028D  3082               	movlw	high (STR_2| (0+32768))
  1959     028E  00F2               	movwf	UART_SendString@str+1
  1960     028F  3183  230B  3182   	fcall	_UART_SendString
  1961     0292                     l126:
  1962     0292  0008               	return
  1963     0293                     __end_of_test_no_PIR_connected:
  1964                           
  1965                           	psect	text2
  1966     0263                     __ptext2:	
  1967 ;; *************** function _test_PIR_unconfigured_pin *****************
  1968 ;; Defined at:
  1969 ;;		line 266 in file "main.c"
  1970 ;; Parameters:    Size  Location     Type
  1971 ;;		None
  1972 ;; Auto vars:     Size  Location     Type
  1973 ;;		None
  1974 ;; Return value:  Size  Location     Type
  1975 ;;                  1    wreg      void 
  1976 ;; Registers used:
  1977 ;;		wreg, fsr0l, fsr0h, status,2, status,0, pclath, cstack
  1978 ;; Tracked objects:
  1979 ;;		On entry : 0/0
  1980 ;;		On exit  : 0/0
  1981 ;;		Unchanged: 0/0
  1982 ;; Data sizes:     COMMON   BANK0   BANK1   BANK2
  1983 ;;      Params:         0       0       0       0
  1984 ;;      Locals:         0       0       0       0
  1985 ;;      Temps:          0       0       0       0
  1986 ;;      Totals:         0       0       0       0
  1987 ;;Total ram usage:        0 bytes
  1988 ;; Hardware stack levels used: 1
  1989 ;; Hardware stack levels required when called: 2
  1990 ;; This function calls:
  1991 ;;		_CheckPIRSensor
  1992 ;;		_UART_SendString
  1993 ;; This function is called by:
  1994 ;;		_main
  1995 ;; This function uses a non-reentrant model
  1996 ;;
  1997                           
  1998     0263                     _test_PIR_unconfigured_pin:	
  1999                           ;psect for function _test_PIR_unconfigured_pin
  2000                           
  2001     0263                     l1329:	
  2002                           ;incstack = 0
  2003                           ; Regs used in _test_PIR_unconfigured_pin: [wreg-fsr0h+status,2+status,0+pclath+cstack]
  2004                           
  2005                           
  2006                           ;main.c: 267:     CheckPIRSensor();
  2007     0263  3181  21F5  3182   	fcall	_CheckPIRSensor
  2008     0266                     l1331:
  2009                           
  2010                           ;main.c: 268:     if((PORTAbits.RA2 == 0)? 1 : 0)
  2011     0266  0020               	movlb	0	; select bank0
  2012     0267  190C               	btfsc	12,2	;volatile
  2013     0268  2A6A               	goto	u521
  2014     0269  2A6B               	goto	u520
  2015     026A                     u521:
  2016     026A  2A73               	goto	l1335
  2017     026B                     u520:
  2018     026B                     l1333:
  2019                           
  2020                           ;main.c: 269:         UART_SendString("? Test Case 10 Passed: No Motion Detected unconfi
      +                          gured pin => LED OFF\r");
  2021     026B  30B0               	movlw	low (STR_18| (0+32768))
  2022     026C  00F1               	movwf	UART_SendString@str
  2023     026D  3085               	movlw	high (STR_18| (0+32768))
  2024     026E  00F2               	movwf	UART_SendString@str+1
  2025     026F  3183  230B  3182   	fcall	_UART_SendString
  2026     0272  2A7A               	goto	l121
  2027     0273                     l1335:
  2028                           
  2029                           ;main.c: 271:         UART_SendString("Test case Failed \r");
  2030     0273  3038               	movlw	low (STR_2| (0+32768))
  2031     0274  00F1               	movwf	UART_SendString@str
  2032     0275  3082               	movlw	high (STR_2| (0+32768))
  2033     0276  00F2               	movwf	UART_SendString@str+1
  2034     0277  3183  230B  3182   	fcall	_UART_SendString
  2035     027A                     l121:
  2036     027A  0008               	return
  2037     027B                     __end_of_test_PIR_unconfigured_pin:
  2038                           
  2039                           	psect	text3
  2040     06E0                     __ptext3:	
  2041 ;; *************** function _test_PIR_toggle_short_spike *****************
  2042 ;; Defined at:
  2043 ;;		line 234 in file "main.c"
  2044 ;; Parameters:    Size  Location     Type
  2045 ;;		None
  2046 ;; Auto vars:     Size  Location     Type
  2047 ;;  res3            2   10[COMMON] int 
  2048 ;;  res2            2    8[COMMON] int 
  2049 ;;  res1            2    6[COMMON] int 
  2050 ;; Return value:  Size  Location     Type
  2051 ;;                  1    wreg      void 
  2052 ;; Registers used:
  2053 ;;		wreg, fsr0l, fsr0h, status,2, status,0, pclath, cstack
  2054 ;; Tracked objects:
  2055 ;;		On entry : 0/0
  2056 ;;		On exit  : 0/0
  2057 ;;		Unchanged: 0/0
  2058 ;; Data sizes:     COMMON   BANK0   BANK1   BANK2
  2059 ;;      Params:         0       0       0       0
  2060 ;;      Locals:         6       0       0       0
  2061 ;;      Temps:          2       0       0       0
  2062 ;;      Totals:         8       0       0       0
  2063 ;;Total ram usage:        8 bytes
  2064 ;; Hardware stack levels used: 1
  2065 ;; Hardware stack levels required when called: 2
  2066 ;; This function calls:
  2067 ;;		_CheckPIRSensor
  2068 ;;		_PIRPORTInit
  2069 ;;		_UART_SendString
  2070 ;; This function is called by:
  2071 ;;		_main
  2072 ;; This function uses a non-reentrant model
  2073 ;;
  2074                           
  2075     06E0                     _test_PIR_toggle_short_spike:	
  2076                           ;psect for function _test_PIR_toggle_short_spike
  2077                           
  2078     06E0                     l1283:	
  2079                           ;incstack = 0
  2080                           ; Regs used in _test_PIR_toggle_short_spike: [wreg-fsr0h+status,2+status,0+pclath+cstack
      +                          ]
  2081                           
  2082                           
  2083                           ;main.c: 235:     int res1,res2,res3;;main.c: 236:     PIRPORTInit();
  2084     06E0  3181  21D4  3186   	fcall	_PIRPORTInit
  2085     06E3                     l1285:
  2086                           
  2087                           ;main.c: 237:     LATAbits.LATA0 = 0;
  2088     06E3  0022               	movlb	2	; select bank2
  2089     06E4  100C               	bcf	12,0	;volatile
  2090                           
  2091                           ;main.c: 238:     CheckPIRSensor();
  2092     06E5  3181  21F5  3186   	fcall	_CheckPIRSensor
  2093     06E8                     l1287:
  2094                           
  2095                           ;main.c: 239:     res1 = (LATAbits.LATA2 == 0)? 1 : 0;
  2096     06E8  1003               	clrc
  2097     06E9  0022               	movlb	2	; select bank2
  2098     06EA  1D0C               	btfss	12,2	;volatile
  2099     06EB  1403               	setc
  2100     06EC  3000               	movlw	0
  2101     06ED  3D09               	addwfc	9,w
  2102     06EE  00F4               	movwf	??_test_PIR_toggle_short_spike
  2103     06EF  01F5               	clrf	??_test_PIR_toggle_short_spike+1
  2104     06F0  0874               	movf	??_test_PIR_toggle_short_spike,w
  2105     06F1  00F6               	movwf	test_PIR_toggle_short_spike@res1
  2106     06F2  0875               	movf	??_test_PIR_toggle_short_spike+1,w
  2107     06F3  00F7               	movwf	test_PIR_toggle_short_spike@res1+1
  2108     06F4                     l1289:
  2109                           
  2110                           ;main.c: 240:     TRISAbits.TRISA0 = 0;
  2111     06F4  0021               	movlb	1	; select bank1
  2112     06F5  100C               	bcf	12,0	;volatile
  2113     06F6                     l1291:
  2114                           
  2115                           ;main.c: 241:     LATAbits.LATA0 = 1;
  2116     06F6  0022               	movlb	2	; select bank2
  2117     06F7  140C               	bsf	12,0	;volatile
  2118     06F8                     l1293:
  2119                           
  2120                           ;main.c: 242:     TRISAbits.TRISA0 = 1;
  2121     06F8  0021               	movlb	1	; select bank1
  2122     06F9  140C               	bsf	12,0	;volatile
  2123     06FA                     l1295:
  2124                           
  2125                           ;main.c: 243:     CheckPIRSensor();
  2126     06FA  3181  21F5  3186   	fcall	_CheckPIRSensor
  2127     06FD                     l1297:
  2128                           
  2129                           ;main.c: 244:     res2 = (LATAbits.LATA2 == 1)? 1 : 0;
  2130     06FD  0022               	movlb	2	; select bank2
  2131     06FE  0C0C               	rrf	12,w	;volatile
  2132     06FF  0C89               	rrf	9,f
  2133     0700  3901               	andlw	1
  2134     0701  00F4               	movwf	??_test_PIR_toggle_short_spike
  2135     0702  01F5               	clrf	??_test_PIR_toggle_short_spike+1
  2136     0703  0874               	movf	??_test_PIR_toggle_short_spike,w
  2137     0704  00F8               	movwf	test_PIR_toggle_short_spike@res2
  2138     0705  0875               	movf	??_test_PIR_toggle_short_spike+1,w
  2139     0706  00F9               	movwf	test_PIR_toggle_short_spike@res2+1
  2140     0707                     l1299:
  2141                           
  2142                           ;main.c: 245:     LATAbits.LATA0 = 0;
  2143     0707  100C               	bcf	12,0	;volatile
  2144     0708                     l1301:
  2145                           
  2146                           ;main.c: 246:     CheckPIRSensor();
  2147     0708  3181  21F5  3186   	fcall	_CheckPIRSensor
  2148     070B                     l1303:
  2149                           
  2150                           ;main.c: 247:     res3 = (LATAbits.LATA2 == 0)? 1 : 0;
  2151     070B  1003               	clrc
  2152     070C  0022               	movlb	2	; select bank2
  2153     070D  1D0C               	btfss	12,2	;volatile
  2154     070E  1403               	setc
  2155     070F  3000               	movlw	0
  2156     0710  3D09               	addwfc	9,w
  2157     0711  00F4               	movwf	??_test_PIR_toggle_short_spike
  2158     0712  01F5               	clrf	??_test_PIR_toggle_short_spike+1
  2159     0713  0874               	movf	??_test_PIR_toggle_short_spike,w
  2160     0714  00FA               	movwf	test_PIR_toggle_short_spike@res3
  2161     0715  0875               	movf	??_test_PIR_toggle_short_spike+1,w
  2162     0716  00FB               	movwf	test_PIR_toggle_short_spike@res3+1
  2163     0717                     l1305:
  2164                           
  2165                           ;main.c: 248:     if(res1 && res2 && res3)
  2166     0717  0876               	movf	test_PIR_toggle_short_spike@res1,w
  2167     0718  0477               	iorwf	test_PIR_toggle_short_spike@res1+1,w
  2168     0719  1903               	btfsc	3,2
  2169     071A  2F1C               	goto	u481
  2170     071B  2F1D               	goto	u480
  2171     071C                     u481:
  2172     071C  2F31               	goto	l1313
  2173     071D                     u480:
  2174     071D                     l1307:
  2175     071D  0878               	movf	test_PIR_toggle_short_spike@res2,w
  2176     071E  0479               	iorwf	test_PIR_toggle_short_spike@res2+1,w
  2177     071F  1903               	btfsc	3,2
  2178     0720  2F22               	goto	u491
  2179     0721  2F23               	goto	u490
  2180     0722                     u491:
  2181     0722  2F31               	goto	l1313
  2182     0723                     u490:
  2183     0723                     l1309:
  2184     0723  087A               	movf	test_PIR_toggle_short_spike@res3,w
  2185     0724  047B               	iorwf	test_PIR_toggle_short_spike@res3+1,w
  2186     0725  1903               	btfsc	3,2
  2187     0726  2F28               	goto	u501
  2188     0727  2F29               	goto	u500
  2189     0728                     u501:
  2190     0728  2F31               	goto	l1313
  2191     0729                     u500:
  2192     0729                     l1311:
  2193                           
  2194                           ;main.c: 249:         UART_SendString("? Test Case 8 Passed: Short spike in PIR Input de
      +                          tected \r");
  2195     0729  3078               	movlw	low (STR_15| (0+32768))
  2196     072A  00F1               	movwf	UART_SendString@str
  2197     072B  3084               	movlw	high (STR_15| (0+32768))
  2198     072C  00F2               	movwf	UART_SendString@str+1
  2199     072D  3183  230B  3186   	fcall	_UART_SendString
  2200     0730  2F38               	goto	l112
  2201     0731                     l1313:
  2202                           
  2203                           ;main.c: 251:         UART_SendString("Test case Failed \r");
  2204     0731  3038               	movlw	low (STR_2| (0+32768))
  2205     0732  00F1               	movwf	UART_SendString@str
  2206     0733  3082               	movlw	high (STR_2| (0+32768))
  2207     0734  00F2               	movwf	UART_SendString@str+1
  2208     0735  3183  230B  3186   	fcall	_UART_SendString
  2209     0738                     l112:
  2210     0738  0008               	return
  2211     0739                     __end_of_test_PIR_toggle_short_spike:
  2212                           
  2213                           	psect	text4
  2214     0689                     __ptext4:	
  2215 ;; *************** function _test_PIR_toggle_motion_fast *****************
  2216 ;; Defined at:
  2217 ;;		line 177 in file "main.c"
  2218 ;; Parameters:    Size  Location     Type
  2219 ;;		None
  2220 ;; Auto vars:     Size  Location     Type
  2221 ;;  res3            2   10[COMMON] int 
  2222 ;;  res2            2    8[COMMON] int 
  2223 ;;  res1            2    6[COMMON] int 
  2224 ;; Return value:  Size  Location     Type
  2225 ;;                  1    wreg      void 
  2226 ;; Registers used:
  2227 ;;		wreg, fsr0l, fsr0h, status,2, status,0, pclath, cstack
  2228 ;; Tracked objects:
  2229 ;;		On entry : 0/0
  2230 ;;		On exit  : 0/0
  2231 ;;		Unchanged: 0/0
  2232 ;; Data sizes:     COMMON   BANK0   BANK1   BANK2
  2233 ;;      Params:         0       0       0       0
  2234 ;;      Locals:         6       0       0       0
  2235 ;;      Temps:          2       0       0       0
  2236 ;;      Totals:         8       0       0       0
  2237 ;;Total ram usage:        8 bytes
  2238 ;; Hardware stack levels used: 1
  2239 ;; Hardware stack levels required when called: 2
  2240 ;; This function calls:
  2241 ;;		_CheckPIRSensor
  2242 ;;		_PIRPORTInit
  2243 ;;		_UART_SendString
  2244 ;; This function is called by:
  2245 ;;		_main
  2246 ;; This function uses a non-reentrant model
  2247 ;;
  2248                           
  2249     0689                     _test_PIR_toggle_motion_fast:	
  2250                           ;psect for function _test_PIR_toggle_motion_fast
  2251                           
  2252     0689                     l1215:	
  2253                           ;incstack = 0
  2254                           ; Regs used in _test_PIR_toggle_motion_fast: [wreg-fsr0h+status,2+status,0+pclath+cstack
      +                          ]
  2255                           
  2256                           
  2257                           ;main.c: 178:     int res1,res2,res3;;main.c: 179:     PIRPORTInit();
  2258     0689  3181  21D4  3186   	fcall	_PIRPORTInit
  2259     068C                     l1217:
  2260                           
  2261                           ;main.c: 180:     LATAbits.LATA0 = 1;
  2262     068C  0022               	movlb	2	; select bank2
  2263     068D  140C               	bsf	12,0	;volatile
  2264                           
  2265                           ;main.c: 181:     CheckPIRSensor();
  2266     068E  3181  21F5  3186   	fcall	_CheckPIRSensor
  2267     0691                     l1219:
  2268                           
  2269                           ;main.c: 182:     res1 =(LATAbits.LATA2 == 1)? 1 : 0;
  2270     0691  0022               	movlb	2	; select bank2
  2271     0692  0C0C               	rrf	12,w	;volatile
  2272     0693  0C89               	rrf	9,f
  2273     0694  3901               	andlw	1
  2274     0695  00F4               	movwf	??_test_PIR_toggle_motion_fast
  2275     0696  01F5               	clrf	??_test_PIR_toggle_motion_fast+1
  2276     0697  0874               	movf	??_test_PIR_toggle_motion_fast,w
  2277     0698  00F6               	movwf	test_PIR_toggle_motion_fast@res1
  2278     0699  0875               	movf	??_test_PIR_toggle_motion_fast+1,w
  2279     069A  00F7               	movwf	test_PIR_toggle_motion_fast@res1+1
  2280     069B                     l1221:
  2281                           
  2282                           ;main.c: 183:     TRISAbits.TRISA0 = 0;
  2283     069B  0021               	movlb	1	; select bank1
  2284     069C  100C               	bcf	12,0	;volatile
  2285     069D                     l1223:
  2286                           
  2287                           ;main.c: 184:     LATAbits.LATA0 = 0;
  2288     069D  0022               	movlb	2	; select bank2
  2289     069E  100C               	bcf	12,0	;volatile
  2290     069F                     l1225:
  2291                           
  2292                           ;main.c: 185:     TRISAbits.TRISA0 = 1;
  2293     069F  0021               	movlb	1	; select bank1
  2294     06A0  140C               	bsf	12,0	;volatile
  2295     06A1                     l1227:
  2296                           
  2297                           ;main.c: 186:     CheckPIRSensor();
  2298     06A1  3181  21F5  3186   	fcall	_CheckPIRSensor
  2299     06A4                     l1229:
  2300                           
  2301                           ;main.c: 187:     res2 = (LATAbits.LATA2 == 0)? 1 : 0;
  2302     06A4  1003               	clrc
  2303     06A5  0022               	movlb	2	; select bank2
  2304     06A6  1D0C               	btfss	12,2	;volatile
  2305     06A7  1403               	setc
  2306     06A8  3000               	movlw	0
  2307     06A9  3D09               	addwfc	9,w
  2308     06AA  00F4               	movwf	??_test_PIR_toggle_motion_fast
  2309     06AB  01F5               	clrf	??_test_PIR_toggle_motion_fast+1
  2310     06AC  0874               	movf	??_test_PIR_toggle_motion_fast,w
  2311     06AD  00F8               	movwf	test_PIR_toggle_motion_fast@res2
  2312     06AE  0875               	movf	??_test_PIR_toggle_motion_fast+1,w
  2313     06AF  00F9               	movwf	test_PIR_toggle_motion_fast@res2+1
  2314     06B0                     l1231:
  2315                           
  2316                           ;main.c: 188:     LATAbits.LATA0 = 1;
  2317     06B0  140C               	bsf	12,0	;volatile
  2318     06B1                     l1233:
  2319                           
  2320                           ;main.c: 189:     CheckPIRSensor();
  2321     06B1  3181  21F5  3186   	fcall	_CheckPIRSensor
  2322     06B4                     l1235:
  2323                           
  2324                           ;main.c: 190:     res3 = (LATAbits.LATA2 == 1)? 1 : 0;
  2325     06B4  0022               	movlb	2	; select bank2
  2326     06B5  0C0C               	rrf	12,w	;volatile
  2327     06B6  0C89               	rrf	9,f
  2328     06B7  3901               	andlw	1
  2329     06B8  00F4               	movwf	??_test_PIR_toggle_motion_fast
  2330     06B9  01F5               	clrf	??_test_PIR_toggle_motion_fast+1
  2331     06BA  0874               	movf	??_test_PIR_toggle_motion_fast,w
  2332     06BB  00FA               	movwf	test_PIR_toggle_motion_fast@res3
  2333     06BC  0875               	movf	??_test_PIR_toggle_motion_fast+1,w
  2334     06BD  00FB               	movwf	test_PIR_toggle_motion_fast@res3+1
  2335     06BE                     l1237:
  2336                           
  2337                           ;main.c: 191:     if( res1 && res2 && res3)
  2338     06BE  0876               	movf	test_PIR_toggle_motion_fast@res1,w
  2339     06BF  0477               	iorwf	test_PIR_toggle_motion_fast@res1+1,w
  2340     06C0  1903               	btfsc	3,2
  2341     06C1  2EC3               	goto	u411
  2342     06C2  2EC4               	goto	u410
  2343     06C3                     u411:
  2344     06C3  2ED8               	goto	l1245
  2345     06C4                     u410:
  2346     06C4                     l1239:
  2347     06C4  0878               	movf	test_PIR_toggle_motion_fast@res2,w
  2348     06C5  0479               	iorwf	test_PIR_toggle_motion_fast@res2+1,w
  2349     06C6  1903               	btfsc	3,2
  2350     06C7  2EC9               	goto	u421
  2351     06C8  2ECA               	goto	u420
  2352     06C9                     u421:
  2353     06C9  2ED8               	goto	l1245
  2354     06CA                     u420:
  2355     06CA                     l1241:
  2356     06CA  087A               	movf	test_PIR_toggle_motion_fast@res3,w
  2357     06CB  047B               	iorwf	test_PIR_toggle_motion_fast@res3+1,w
  2358     06CC  1903               	btfsc	3,2
  2359     06CD  2ECF               	goto	u431
  2360     06CE  2ED0               	goto	u430
  2361     06CF                     u431:
  2362     06CF  2ED8               	goto	l1245
  2363     06D0                     u430:
  2364     06D0                     l1243:
  2365                           
  2366                           ;main.c: 192:         UART_SendString("? Test Case 5 Passed: Rapid Motion Changes\r");
  2367     06D0  308B               	movlw	low (STR_9| (0+32768))
  2368     06D1  00F1               	movwf	UART_SendString@str
  2369     06D2  3083               	movlw	high (STR_9| (0+32768))
  2370     06D3  00F2               	movwf	UART_SendString@str+1
  2371     06D4  3183  230B  3186   	fcall	_UART_SendString
  2372     06D7  2EDF               	goto	l91
  2373     06D8                     l1245:
  2374                           
  2375                           ;main.c: 194:         UART_SendString("Test case Failed \r");
  2376     06D8  3038               	movlw	low (STR_2| (0+32768))
  2377     06D9  00F1               	movwf	UART_SendString@str
  2378     06DA  3082               	movlw	high (STR_2| (0+32768))
  2379     06DB  00F2               	movwf	UART_SendString@str+1
  2380     06DC  3183  230B  3186   	fcall	_UART_SendString
  2381     06DF                     l91:
  2382     06DF  0008               	return
  2383     06E0                     __end_of_test_PIR_toggle_motion_fast:
  2384                           
  2385                           	psect	text5
  2386     02ED                     __ptext5:	
  2387 ;; *************** function _test_PIR_no_motion *****************
  2388 ;; Defined at:
  2389 ;;		line 139 in file "main.c"
  2390 ;; Parameters:    Size  Location     Type
  2391 ;;		None
  2392 ;; Auto vars:     Size  Location     Type
  2393 ;;		None
  2394 ;; Return value:  Size  Location     Type
  2395 ;;                  1    wreg      void 
  2396 ;; Registers used:
  2397 ;;		wreg, fsr0l, fsr0h, status,2, status,0, pclath, cstack
  2398 ;; Tracked objects:
  2399 ;;		On entry : 0/0
  2400 ;;		On exit  : 0/0
  2401 ;;		Unchanged: 0/0
  2402 ;; Data sizes:     COMMON   BANK0   BANK1   BANK2
  2403 ;;      Params:         0       0       0       0
  2404 ;;      Locals:         0       0       0       0
  2405 ;;      Temps:          0       0       0       0
  2406 ;;      Totals:         0       0       0       0
  2407 ;;Total ram usage:        0 bytes
  2408 ;; Hardware stack levels used: 1
  2409 ;; Hardware stack levels required when called: 2
  2410 ;; This function calls:
  2411 ;;		_CheckPIRSensor
  2412 ;;		_PIRPORTInit
  2413 ;;		_UART_SendString
  2414 ;; This function is called by:
  2415 ;;		_main
  2416 ;; This function uses a non-reentrant model
  2417 ;;
  2418                           
  2419     02ED                     _test_PIR_no_motion:	
  2420                           ;psect for function _test_PIR_no_motion
  2421                           
  2422     02ED                     l1179:	
  2423                           ;incstack = 0
  2424                           ; Regs used in _test_PIR_no_motion: [wreg-fsr0h+status,2+status,0+pclath+cstack]
  2425                           
  2426                           
  2427                           ;main.c: 140:     PIRPORTInit();
  2428     02ED  3181  21D4  3182   	fcall	_PIRPORTInit
  2429     02F0                     l1181:
  2430                           
  2431                           ;main.c: 141:     LATAbits.LATA0 = 0;
  2432     02F0  0022               	movlb	2	; select bank2
  2433     02F1  100C               	bcf	12,0	;volatile
  2434     02F2                     l1183:
  2435                           
  2436                           ;main.c: 142:     LATAbits.LATA2 = 1;
  2437     02F2  150C               	bsf	12,2	;volatile
  2438                           
  2439                           ;main.c: 143:     CheckPIRSensor();
  2440     02F3  3181  21F5  3182   	fcall	_CheckPIRSensor
  2441     02F6                     l1185:
  2442                           
  2443                           ;main.c: 144:     if((LATAbits.LATA2 == 0)? 1 : 0)
  2444     02F6  0022               	movlb	2	; select bank2
  2445     02F7  190C               	btfsc	12,2	;volatile
  2446     02F8  2AFA               	goto	u381
  2447     02F9  2AFB               	goto	u380
  2448     02FA                     u381:
  2449     02FA  2B03               	goto	l1189
  2450     02FB                     u380:
  2451     02FB                     l1187:
  2452                           
  2453                           ;main.c: 145:         UART_SendString("? Test Case 2 Passed: No Motion => LED OFF\r");
  2454     02FB  30B7               	movlw	low (STR_3| (0+32768))
  2455     02FC  00F1               	movwf	UART_SendString@str
  2456     02FD  3083               	movlw	high (STR_3| (0+32768))
  2457     02FE  00F2               	movwf	UART_SendString@str+1
  2458     02FF  3183  230B  3182   	fcall	_UART_SendString
  2459     0302  2B0A               	goto	l76
  2460     0303                     l1189:
  2461                           
  2462                           ;main.c: 147:         UART_SendString("Test case Failed \r");
  2463     0303  3038               	movlw	low (STR_2| (0+32768))
  2464     0304  00F1               	movwf	UART_SendString@str
  2465     0305  3082               	movlw	high (STR_2| (0+32768))
  2466     0306  00F2               	movwf	UART_SendString@str+1
  2467     0307  3183  230B  3182   	fcall	_UART_SendString
  2468     030A                     l76:
  2469     030A  0008               	return
  2470     030B                     __end_of_test_PIR_no_motion:
  2471                           
  2472                           	psect	text6
  2473     036A                     __ptext6:	
  2474 ;; *************** function _test_PIR_motion_delay_handling *****************
  2475 ;; Defined at:
  2476 ;;		line 255 in file "main.c"
  2477 ;; Parameters:    Size  Location     Type
  2478 ;;		None
  2479 ;; Auto vars:     Size  Location     Type
  2480 ;;		None
  2481 ;; Return value:  Size  Location     Type
  2482 ;;                  1    wreg      void 
  2483 ;; Registers used:
  2484 ;;		wreg, fsr0l, fsr0h, status,2, status,0, pclath, cstack
  2485 ;; Tracked objects:
  2486 ;;		On entry : 0/0
  2487 ;;		On exit  : 0/0
  2488 ;;		Unchanged: 0/0
  2489 ;; Data sizes:     COMMON   BANK0   BANK1   BANK2
  2490 ;;      Params:         0       0       0       0
  2491 ;;      Locals:         0       0       0       0
  2492 ;;      Temps:          2       0       0       0
  2493 ;;      Totals:         2       0       0       0
  2494 ;;Total ram usage:        2 bytes
  2495 ;; Hardware stack levels used: 1
  2496 ;; Hardware stack levels required when called: 2
  2497 ;; This function calls:
  2498 ;;		_CheckPIRSensor
  2499 ;;		_PIRPORTInit
  2500 ;;		_UART_SendString
  2501 ;; This function is called by:
  2502 ;;		_main
  2503 ;; This function uses a non-reentrant model
  2504 ;;
  2505                           
  2506     036A                     _test_PIR_motion_delay_handling:	
  2507                           ;psect for function _test_PIR_motion_delay_handling
  2508                           
  2509     036A                     l1315:	
  2510                           ;incstack = 0
  2511                           ; Regs used in _test_PIR_motion_delay_handling: [wreg-fsr0h+status,2+status,0+pclath+cst
      +                          ack]
  2512                           
  2513                           
  2514                           ;main.c: 256:     PIRPORTInit();
  2515     036A  3181  21D4  3183   	fcall	_PIRPORTInit
  2516     036D                     l1317:
  2517                           
  2518                           ;main.c: 257:     LATAbits.LATA0 = 1;
  2519     036D  0022               	movlb	2	; select bank2
  2520     036E  140C               	bsf	12,0	;volatile
  2521     036F                     l1319:
  2522                           
  2523                           ;main.c: 258:     LATAbits.LATA2 = 0;
  2524     036F  110C               	bcf	12,2	;volatile
  2525     0370                     l1321:
  2526                           
  2527                           ;main.c: 259:     _delay((unsigned long)((500)*(4000000/4000.0)));
  2528     0370  3003               	movlw	3
  2529     0371  00F5               	movwf	??_test_PIR_motion_delay_handling+1
  2530     0372  308A               	movlw	138
  2531     0373  00F4               	movwf	??_test_PIR_motion_delay_handling
  2532     0374  3056               	movlw	86
  2533     0375                     u637:
  2534     0375  0B89               	decfsz	9,f
  2535     0376  2B75               	goto	u637
  2536     0377  0BF4               	decfsz	??_test_PIR_motion_delay_handling,f
  2537     0378  2B75               	goto	u637
  2538     0379  0BF5               	decfsz	??_test_PIR_motion_delay_handling+1,f
  2539     037A  2B75               	goto	u637
  2540     037B                     l1323:
  2541                           
  2542                           ;main.c: 260:     CheckPIRSensor();
  2543     037B  3181  21F5  3183   	fcall	_CheckPIRSensor
  2544     037E                     l1325:
  2545                           
  2546                           ;main.c: 261:     if((LATAbits.LATA2 == 1)? 1 : 0)
  2547     037E  0022               	movlb	2	; select bank2
  2548     037F  1D0C               	btfss	12,2	;volatile
  2549     0380  2B82               	goto	u511
  2550     0381  2B83               	goto	u510
  2551     0382                     u511:
  2552     0382  2B8A               	goto	l116
  2553     0383                     u510:
  2554     0383                     l1327:
  2555                           
  2556                           ;main.c: 262:     UART_SendString("? Test Case 9 Passed: Motion Detected after Delay=> L
      +                          ED ON\r");
  2557     0383  30B2               	movlw	low (STR_17| (0+32768))
  2558     0384  00F1               	movwf	UART_SendString@str
  2559     0385  3084               	movlw	high (STR_17| (0+32768))
  2560     0386  00F2               	movwf	UART_SendString@str+1
  2561     0387  3183  230B  3183   	fcall	_UART_SendString
  2562     038A                     l116:
  2563     038A  0008               	return
  2564     038B                     __end_of_test_PIR_motion_delay_handling:
  2565                           
  2566                           	psect	text7
  2567     02CF                     __ptext7:	
  2568 ;; *************** function _test_PIR_initialstate_motion_detected *****************
  2569 ;; Defined at:
  2570 ;;		line 165 in file "main.c"
  2571 ;; Parameters:    Size  Location     Type
  2572 ;;		None
  2573 ;; Auto vars:     Size  Location     Type
  2574 ;;		None
  2575 ;; Return value:  Size  Location     Type
  2576 ;;                  1    wreg      void 
  2577 ;; Registers used:
  2578 ;;		wreg, fsr0l, fsr0h, status,2, status,0, pclath, cstack
  2579 ;; Tracked objects:
  2580 ;;		On entry : 0/0
  2581 ;;		On exit  : 0/0
  2582 ;;		Unchanged: 0/0
  2583 ;; Data sizes:     COMMON   BANK0   BANK1   BANK2
  2584 ;;      Params:         0       0       0       0
  2585 ;;      Locals:         0       0       0       0
  2586 ;;      Temps:          0       0       0       0
  2587 ;;      Totals:         0       0       0       0
  2588 ;;Total ram usage:        0 bytes
  2589 ;; Hardware stack levels used: 1
  2590 ;; Hardware stack levels required when called: 2
  2591 ;; This function calls:
  2592 ;;		_CheckPIRSensor
  2593 ;;		_PIRPORTInit
  2594 ;;		_UART_SendString
  2595 ;; This function is called by:
  2596 ;;		_main
  2597 ;; This function uses a non-reentrant model
  2598 ;;
  2599                           
  2600     02CF                     _test_PIR_initialstate_motion_detected:	
  2601                           ;psect for function _test_PIR_initialstate_motion_detected
  2602                           
  2603     02CF                     l1203:	
  2604                           ;incstack = 0
  2605                           ; Regs used in _test_PIR_initialstate_motion_detected: [wreg-fsr0h+status,2+status,0+pcl
      +                          ath+cstack]
  2606                           
  2607                           
  2608                           ;main.c: 166:     PIRPORTInit();
  2609     02CF  3181  21D4  3182   	fcall	_PIRPORTInit
  2610     02D2                     l1205:
  2611                           
  2612                           ;main.c: 167:     LATAbits.LATA0 = 1;
  2613     02D2  0022               	movlb	2	; select bank2
  2614     02D3  140C               	bsf	12,0	;volatile
  2615     02D4                     l1207:
  2616                           
  2617                           ;main.c: 168:     LATAbits.LATA2 = 0;
  2618     02D4  110C               	bcf	12,2	;volatile
  2619                           
  2620                           ;main.c: 169:     CheckPIRSensor();
  2621     02D5  3181  21F5  3182   	fcall	_CheckPIRSensor
  2622     02D8                     l1209:
  2623                           
  2624                           ;main.c: 170:     if((RA2 == 1)? 1 : 0)
  2625     02D8  0020               	movlb	0	; select bank0
  2626     02D9  1D0C               	btfss	12,2	;volatile
  2627     02DA  2ADC               	goto	u401
  2628     02DB  2ADD               	goto	u400
  2629     02DC                     u401:
  2630     02DC  2AE5               	goto	l1213
  2631     02DD                     u400:
  2632     02DD                     l1211:
  2633                           
  2634                           ;main.c: 171:         UART_SendString("? Test Case 4 Passed: Motion Detected after initi
      +                          alization => LED ON\r");
  2635     02DD  306A               	movlw	low (STR_7| (0+32768))
  2636     02DE  00F1               	movwf	UART_SendString@str
  2637     02DF  3085               	movlw	high (STR_7| (0+32768))
  2638     02E0  00F2               	movwf	UART_SendString@str+1
  2639     02E1  3183  230B  3182   	fcall	_UART_SendString
  2640     02E4  2AEC               	goto	l86
  2641     02E5                     l1213:
  2642                           
  2643                           ;main.c: 173:         UART_SendString("Test case Failed \r");
  2644     02E5  3038               	movlw	low (STR_2| (0+32768))
  2645     02E6  00F1               	movwf	UART_SendString@str
  2646     02E7  3082               	movlw	high (STR_2| (0+32768))
  2647     02E8  00F2               	movwf	UART_SendString@str+1
  2648     02E9  3183  230B  3182   	fcall	_UART_SendString
  2649     02EC                     l86:
  2650     02EC  0008               	return
  2651     02ED                     __end_of_test_PIR_initialstate_motion_detected:
  2652                           
  2653                           	psect	text8
  2654     02B1                     __ptext8:	
  2655 ;; *************** function _test_PIR_initialstate_No_motion_detected *****************
  2656 ;; Defined at:
  2657 ;;		line 152 in file "main.c"
  2658 ;; Parameters:    Size  Location     Type
  2659 ;;		None
  2660 ;; Auto vars:     Size  Location     Type
  2661 ;;		None
  2662 ;; Return value:  Size  Location     Type
  2663 ;;                  1    wreg      void 
  2664 ;; Registers used:
  2665 ;;		wreg, fsr0l, fsr0h, status,2, status,0, pclath, cstack
  2666 ;; Tracked objects:
  2667 ;;		On entry : 0/0
  2668 ;;		On exit  : 0/0
  2669 ;;		Unchanged: 0/0
  2670 ;; Data sizes:     COMMON   BANK0   BANK1   BANK2
  2671 ;;      Params:         0       0       0       0
  2672 ;;      Locals:         0       0       0       0
  2673 ;;      Temps:          0       0       0       0
  2674 ;;      Totals:         0       0       0       0
  2675 ;;Total ram usage:        0 bytes
  2676 ;; Hardware stack levels used: 1
  2677 ;; Hardware stack levels required when called: 2
  2678 ;; This function calls:
  2679 ;;		_CheckPIRSensor
  2680 ;;		_PIRPORTInit
  2681 ;;		_UART_SendString
  2682 ;; This function is called by:
  2683 ;;		_main
  2684 ;; This function uses a non-reentrant model
  2685 ;;
  2686                           
  2687     02B1                     _test_PIR_initialstate_No_motion_detected:	
  2688                           ;psect for function _test_PIR_initialstate_No_motion_detected
  2689                           
  2690     02B1                     l1191:	
  2691                           ;incstack = 0
  2692                           ; Regs used in _test_PIR_initialstate_No_motion_detected: [wreg-fsr0h+status,2+status,0+
      +                          pclath+cstack]
  2693                           
  2694                           
  2695                           ;main.c: 153:     PIRPORTInit();
  2696     02B1  3181  21D4  3182   	fcall	_PIRPORTInit
  2697     02B4                     l1193:
  2698                           
  2699                           ;main.c: 154:     LATAbits.LATA0 = 0;
  2700     02B4  0022               	movlb	2	; select bank2
  2701     02B5  100C               	bcf	12,0	;volatile
  2702     02B6                     l1195:
  2703                           
  2704                           ;main.c: 155:     LATAbits.LATA2 = 0;
  2705     02B6  110C               	bcf	12,2	;volatile
  2706                           
  2707                           ;main.c: 156:     CheckPIRSensor();
  2708     02B7  3181  21F5  3182   	fcall	_CheckPIRSensor
  2709     02BA                     l1197:
  2710                           
  2711                           ;main.c: 157:     if((LATAbits.LATA2 == 0)? 1 : 0)
  2712     02BA  0022               	movlb	2	; select bank2
  2713     02BB  190C               	btfsc	12,2	;volatile
  2714     02BC  2ABE               	goto	u391
  2715     02BD  2ABF               	goto	u390
  2716     02BE                     u391:
  2717     02BE  2AC7               	goto	l1201
  2718     02BF                     u390:
  2719     02BF                     l1199:
  2720                           
  2721                           ;main.c: 158:         UART_SendString("? Test Case 3 Passed: No Motion Detected after in
      +                          itialization => LED OFF\r");
  2722     02BF  303F               	movlw	low (STR_5| (0+32768))
  2723     02C0  00F1               	movwf	UART_SendString@str
  2724     02C1  3086               	movlw	high (STR_5| (0+32768))
  2725     02C2  00F2               	movwf	UART_SendString@str+1
  2726     02C3  3183  230B  3182   	fcall	_UART_SendString
  2727     02C6  2ACE               	goto	l81
  2728     02C7                     l1201:
  2729                           
  2730                           ;main.c: 160:         UART_SendString("Test case Failed \r");
  2731     02C7  3038               	movlw	low (STR_2| (0+32768))
  2732     02C8  00F1               	movwf	UART_SendString@str
  2733     02C9  3082               	movlw	high (STR_2| (0+32768))
  2734     02CA  00F2               	movwf	UART_SendString@str+1
  2735     02CB  3183  230B  3182   	fcall	_UART_SendString
  2736     02CE                     l81:
  2737     02CE  0008               	return
  2738     02CF                     __end_of_test_PIR_initialstate_No_motion_detected:
  2739                           
  2740                           	psect	text9
  2741     0446                     __ptext9:	
  2742 ;; *************** function _test_PIR_continuous_no_motion *****************
  2743 ;; Defined at:
  2744 ;;		line 198 in file "main.c"
  2745 ;; Parameters:    Size  Location     Type
  2746 ;;		None
  2747 ;; Auto vars:     Size  Location     Type
  2748 ;;  loop            2    5[COMMON] int 
  2749 ;; Return value:  Size  Location     Type
  2750 ;;                  1    wreg      void 
  2751 ;; Registers used:
  2752 ;;		wreg, fsr0l, fsr0h, status,2, status,0, pclath, cstack
  2753 ;; Tracked objects:
  2754 ;;		On entry : 0/0
  2755 ;;		On exit  : 0/0
  2756 ;;		Unchanged: 0/0
  2757 ;; Data sizes:     COMMON   BANK0   BANK1   BANK2
  2758 ;;      Params:         0       0       0       0
  2759 ;;      Locals:         2       0       0       0
  2760 ;;      Temps:          1       0       0       0
  2761 ;;      Totals:         3       0       0       0
  2762 ;;Total ram usage:        3 bytes
  2763 ;; Hardware stack levels used: 1
  2764 ;; Hardware stack levels required when called: 3
  2765 ;; This function calls:
  2766 ;;		_PIRPORTInit
  2767 ;;		_UART_SendString
  2768 ;;		_test_PIR_motion_detected
  2769 ;; This function is called by:
  2770 ;;		_main
  2771 ;; This function uses a non-reentrant model
  2772 ;;
  2773                           
  2774     0446                     _test_PIR_continuous_no_motion:	
  2775                           ;psect for function _test_PIR_continuous_no_motion
  2776                           
  2777     0446                     l1247:	
  2778                           ;incstack = 0
  2779                           ; Regs used in _test_PIR_continuous_no_motion: [wreg-fsr0h+status,2+status,0+pclath+csta
      +                          ck]
  2780                           
  2781                           
  2782                           ;main.c: 199:     int loop = 0;
  2783     0446  01F5               	clrf	test_PIR_continuous_no_motion@loop
  2784     0447  01F6               	clrf	test_PIR_continuous_no_motion@loop+1
  2785     0448                     l1249:
  2786                           
  2787                           ;main.c: 200:     PIRPORTInit();
  2788     0448  3181  21D4  3184   	fcall	_PIRPORTInit
  2789     044B                     l1251:
  2790                           
  2791                           ;main.c: 201:     LATAbits.LATA0 = 1;
  2792     044B  0022               	movlb	2	; select bank2
  2793     044C  140C               	bsf	12,0	;volatile
  2794     044D                     l1253:
  2795                           
  2796                           ;main.c: 202:     LATAbits.LATA2 = 0;
  2797     044D  110C               	bcf	12,2	;volatile
  2798                           
  2799                           ;main.c: 203:     while(loop <= 10)
  2800     044E  2C56               	goto	l1259
  2801     044F                     l1255:
  2802                           
  2803                           ;main.c: 204:     {;main.c: 205:         loop++;
  2804     044F  3001               	movlw	1
  2805     0450  07F5               	addwf	test_PIR_continuous_no_motion@loop,f
  2806     0451  3000               	movlw	0
  2807     0452  3DF6               	addwfc	test_PIR_continuous_no_motion@loop+1,f
  2808     0453                     l1257:
  2809                           
  2810                           ;main.c: 206:         test_PIR_motion_detected();
  2811     0453  3182  2293  3184   	fcall	_test_PIR_motion_detected
  2812     0456                     l1259:
  2813                           
  2814                           ;main.c: 203:     while(loop <= 10)
  2815     0456  0876               	movf	test_PIR_continuous_no_motion@loop+1,w
  2816     0457  3A80               	xorlw	128
  2817     0458  00F4               	movwf	??_test_PIR_continuous_no_motion
  2818     0459  3080               	movlw	128
  2819     045A  0274               	subwf	??_test_PIR_continuous_no_motion,w
  2820     045B  1D03               	skipz
  2821     045C  2C5F               	goto	u445
  2822     045D  300B               	movlw	11
  2823     045E  0275               	subwf	test_PIR_continuous_no_motion@loop,w
  2824     045F                     u445:
  2825     045F  1C03               	skipc
  2826     0460  2C62               	goto	u441
  2827     0461  2C63               	goto	u440
  2828     0462                     u441:
  2829     0462  2C4F               	goto	l1255
  2830     0463                     u440:
  2831     0463                     l96:
  2832                           
  2833                           ;main.c: 208:     if((LATAbits.LATA2 == 0)? 1 : 0)
  2834     0463  0022               	movlb	2	; select bank2
  2835     0464  190C               	btfsc	12,2	;volatile
  2836     0465  2C67               	goto	u451
  2837     0466  2C68               	goto	u450
  2838     0467                     u451:
  2839     0467  2C70               	goto	l1263
  2840     0468                     u450:
  2841     0468                     l1261:
  2842                           
  2843                           ;main.c: 209:         UART_SendString("? Test Case 6 Passed: Continuous No Motion Detect
      +                          ed => LED OFF\r");
  2844     0468  302A               	movlw	low (STR_11| (0+32768))
  2845     0469  00F1               	movwf	UART_SendString@str
  2846     046A  3085               	movlw	high (STR_11| (0+32768))
  2847     046B  00F2               	movwf	UART_SendString@str+1
  2848     046C  3183  230B  3184   	fcall	_UART_SendString
  2849     046F  2C77               	goto	l99
  2850     0470                     l1263:
  2851                           
  2852                           ;main.c: 211:         UART_SendString("Test case Failed \r");
  2853     0470  3038               	movlw	low (STR_2| (0+32768))
  2854     0471  00F1               	movwf	UART_SendString@str
  2855     0472  3082               	movlw	high (STR_2| (0+32768))
  2856     0473  00F2               	movwf	UART_SendString@str+1
  2857     0474  3183  230B  3184   	fcall	_UART_SendString
  2858     0477                     l99:
  2859     0477  0008               	return
  2860     0478                     __end_of_test_PIR_continuous_no_motion:
  2861                           
  2862                           	psect	text10
  2863     0414                     __ptext10:	
  2864 ;; *************** function _test_PIR_continuous_motion *****************
  2865 ;; Defined at:
  2866 ;;		line 216 in file "main.c"
  2867 ;; Parameters:    Size  Location     Type
  2868 ;;		None
  2869 ;; Auto vars:     Size  Location     Type
  2870 ;;  loop            2    5[COMMON] int 
  2871 ;; Return value:  Size  Location     Type
  2872 ;;                  1    wreg      void 
  2873 ;; Registers used:
  2874 ;;		wreg, fsr0l, fsr0h, status,2, status,0, pclath, cstack
  2875 ;; Tracked objects:
  2876 ;;		On entry : 0/0
  2877 ;;		On exit  : 0/0
  2878 ;;		Unchanged: 0/0
  2879 ;; Data sizes:     COMMON   BANK0   BANK1   BANK2
  2880 ;;      Params:         0       0       0       0
  2881 ;;      Locals:         2       0       0       0
  2882 ;;      Temps:          1       0       0       0
  2883 ;;      Totals:         3       0       0       0
  2884 ;;Total ram usage:        3 bytes
  2885 ;; Hardware stack levels used: 1
  2886 ;; Hardware stack levels required when called: 3
  2887 ;; This function calls:
  2888 ;;		_PIRPORTInit
  2889 ;;		_UART_SendString
  2890 ;;		_test_PIR_motion_detected
  2891 ;; This function is called by:
  2892 ;;		_main
  2893 ;; This function uses a non-reentrant model
  2894 ;;
  2895                           
  2896     0414                     _test_PIR_continuous_motion:	
  2897                           ;psect for function _test_PIR_continuous_motion
  2898                           
  2899     0414                     l1265:	
  2900                           ;incstack = 0
  2901                           ; Regs used in _test_PIR_continuous_motion: [wreg-fsr0h+status,2+status,0+pclath+cstack]
  2902                           
  2903                           
  2904                           ;main.c: 217:     int loop = 0;
  2905     0414  01F5               	clrf	test_PIR_continuous_motion@loop
  2906     0415  01F6               	clrf	test_PIR_continuous_motion@loop+1
  2907     0416                     l1267:
  2908                           
  2909                           ;main.c: 218:     PIRPORTInit();
  2910     0416  3181  21D4  3184   	fcall	_PIRPORTInit
  2911     0419                     l1269:
  2912                           
  2913                           ;main.c: 219:     LATAbits.LATA0 = 1;
  2914     0419  0022               	movlb	2	; select bank2
  2915     041A  140C               	bsf	12,0	;volatile
  2916     041B                     l1271:
  2917                           
  2918                           ;main.c: 220:     LATAbits.LATA2 = 0;
  2919     041B  110C               	bcf	12,2	;volatile
  2920                           
  2921                           ;main.c: 221:     while(loop <= 10)
  2922     041C  2C24               	goto	l1277
  2923     041D                     l1273:
  2924                           
  2925                           ;main.c: 222:     {;main.c: 223:         loop++;
  2926     041D  3001               	movlw	1
  2927     041E  07F5               	addwf	test_PIR_continuous_motion@loop,f
  2928     041F  3000               	movlw	0
  2929     0420  3DF6               	addwfc	test_PIR_continuous_motion@loop+1,f
  2930     0421                     l1275:
  2931                           
  2932                           ;main.c: 224:         test_PIR_motion_detected();
  2933     0421  3182  2293  3184   	fcall	_test_PIR_motion_detected
  2934     0424                     l1277:
  2935                           
  2936                           ;main.c: 221:     while(loop <= 10)
  2937     0424  0876               	movf	test_PIR_continuous_motion@loop+1,w
  2938     0425  3A80               	xorlw	128
  2939     0426  00F4               	movwf	??_test_PIR_continuous_motion
  2940     0427  3080               	movlw	128
  2941     0428  0274               	subwf	??_test_PIR_continuous_motion,w
  2942     0429  1D03               	skipz
  2943     042A  2C2D               	goto	u465
  2944     042B  300B               	movlw	11
  2945     042C  0275               	subwf	test_PIR_continuous_motion@loop,w
  2946     042D                     u465:
  2947     042D  1C03               	skipc
  2948     042E  2C30               	goto	u461
  2949     042F  2C31               	goto	u460
  2950     0430                     u461:
  2951     0430  2C1D               	goto	l1273
  2952     0431                     u460:
  2953     0431                     l104:
  2954                           
  2955                           ;main.c: 226:     if((LATAbits.LATA2 == 1)? 1 : 0)
  2956     0431  0022               	movlb	2	; select bank2
  2957     0432  1D0C               	btfss	12,2	;volatile
  2958     0433  2C35               	goto	u471
  2959     0434  2C36               	goto	u470
  2960     0435                     u471:
  2961     0435  2C3E               	goto	l1281
  2962     0436                     u470:
  2963     0436                     l1279:
  2964                           
  2965                           ;main.c: 227:         UART_SendString("? Test Case 7 Passed: Continuous Motion Detected 
      +                          => LED ON\r");
  2966     0436  30EE               	movlw	low (STR_13| (0+32768))
  2967     0437  00F1               	movwf	UART_SendString@str
  2968     0438  3084               	movlw	high (STR_13| (0+32768))
  2969     0439  00F2               	movwf	UART_SendString@str+1
  2970     043A  3183  230B  3184   	fcall	_UART_SendString
  2971     043D  2C45               	goto	l107
  2972     043E                     l1281:
  2973                           
  2974                           ;main.c: 229:         UART_SendString("Test case Failed \r");
  2975     043E  3038               	movlw	low (STR_2| (0+32768))
  2976     043F  00F1               	movwf	UART_SendString@str
  2977     0440  3082               	movlw	high (STR_2| (0+32768))
  2978     0441  00F2               	movwf	UART_SendString@str+1
  2979     0442  3183  230B  3184   	fcall	_UART_SendString
  2980     0445                     l107:
  2981     0445  0008               	return
  2982     0446                     __end_of_test_PIR_continuous_motion:
  2983                           
  2984                           	psect	text11
  2985     0293                     __ptext11:	
  2986 ;; *************** function _test_PIR_motion_detected *****************
  2987 ;; Defined at:
  2988 ;;		line 126 in file "main.c"
  2989 ;; Parameters:    Size  Location     Type
  2990 ;;		None
  2991 ;; Auto vars:     Size  Location     Type
  2992 ;;		None
  2993 ;; Return value:  Size  Location     Type
  2994 ;;                  1    wreg      void 
  2995 ;; Registers used:
  2996 ;;		wreg, fsr0l, fsr0h, status,2, status,0, pclath, cstack
  2997 ;; Tracked objects:
  2998 ;;		On entry : 0/0
  2999 ;;		On exit  : 0/0
  3000 ;;		Unchanged: 0/0
  3001 ;; Data sizes:     COMMON   BANK0   BANK1   BANK2
  3002 ;;      Params:         0       0       0       0
  3003 ;;      Locals:         0       0       0       0
  3004 ;;      Temps:          0       0       0       0
  3005 ;;      Totals:         0       0       0       0
  3006 ;;Total ram usage:        0 bytes
  3007 ;; Hardware stack levels used: 1
  3008 ;; Hardware stack levels required when called: 2
  3009 ;; This function calls:
  3010 ;;		_CheckPIRSensor
  3011 ;;		_PIRPORTInit
  3012 ;;		_UART_SendString
  3013 ;; This function is called by:
  3014 ;;		_test_PIR_continuous_no_motion
  3015 ;;		_test_PIR_continuous_motion
  3016 ;;		_main
  3017 ;; This function uses a non-reentrant model
  3018 ;;
  3019                           
  3020     0293                     _test_PIR_motion_detected:	
  3021                           ;psect for function _test_PIR_motion_detected
  3022                           
  3023     0293                     l1143:	
  3024                           ;incstack = 0
  3025                           ; Regs used in _test_PIR_motion_detected: [wreg-fsr0h+status,2+status,0+pclath+cstack]
  3026                           
  3027                           
  3028                           ;main.c: 127:     PIRPORTInit();
  3029     0293  3181  21D4  3182   	fcall	_PIRPORTInit
  3030     0296                     l1145:
  3031                           
  3032                           ;main.c: 128:     LATAbits.LATA0 = 1;
  3033     0296  0022               	movlb	2	; select bank2
  3034     0297  140C               	bsf	12,0	;volatile
  3035     0298                     l1147:
  3036                           
  3037                           ;main.c: 129:     LATAbits.LATA2 = 0;
  3038     0298  110C               	bcf	12,2	;volatile
  3039                           
  3040                           ;main.c: 130:     CheckPIRSensor();
  3041     0299  3181  21F5  3182   	fcall	_CheckPIRSensor
  3042     029C                     l1149:
  3043                           
  3044                           ;main.c: 131:     if((LATAbits.LATA2 == 1)? 1 : 0)
  3045     029C  0022               	movlb	2	; select bank2
  3046     029D  1D0C               	btfss	12,2	;volatile
  3047     029E  2AA0               	goto	u371
  3048     029F  2AA1               	goto	u370
  3049     02A0                     u371:
  3050     02A0  2AA9               	goto	l1153
  3051     02A1                     u370:
  3052     02A1                     l1151:
  3053                           
  3054                           ;main.c: 132:         UART_SendString("? Test Case 1 Passed: Motion Detected => LED ON\r
      +                          ");
  3055     02A1  30E3               	movlw	low (STR_1| (0+32768))
  3056     02A2  00F1               	movwf	UART_SendString@str
  3057     02A3  3083               	movlw	high (STR_1| (0+32768))
  3058     02A4  00F2               	movwf	UART_SendString@str+1
  3059     02A5  3183  230B  3182   	fcall	_UART_SendString
  3060     02A8  2AB0               	goto	l71
  3061     02A9                     l1153:
  3062                           
  3063                           ;main.c: 134:         UART_SendString("Test case Failed \r");
  3064     02A9  3038               	movlw	low (STR_2| (0+32768))
  3065     02AA  00F1               	movwf	UART_SendString@str
  3066     02AB  3082               	movlw	high (STR_2| (0+32768))
  3067     02AC  00F2               	movwf	UART_SendString@str+1
  3068     02AD  3183  230B  3182   	fcall	_UART_SendString
  3069     02B0                     l71:
  3070     02B0  0008               	return
  3071     02B1                     __end_of_test_PIR_motion_detected:
  3072                           
  3073                           	psect	text12
  3074     030B                     __ptext12:	
  3075 ;; *************** function _UART_SendString *****************
  3076 ;; Defined at:
  3077 ;;		line 105 in file "main.c"
  3078 ;; Parameters:    Size  Location     Type
  3079 ;;  str             2    1[COMMON] PTR const unsigned char 
  3080 ;;		 -> STR_23(14), STR_22(31), STR_21(19), STR_20(72), 
  3081 ;;		 -> STR_19(19), STR_18(71), STR_17(60), STR_16(19), 
  3082 ;;		 -> STR_15(58), STR_14(19), STR_13(60), STR_12(19), 
  3083 ;;		 -> STR_11(64), STR_10(19), STR_9(44), STR_8(19), 
  3084 ;;		 -> STR_7(70), STR_6(19), STR_5(74), STR_4(19), 
  3085 ;;		 -> STR_3(44), STR_2(19), STR_1(49), 
  3086 ;; Auto vars:     Size  Location     Type
  3087 ;;		None
  3088 ;; Return value:  Size  Location     Type
  3089 ;;                  1    wreg      void 
  3090 ;; Registers used:
  3091 ;;		wreg, fsr0l, fsr0h, status,2, status,0, pclath, cstack
  3092 ;; Tracked objects:
  3093 ;;		On entry : 0/0
  3094 ;;		On exit  : 0/0
  3095 ;;		Unchanged: 0/0
  3096 ;; Data sizes:     COMMON   BANK0   BANK1   BANK2
  3097 ;;      Params:         2       0       0       0
  3098 ;;      Locals:         0       0       0       0
  3099 ;;      Temps:          1       0       0       0
  3100 ;;      Totals:         3       0       0       0
  3101 ;;Total ram usage:        3 bytes
  3102 ;; Hardware stack levels used: 1
  3103 ;; Hardware stack levels required when called: 1
  3104 ;; This function calls:
  3105 ;;		_EUSART_Write
  3106 ;;		_EUSART_is_tx_done
  3107 ;; This function is called by:
  3108 ;;		_test_PIR_motion_detected
  3109 ;;		_test_PIR_no_motion
  3110 ;;		_test_PIR_initialstate_No_motion_detected
  3111 ;;		_test_PIR_initialstate_motion_detected
  3112 ;;		_test_PIR_toggle_motion_fast
  3113 ;;		_test_PIR_continuous_no_motion
  3114 ;;		_test_PIR_continuous_motion
  3115 ;;		_test_PIR_toggle_short_spike
  3116 ;;		_test_PIR_motion_delay_handling
  3117 ;;		_test_PIR_unconfigured_pin
  3118 ;;		_test_no_PIR_connected
  3119 ;;		_main
  3120 ;; This function uses a non-reentrant model
  3121 ;;
  3122                           
  3123     030B                     _UART_SendString:	
  3124                           ;psect for function _UART_SendString
  3125                           
  3126     030B                     l1129:	
  3127                           ;incstack = 0
  3128                           ; Regs used in _UART_SendString: [wreg-fsr0h+status,2+status,0+pclath+cstack]
  3129                           
  3130                           
  3131                           ;main.c: 105: void UART_SendString(const char* str);main.c: 106: {;main.c: 108:     whil
      +                          e (*str)
  3132     030B  2B20               	goto	l1137
  3133     030C                     l1131:
  3134                           
  3135                           ;main.c: 109:     {;main.c: 110:         EUSART_Write(*str++);
  3136     030C  0871               	movf	UART_SendString@str,w
  3137     030D  0084               	movwf	4
  3138     030E  0872               	movf	UART_SendString@str+1,w
  3139     030F  0085               	movwf	5
  3140     0310  0800               	movf	0,w	;code access
  3141     0311  3181  21FE  3183   	fcall	_EUSART_Write
  3142     0314                     l1133:
  3143     0314  3001               	movlw	1
  3144     0315  07F1               	addwf	UART_SendString@str,f
  3145     0316  3000               	movlw	0
  3146     0317  3DF2               	addwfc	UART_SendString@str+1,f
  3147     0318                     l1135:	
  3148                           ;main.c: 111:         while(EUSART_is_tx_done());
  3149                           
  3150     0318  3181  21D8  3183   	fcall	_EUSART_is_tx_done
  3151     031B  3A00               	xorlw	0
  3152     031C  1D03               	skipz
  3153     031D  2B1F               	goto	u341
  3154     031E  2B20               	goto	u340
  3155     031F                     u341:
  3156     031F  2B18               	goto	l1135
  3157     0320                     u340:
  3158     0320                     l1137:
  3159                           
  3160                           ;main.c: 108:     while (*str)
  3161     0320  0871               	movf	UART_SendString@str,w
  3162     0321  0084               	movwf	4
  3163     0322  0872               	movf	UART_SendString@str+1,w
  3164     0323  0085               	movwf	5
  3165     0324  0012               	moviw fsr0++
  3166     0325  1D03               	btfss	3,2
  3167     0326  2B28               	goto	u351
  3168     0327  2B29               	goto	u350
  3169     0328                     u351:
  3170     0328  2B0C               	goto	l1131
  3171     0329                     u350:
  3172     0329                     l61:
  3173     0329  0008               	return
  3174     032A                     __end_of_UART_SendString:
  3175                           
  3176                           	psect	text13
  3177     01D8                     __ptext13:	
  3178 ;; *************** function _EUSART_is_tx_done *****************
  3179 ;; Defined at:
  3180 ;;		line 104 in file "eusart.c"
  3181 ;; Parameters:    Size  Location     Type
  3182 ;;		None
  3183 ;; Auto vars:     Size  Location     Type
  3184 ;;		None
  3185 ;; Return value:  Size  Location     Type
  3186 ;;                  1    wreg      _Bool 
  3187 ;; Registers used:
  3188 ;;		wreg, status,2, status,0
  3189 ;; Tracked objects:
  3190 ;;		On entry : 0/0
  3191 ;;		On exit  : 0/0
  3192 ;;		Unchanged: 0/0
  3193 ;; Data sizes:     COMMON   BANK0   BANK1   BANK2
  3194 ;;      Params:         0       0       0       0
  3195 ;;      Locals:         0       0       0       0
  3196 ;;      Temps:          0       0       0       0
  3197 ;;      Totals:         0       0       0       0
  3198 ;;Total ram usage:        0 bytes
  3199 ;; Hardware stack levels used: 1
  3200 ;; This function calls:
  3201 ;;		Nothing
  3202 ;; This function is called by:
  3203 ;;		_UART_SendString
  3204 ;; This function uses a non-reentrant model
  3205 ;;
  3206                           
  3207     01D8                     _EUSART_is_tx_done:	
  3208                           ;psect for function _EUSART_is_tx_done
  3209                           
  3210     01D8                     l1123:	
  3211                           ;incstack = 0
  3212                           ; Regs used in _EUSART_is_tx_done: [wreg+status,2+status,0]
  3213                           
  3214                           
  3215                           ;eusart.c: 106:     return TXSTAbits.TRMT;
  3216     01D8  0023               	movlb	3	; select bank3
  3217     01D9  0C1E               	rrf	30,w	;volatile
  3218     01DA  3901               	andlw	1
  3219     01DB                     l213:
  3220     01DB  0008               	return
  3221     01DC                     __end_of_EUSART_is_tx_done:
  3222                           
  3223                           	psect	text14
  3224     01FE                     __ptext14:	
  3225 ;; *************** function _EUSART_Write *****************
  3226 ;; Defined at:
  3227 ;;		line 132 in file "eusart.c"
  3228 ;; Parameters:    Size  Location     Type
  3229 ;;  txData          1    wreg     unsigned char 
  3230 ;; Auto vars:     Size  Location     Type
  3231 ;;  txData          1    0[COMMON] unsigned char 
  3232 ;; Return value:  Size  Location     Type
  3233 ;;                  1    wreg      void 
  3234 ;; Registers used:
  3235 ;;		wreg
  3236 ;; Tracked objects:
  3237 ;;		On entry : 0/0
  3238 ;;		On exit  : 0/0
  3239 ;;		Unchanged: 0/0
  3240 ;; Data sizes:     COMMON   BANK0   BANK1   BANK2
  3241 ;;      Params:         0       0       0       0
  3242 ;;      Locals:         1       0       0       0
  3243 ;;      Temps:          0       0       0       0
  3244 ;;      Totals:         1       0       0       0
  3245 ;;Total ram usage:        1 bytes
  3246 ;; Hardware stack levels used: 1
  3247 ;; This function calls:
  3248 ;;		Nothing
  3249 ;; This function is called by:
  3250 ;;		_UART_SendString
  3251 ;; This function uses a non-reentrant model
  3252 ;;
  3253                           
  3254     01FE                     _EUSART_Write:	
  3255                           ;psect for function _EUSART_Write
  3256                           
  3257                           
  3258                           ;incstack = 0
  3259                           ; Regs used in _EUSART_Write: [wreg]
  3260                           ;EUSART_Write@txData stored from wreg
  3261     01FE  00F0               	movwf	EUSART_Write@txData
  3262     01FF                     l1119:
  3263     01FF                     l226:	
  3264                           ;eusart.c: 135:     {;eusart.c: 136:     }
  3265                           
  3266                           
  3267                           ;eusart.c: 134:     while(0 == PIR1bits.TXIF)
  3268     01FF  0020               	movlb	0	; select bank0
  3269     0200  1E11               	btfss	17,4	;volatile
  3270     0201  2A03               	goto	u331
  3271     0202  2A04               	goto	u330
  3272     0203                     u331:
  3273     0203  29FF               	goto	l226
  3274     0204                     u330:
  3275     0204                     l1121:
  3276                           
  3277                           ;eusart.c: 138:     TXREG = txData;
  3278     0204  0870               	movf	EUSART_Write@txData,w
  3279     0205  0023               	movlb	3	; select bank3
  3280     0206  009A               	movwf	26	;volatile
  3281     0207                     l229:
  3282     0207  0008               	return
  3283     0208                     __end_of_EUSART_Write:
  3284                           
  3285                           	psect	text15
  3286     01D4                     __ptext15:	
  3287 ;; *************** function _PIRPORTInit *****************
  3288 ;; Defined at:
  3289 ;;		line 78 in file "main.c"
  3290 ;; Parameters:    Size  Location     Type
  3291 ;;		None
  3292 ;; Auto vars:     Size  Location     Type
  3293 ;;		None
  3294 ;; Return value:  Size  Location     Type
  3295 ;;                  1    wreg      void 
  3296 ;; Registers used:
  3297 ;;		None
  3298 ;; Tracked objects:
  3299 ;;		On entry : 0/0
  3300 ;;		On exit  : 0/0
  3301 ;;		Unchanged: 0/0
  3302 ;; Data sizes:     COMMON   BANK0   BANK1   BANK2
  3303 ;;      Params:         0       0       0       0
  3304 ;;      Locals:         0       0       0       0
  3305 ;;      Temps:          0       0       0       0
  3306 ;;      Totals:         0       0       0       0
  3307 ;;Total ram usage:        0 bytes
  3308 ;; Hardware stack levels used: 1
  3309 ;; This function calls:
  3310 ;;		Nothing
  3311 ;; This function is called by:
  3312 ;;		_test_PIR_motion_detected
  3313 ;;		_test_PIR_no_motion
  3314 ;;		_test_PIR_initialstate_No_motion_detected
  3315 ;;		_test_PIR_initialstate_motion_detected
  3316 ;;		_test_PIR_toggle_motion_fast
  3317 ;;		_test_PIR_continuous_no_motion
  3318 ;;		_test_PIR_continuous_motion
  3319 ;;		_test_PIR_toggle_short_spike
  3320 ;;		_test_PIR_motion_delay_handling
  3321 ;; This function uses a non-reentrant model
  3322 ;;
  3323                           
  3324     01D4                     _PIRPORTInit:	
  3325                           ;psect for function _PIRPORTInit
  3326                           
  3327     01D4                     l1127:	
  3328                           ;incstack = 0
  3329                           ; Regs used in _PIRPORTInit: []
  3330                           
  3331                           
  3332                           ;main.c: 83:     TRISAbits.TRISA2 = 0;
  3333     01D4  0021               	movlb	1	; select bank1
  3334     01D5  110C               	bcf	12,2	;volatile
  3335                           
  3336                           ;main.c: 84:     TRISAbits.TRISA0 = 1;
  3337     01D6  140C               	bsf	12,0	;volatile
  3338     01D7                     l46:
  3339     01D7  0008               	return
  3340     01D8                     __end_of_PIRPORTInit:
  3341                           
  3342                           	psect	text16
  3343     01F5                     __ptext16:	
  3344 ;; *************** function _CheckPIRSensor *****************
  3345 ;; Defined at:
  3346 ;;		line 116 in file "main.c"
  3347 ;; Parameters:    Size  Location     Type
  3348 ;;		None
  3349 ;; Auto vars:     Size  Location     Type
  3350 ;;		None
  3351 ;; Return value:  Size  Location     Type
  3352 ;;                  1    wreg      void 
  3353 ;; Registers used:
  3354 ;;		None
  3355 ;; Tracked objects:
  3356 ;;		On entry : 0/0
  3357 ;;		On exit  : 0/0
  3358 ;;		Unchanged: 0/0
  3359 ;; Data sizes:     COMMON   BANK0   BANK1   BANK2
  3360 ;;      Params:         0       0       0       0
  3361 ;;      Locals:         0       0       0       0
  3362 ;;      Temps:          0       0       0       0
  3363 ;;      Totals:         0       0       0       0
  3364 ;;Total ram usage:        0 bytes
  3365 ;; Hardware stack levels used: 1
  3366 ;; This function calls:
  3367 ;;		Nothing
  3368 ;; This function is called by:
  3369 ;;		_test_PIR_motion_detected
  3370 ;;		_test_PIR_no_motion
  3371 ;;		_test_PIR_initialstate_No_motion_detected
  3372 ;;		_test_PIR_initialstate_motion_detected
  3373 ;;		_test_PIR_toggle_motion_fast
  3374 ;;		_test_PIR_toggle_short_spike
  3375 ;;		_test_PIR_motion_delay_handling
  3376 ;;		_test_PIR_unconfigured_pin
  3377 ;;		_test_no_PIR_connected
  3378 ;; This function uses a non-reentrant model
  3379 ;;
  3380                           
  3381     01F5                     _CheckPIRSensor:	
  3382                           ;psect for function _CheckPIRSensor
  3383                           
  3384     01F5                     l1139:	
  3385                           ;incstack = 0
  3386                           ; Regs used in _CheckPIRSensor: []
  3387                           
  3388                           
  3389                           ;main.c: 117:     if (LATAbits.LATA0) {
  3390     01F5  0022               	movlb	2	; select bank2
  3391     01F6  1C0C               	btfss	12,0	;volatile
  3392     01F7  29F9               	goto	u361
  3393     01F8  29FA               	goto	u360
  3394     01F9                     u361:
  3395     01F9  29FC               	goto	l64
  3396     01FA                     u360:
  3397     01FA                     l1141:
  3398                           
  3399                           ;main.c: 118:         LATAbits.LATA2 = 1;
  3400     01FA  150C               	bsf	12,2	;volatile
  3401                           
  3402                           ;main.c: 119:     } else {
  3403     01FB  29FD               	goto	l66
  3404     01FC                     l64:
  3405                           
  3406                           ;main.c: 120:         LATAbits.LATA2 = 0;
  3407     01FC  110C               	bcf	12,2	;volatile
  3408     01FD                     l66:
  3409     01FD  0008               	return
  3410     01FE                     __end_of_CheckPIRSensor:
  3411                           
  3412                           	psect	text17
  3413     0225                     __ptext17:	
  3414 ;; *************** function ___bmul *****************
  3415 ;; Defined at:
  3416 ;;		line 4 in file "C:\Users\Anurag\.mcc\pic\sources\c99\common\Umul8.c"
  3417 ;; Parameters:    Size  Location     Type
  3418 ;;  multiplier      1    wreg     unsigned char 
  3419 ;;  multiplicand    1    0[COMMON] unsigned char 
  3420 ;; Auto vars:     Size  Location     Type
  3421 ;;  multiplier      1    2[COMMON] unsigned char 
  3422 ;;  product         1    1[COMMON] unsigned char 
  3423 ;; Return value:  Size  Location     Type
  3424 ;;                  1    wreg      unsigned char 
  3425 ;; Registers used:
  3426 ;;		wreg, status,2, status,0
  3427 ;; Tracked objects:
  3428 ;;		On entry : 0/0
  3429 ;;		On exit  : 0/0
  3430 ;;		Unchanged: 0/0
  3431 ;; Data sizes:     COMMON   BANK0   BANK1   BANK2
  3432 ;;      Params:         1       0       0       0
  3433 ;;      Locals:         2       0       0       0
  3434 ;;      Temps:          0       0       0       0
  3435 ;;      Totals:         3       0       0       0
  3436 ;;Total ram usage:        3 bytes
  3437 ;; Hardware stack levels used: 1
  3438 ;; This function calls:
  3439 ;;		Nothing
  3440 ;; This function is called by:
  3441 ;;		_main
  3442 ;; This function uses a non-reentrant model
  3443 ;;
  3444                           
  3445     0225                     ___bmul:	
  3446                           ;psect for function ___bmul
  3447                           
  3448                           
  3449                           ;incstack = 0
  3450                           ; Regs used in ___bmul: [wreg+status,2+status,0]
  3451                           ;___bmul@multiplier stored from wreg
  3452     0225  00F2               	movwf	___bmul@multiplier
  3453     0226                     l1369:
  3454     0226  01F1               	clrf	___bmul@product
  3455     0227                     l1371:
  3456     0227  1C72               	btfss	___bmul@multiplier,0
  3457     0228  2A2A               	goto	u561
  3458     0229  2A2B               	goto	u560
  3459     022A                     u561:
  3460     022A  2A2D               	goto	l1375
  3461     022B                     u560:
  3462     022B                     l1373:
  3463     022B  0870               	movf	___bmul@multiplicand,w
  3464     022C  07F1               	addwf	___bmul@product,f
  3465     022D                     l1375:
  3466     022D  1003               	clrc
  3467     022E  0DF0               	rlf	___bmul@multiplicand,f
  3468     022F                     l1377:
  3469     022F  1003               	clrc
  3470     0230  0CF2               	rrf	___bmul@multiplier,f
  3471     0231  0872               	movf	___bmul@multiplier,w
  3472     0232  1D03               	btfss	3,2
  3473     0233  2A35               	goto	u571
  3474     0234  2A36               	goto	u570
  3475     0235                     u571:
  3476     0235  2A27               	goto	l1371
  3477     0236                     u570:
  3478     0236                     l1379:
  3479     0236  0871               	movf	___bmul@product,w
  3480     0237                     l341:
  3481     0237  0008               	return
  3482     0238                     __end_of___bmul:
  3483                           
  3484                           	psect	text18
  3485     01D0                     __ptext18:	
  3486 ;; *************** function _WDT_Initialize *****************
  3487 ;; Defined at:
  3488 ;;		line 98 in file "main.c"
  3489 ;; Parameters:    Size  Location     Type
  3490 ;;		None
  3491 ;; Auto vars:     Size  Location     Type
  3492 ;;		None
  3493 ;; Return value:  Size  Location     Type
  3494 ;;                  1    wreg      void 
  3495 ;; Registers used:
  3496 ;;		None
  3497 ;; Tracked objects:
  3498 ;;		On entry : 0/0
  3499 ;;		On exit  : 0/0
  3500 ;;		Unchanged: 0/0
  3501 ;; Data sizes:     COMMON   BANK0   BANK1   BANK2
  3502 ;;      Params:         0       0       0       0
  3503 ;;      Locals:         0       0       0       0
  3504 ;;      Temps:          0       0       0       0
  3505 ;;      Totals:         0       0       0       0
  3506 ;;Total ram usage:        0 bytes
  3507 ;; Hardware stack levels used: 1
  3508 ;; This function calls:
  3509 ;;		Nothing
  3510 ;; This function is called by:
  3511 ;;		_main
  3512 ;; This function uses a non-reentrant model
  3513 ;;
  3514                           
  3515     01D0                     _WDT_Initialize:	
  3516                           ;psect for function _WDT_Initialize
  3517                           
  3518     01D0                     l1177:	
  3519                           ;incstack = 0
  3520                           ; Regs used in _WDT_Initialize: []
  3521                           
  3522                           
  3523                           ;main.c: 101:     WDTCON = 0x16;
  3524     01D0  3016               	movlw	22
  3525     01D1  0021               	movlb	1	; select bank1
  3526     01D2  0097               	movwf	23	;volatile
  3527     01D3                     l52:
  3528     01D3  0008               	return
  3529     01D4                     __end_of_WDT_Initialize:
  3530                           
  3531                           	psect	text19
  3532     024B                     __ptext19:	
  3533 ;; *************** function _PORT_Initialize *****************
  3534 ;; Defined at:
  3535 ;;		line 30 in file "main.c"
  3536 ;; Parameters:    Size  Location     Type
  3537 ;;		None
  3538 ;; Auto vars:     Size  Location     Type
  3539 ;;		None
  3540 ;; Return value:  Size  Location     Type
  3541 ;;                  1    wreg      void 
  3542 ;; Registers used:
  3543 ;;		status,2
  3544 ;; Tracked objects:
  3545 ;;		On entry : 0/0
  3546 ;;		On exit  : 0/0
  3547 ;;		Unchanged: 0/0
  3548 ;; Data sizes:     COMMON   BANK0   BANK1   BANK2
  3549 ;;      Params:         0       0       0       0
  3550 ;;      Locals:         0       0       0       0
  3551 ;;      Temps:          0       0       0       0
  3552 ;;      Totals:         0       0       0       0
  3553 ;;Total ram usage:        0 bytes
  3554 ;; Hardware stack levels used: 1
  3555 ;; This function calls:
  3556 ;;		Nothing
  3557 ;; This function is called by:
  3558 ;;		_main
  3559 ;; This function uses a non-reentrant model
  3560 ;;
  3561                           
  3562     024B                     _PORT_Initialize:	
  3563                           ;psect for function _PORT_Initialize
  3564                           
  3565     024B                     l1161:	
  3566                           ;incstack = 0
  3567                           ; Regs used in _PORT_Initialize: [status,2]
  3568                           
  3569                           
  3570                           ;main.c: 35:     LATAbits.LATA5 = 1;
  3571     024B  0022               	movlb	2	; select bank2
  3572     024C  168C               	bsf	12,5	;volatile
  3573                           
  3574                           ;main.c: 36:     LATAbits.LATA4 = 0;
  3575     024D  120C               	bcf	12,4	;volatile
  3576                           
  3577                           ;main.c: 42:     TRISAbits.TRISA4 = 0;
  3578     024E  0021               	movlb	1	; select bank1
  3579     024F  120C               	bcf	12,4	;volatile
  3580                           
  3581                           ;main.c: 43:     TRISAbits.TRISA5 = 1;
  3582     0250  168C               	bsf	12,5	;volatile
  3583     0251                     l1163:
  3584                           
  3585                           ;main.c: 49:     ANSELA = 0x00;
  3586     0251  0023               	movlb	3	; select bank3
  3587     0252  018C               	clrf	12	;volatile
  3588                           
  3589                           ;main.c: 54:     WPUA = 0x00;
  3590     0253  0024               	movlb	4	; select bank4
  3591     0254  018C               	clrf	12	;volatile
  3592     0255                     l1165:
  3593                           
  3594                           ;main.c: 55:     OPTION_REGbits.nWPUEN = 1;
  3595     0255  0021               	movlb	1	; select bank1
  3596     0256  1795               	bsf	21,7	;volatile
  3597                           
  3598                           ;main.c: 60:     ODCONA = 0x00;
  3599     0257  0025               	movlb	5	; select bank5
  3600     0258  018C               	clrf	12	;volatile
  3601     0259                     l1167:
  3602                           
  3603                           ;main.c: 65:     SLRCONA = 0x37;
  3604     0259  3037               	movlw	55
  3605     025A  0026               	movlb	6	; select bank6
  3606     025B  008C               	movwf	12	;volatile
  3607     025C                     l1169:
  3608                           
  3609                           ;main.c: 70:     INLVLA = 0x3F;
  3610     025C  303F               	movlw	63
  3611     025D  0027               	movlb	7	; select bank7
  3612     025E  008C               	movwf	12	;volatile
  3613     025F                     l1171:
  3614                           
  3615                           ;main.c: 75:     APFCON = 0x84;
  3616     025F  3084               	movlw	132
  3617     0260  0022               	movlb	2	; select bank2
  3618     0261  009D               	movwf	29	;volatile
  3619     0262                     l43:
  3620     0262  0008               	return
  3621     0263                     __end_of_PORT_Initialize:
  3622                           
  3623                           	psect	text20
  3624     01EE                     __ptext20:	
  3625 ;; *************** function _OSCILLATOR_Initialize *****************
  3626 ;; Defined at:
  3627 ;;		line 88 in file "main.c"
  3628 ;; Parameters:    Size  Location     Type
  3629 ;;		None
  3630 ;; Auto vars:     Size  Location     Type
  3631 ;;		None
  3632 ;; Return value:  Size  Location     Type
  3633 ;;                  1    wreg      void 
  3634 ;; Registers used:
  3635 ;;		status,2
  3636 ;; Tracked objects:
  3637 ;;		On entry : 0/0
  3638 ;;		On exit  : 0/0
  3639 ;;		Unchanged: 0/0
  3640 ;; Data sizes:     COMMON   BANK0   BANK1   BANK2
  3641 ;;      Params:         0       0       0       0
  3642 ;;      Locals:         0       0       0       0
  3643 ;;      Temps:          0       0       0       0
  3644 ;;      Totals:         0       0       0       0
  3645 ;;Total ram usage:        0 bytes
  3646 ;; Hardware stack levels used: 1
  3647 ;; This function calls:
  3648 ;;		Nothing
  3649 ;; This function is called by:
  3650 ;;		_main
  3651 ;; This function uses a non-reentrant model
  3652 ;;
  3653                           
  3654     01EE                     _OSCILLATOR_Initialize:	
  3655                           ;psect for function _OSCILLATOR_Initialize
  3656                           
  3657     01EE                     l1173:	
  3658                           ;incstack = 0
  3659                           ; Regs used in _OSCILLATOR_Initialize: [status,2]
  3660                           
  3661                           
  3662                           ;main.c: 91:     OSCCON = 0x6A;
  3663     01EE  306A               	movlw	106
  3664     01EF  0021               	movlb	1	; select bank1
  3665     01F0  0099               	movwf	25	;volatile
  3666     01F1                     l1175:
  3667                           
  3668                           ;main.c: 93:     OSCTUNE = 0x00;
  3669     01F1  0198               	clrf	24	;volatile
  3670                           
  3671                           ;main.c: 95:     BORCON = 0x00;
  3672     01F2  0022               	movlb	2	; select bank2
  3673     01F3  0196               	clrf	22	;volatile
  3674     01F4                     l49:
  3675     01F4  0008               	return
  3676     01F5                     __end_of_OSCILLATOR_Initialize:
  3677                           
  3678                           	psect	text21
  3679     0216                     __ptext21:	
  3680 ;; *************** function _EUSART_Read *****************
  3681 ;; Defined at:
  3682 ;;		line 113 in file "eusart.c"
  3683 ;; Parameters:    Size  Location     Type
  3684 ;;		None
  3685 ;; Auto vars:     Size  Location     Type
  3686 ;;		None
  3687 ;; Return value:  Size  Location     Type
  3688 ;;                  1    wreg      unsigned char 
  3689 ;; Registers used:
  3690 ;;		wreg, status,2
  3691 ;; Tracked objects:
  3692 ;;		On entry : 0/0
  3693 ;;		On exit  : 0/0
  3694 ;;		Unchanged: 0/0
  3695 ;; Data sizes:     COMMON   BANK0   BANK1   BANK2
  3696 ;;      Params:         0       0       0       0
  3697 ;;      Locals:         0       0       0       0
  3698 ;;      Temps:          0       0       0       0
  3699 ;;      Totals:         0       0       0       0
  3700 ;;Total ram usage:        0 bytes
  3701 ;; Hardware stack levels used: 1
  3702 ;; This function calls:
  3703 ;;		Nothing
  3704 ;; This function is called by:
  3705 ;;		_main
  3706 ;; This function uses a non-reentrant model
  3707 ;;
  3708                           
  3709     0216                     _EUSART_Read:	
  3710                           ;psect for function _EUSART_Read
  3711                           
  3712     0216                     l1357:	
  3713                           ;incstack = 0
  3714                           ; Regs used in _EUSART_Read: [wreg+status,2]
  3715                           
  3716     0216                     l219:	
  3717                           ;eusart.c: 116:     {;eusart.c: 117:     }
  3718                           
  3719                           
  3720                           ;eusart.c: 115:     while(!PIR1bits.RCIF)
  3721     0216  0020               	movlb	0	; select bank0
  3722     0217  1E91               	btfss	17,5	;volatile
  3723     0218  2A1A               	goto	u541
  3724     0219  2A1B               	goto	u540
  3725     021A                     u541:
  3726     021A  2A16               	goto	l219
  3727     021B                     u540:
  3728     021B                     l1359:
  3729                           
  3730                           ;eusart.c: 119:     eusartRxLastError.status = 0;
  3731     021B  01FC               	clrf	_eusartRxLastError	;volatile
  3732     021C                     l1361:
  3733                           
  3734                           ;eusart.c: 121:     if(1 == RCSTAbits.OERR)
  3735     021C  0023               	movlb	3	; select bank3
  3736     021D  1C9D               	btfss	29,1	;volatile
  3737     021E  2A20               	goto	u551
  3738     021F  2A21               	goto	u550
  3739     0220                     u551:
  3740     0220  2A23               	goto	l1365
  3741     0221                     u550:
  3742     0221                     l1363:
  3743                           
  3744                           ;eusart.c: 122:     {;eusart.c: 125:         RCSTAbits.CREN = 0;
  3745     0221  121D               	bcf	29,4	;volatile
  3746                           
  3747                           ;eusart.c: 126:         RCSTAbits.CREN = 1;
  3748     0222  161D               	bsf	29,4	;volatile
  3749     0223                     l1365:
  3750                           
  3751                           ;eusart.c: 129:     return RCREG;
  3752     0223  0819               	movf	25,w	;volatile
  3753     0224                     l223:
  3754     0224  0008               	return
  3755     0225                     __end_of_EUSART_Read:
  3756                           
  3757                           	psect	text22
  3758     0349                     __ptext22:	
  3759 ;; *************** function _EUSART_Initialize *****************
  3760 ;; Defined at:
  3761 ;;		line 66 in file "eusart.c"
  3762 ;; Parameters:    Size  Location     Type
  3763 ;;		None
  3764 ;; Auto vars:     Size  Location     Type
  3765 ;;		None
  3766 ;; Return value:  Size  Location     Type
  3767 ;;                  1    wreg      void 
  3768 ;; Registers used:
  3769 ;;		wreg, status,2, status,0, pclath, cstack
  3770 ;; Tracked objects:
  3771 ;;		On entry : 0/0
  3772 ;;		On exit  : 0/0
  3773 ;;		Unchanged: 0/0
  3774 ;; Data sizes:     COMMON   BANK0   BANK1   BANK2
  3775 ;;      Params:         0       0       0       0
  3776 ;;      Locals:         0       0       0       0
  3777 ;;      Temps:          0       0       0       0
  3778 ;;      Totals:         0       0       0       0
  3779 ;;Total ram usage:        0 bytes
  3780 ;; Hardware stack levels used: 1
  3781 ;; Hardware stack levels required when called: 1
  3782 ;; This function calls:
  3783 ;;		_EUSART_SetErrorHandler
  3784 ;;		_EUSART_SetFramingErrorHandler
  3785 ;;		_EUSART_SetOverrunErrorHandler
  3786 ;; This function is called by:
  3787 ;;		_main
  3788 ;; This function uses a non-reentrant model
  3789 ;;
  3790                           
  3791     0349                     _EUSART_Initialize:	
  3792                           ;psect for function _EUSART_Initialize
  3793                           
  3794     0349                     l1345:	
  3795                           ;incstack = 0
  3796                           ; Regs used in _EUSART_Initialize: [wreg+status,2+status,0+pclath+cstack]
  3797                           
  3798                           
  3799                           ;eusart.c: 71:     BAUDCON = 0x08;
  3800     0349  3008               	movlw	8
  3801     034A  0023               	movlb	3	; select bank3
  3802     034B  009F               	movwf	31	;volatile
  3803                           
  3804                           ;eusart.c: 74:     RCSTA = 0x90;
  3805     034C  3090               	movlw	144
  3806     034D  009D               	movwf	29	;volatile
  3807                           
  3808                           ;eusart.c: 77:     TXSTA = 0x24;
  3809     034E  3024               	movlw	36
  3810     034F  009E               	movwf	30	;volatile
  3811                           
  3812                           ;eusart.c: 80:     SPBRGL = 0x67;
  3813     0350  3067               	movlw	103
  3814     0351  009B               	movwf	27	;volatile
  3815     0352                     l1347:
  3816                           
  3817                           ;eusart.c: 83:     SPBRGH = 0x00;
  3818     0352  019C               	clrf	28	;volatile
  3819     0353                     l1349:
  3820                           
  3821                           ;eusart.c: 86:     EUSART_SetFramingErrorHandler(EUSART_DefaultFramingErrorHandler);
  3822     0353  3000               	movlw	0
  3823     0354  00F0               	movwf	EUSART_SetFramingErrorHandler@interruptHandler
  3824     0355  3000               	movlw	0
  3825     0356  00F1               	movwf	EUSART_SetFramingErrorHandler@interruptHandler+1
  3826     0357  3181  21E2  3183   	fcall	_EUSART_SetFramingErrorHandler
  3827     035A                     l1351:
  3828                           
  3829                           ;eusart.c: 87:     EUSART_SetOverrunErrorHandler(EUSART_DefaultOverrunErrorHandler);
  3830     035A  3000               	movlw	0
  3831     035B  00F0               	movwf	EUSART_SetOverrunErrorHandler@interruptHandler
  3832     035C  3000               	movlw	0
  3833     035D  00F1               	movwf	EUSART_SetOverrunErrorHandler@interruptHandler+1
  3834     035E  3181  21E8  3183   	fcall	_EUSART_SetOverrunErrorHandler
  3835     0361                     l1353:
  3836                           
  3837                           ;eusart.c: 88:     EUSART_SetErrorHandler(EUSART_DefaultErrorHandler);
  3838     0361  3000               	movlw	0
  3839     0362  00F0               	movwf	EUSART_SetErrorHandler@interruptHandler
  3840     0363  3000               	movlw	0
  3841     0364  00F1               	movwf	EUSART_SetErrorHandler@interruptHandler+1
  3842     0365  3181  21DC  3183   	fcall	_EUSART_SetErrorHandler
  3843     0368                     l1355:
  3844                           
  3845                           ;eusart.c: 90:     eusartRxLastError.status = 0;
  3846     0368  01FC               	clrf	_eusartRxLastError	;volatile
  3847     0369                     l202:
  3848     0369  0008               	return
  3849     036A                     __end_of_EUSART_Initialize:
  3850                           
  3851                           	psect	text23
  3852     01E8                     __ptext23:	
  3853 ;; *************** function _EUSART_SetOverrunErrorHandler *****************
  3854 ;; Defined at:
  3855 ;;		line 161 in file "eusart.c"
  3856 ;; Parameters:    Size  Location     Type
  3857 ;;  interruptHan    2    0[COMMON] PTR FTN()void 
  3858 ;;		 -> EUSART_DefaultOverrunErrorHandler(1), 
  3859 ;; Auto vars:     Size  Location     Type
  3860 ;;		None
  3861 ;; Return value:  Size  Location     Type
  3862 ;;                  1    wreg      void 
  3863 ;; Registers used:
  3864 ;;		wreg
  3865 ;; Tracked objects:
  3866 ;;		On entry : 0/0
  3867 ;;		On exit  : 0/0
  3868 ;;		Unchanged: 0/0
  3869 ;; Data sizes:     COMMON   BANK0   BANK1   BANK2
  3870 ;;      Params:         2       0       0       0
  3871 ;;      Locals:         0       0       0       0
  3872 ;;      Temps:          0       0       0       0
  3873 ;;      Totals:         2       0       0       0
  3874 ;;Total ram usage:        2 bytes
  3875 ;; Hardware stack levels used: 1
  3876 ;; This function calls:
  3877 ;;		Nothing
  3878 ;; This function is called by:
  3879 ;;		_EUSART_Initialize
  3880 ;; This function uses a non-reentrant model
  3881 ;;
  3882                           
  3883     01E8                     _EUSART_SetOverrunErrorHandler:	
  3884                           ;psect for function _EUSART_SetOverrunErrorHandler
  3885                           
  3886     01E8                     l1157:	
  3887                           ;incstack = 0
  3888                           ; Regs used in _EUSART_SetOverrunErrorHandler: [wreg]
  3889                           
  3890                           
  3891                           ;eusart.c: 162:     EUSART_OverrunErrorHandler = interruptHandler;
  3892     01E8  0871               	movf	EUSART_SetOverrunErrorHandler@interruptHandler+1,w
  3893     01E9  0020               	movlb	0	; select bank0
  3894     01EA  00A3               	movwf	_EUSART_OverrunErrorHandler+1
  3895     01EB  0870               	movf	EUSART_SetOverrunErrorHandler@interruptHandler,w
  3896     01EC  00A2               	movwf	_EUSART_OverrunErrorHandler
  3897     01ED                     l244:
  3898     01ED  0008               	return
  3899     01EE                     __end_of_EUSART_SetOverrunErrorHandler:
  3900                           
  3901                           	psect	text24
  3902     01E2                     __ptext24:	
  3903 ;; *************** function _EUSART_SetFramingErrorHandler *****************
  3904 ;; Defined at:
  3905 ;;		line 157 in file "eusart.c"
  3906 ;; Parameters:    Size  Location     Type
  3907 ;;  interruptHan    2    0[COMMON] PTR FTN()void 
  3908 ;;		 -> EUSART_DefaultFramingErrorHandler(1), 
  3909 ;; Auto vars:     Size  Location     Type
  3910 ;;		None
  3911 ;; Return value:  Size  Location     Type
  3912 ;;                  1    wreg      void 
  3913 ;; Registers used:
  3914 ;;		wreg
  3915 ;; Tracked objects:
  3916 ;;		On entry : 0/0
  3917 ;;		On exit  : 0/0
  3918 ;;		Unchanged: 0/0
  3919 ;; Data sizes:     COMMON   BANK0   BANK1   BANK2
  3920 ;;      Params:         2       0       0       0
  3921 ;;      Locals:         0       0       0       0
  3922 ;;      Temps:          0       0       0       0
  3923 ;;      Totals:         2       0       0       0
  3924 ;;Total ram usage:        2 bytes
  3925 ;; Hardware stack levels used: 1
  3926 ;; This function calls:
  3927 ;;		Nothing
  3928 ;; This function is called by:
  3929 ;;		_EUSART_Initialize
  3930 ;; This function uses a non-reentrant model
  3931 ;;
  3932                           
  3933     01E2                     _EUSART_SetFramingErrorHandler:	
  3934                           ;psect for function _EUSART_SetFramingErrorHandler
  3935                           
  3936     01E2                     l1155:	
  3937                           ;incstack = 0
  3938                           ; Regs used in _EUSART_SetFramingErrorHandler: [wreg]
  3939                           
  3940                           
  3941                           ;eusart.c: 158:     EUSART_FramingErrorHandler = interruptHandler;
  3942     01E2  0871               	movf	EUSART_SetFramingErrorHandler@interruptHandler+1,w
  3943     01E3  0020               	movlb	0	; select bank0
  3944     01E4  00A5               	movwf	_EUSART_FramingErrorHandler+1
  3945     01E5  0870               	movf	EUSART_SetFramingErrorHandler@interruptHandler,w
  3946     01E6  00A4               	movwf	_EUSART_FramingErrorHandler
  3947     01E7                     l241:
  3948     01E7  0008               	return
  3949     01E8                     __end_of_EUSART_SetFramingErrorHandler:
  3950                           
  3951                           	psect	text25
  3952     01DC                     __ptext25:	
  3953 ;; *************** function _EUSART_SetErrorHandler *****************
  3954 ;; Defined at:
  3955 ;;		line 165 in file "eusart.c"
  3956 ;; Parameters:    Size  Location     Type
  3957 ;;  interruptHan    2    0[COMMON] PTR FTN()void 
  3958 ;;		 -> EUSART_DefaultErrorHandler(1), 
  3959 ;; Auto vars:     Size  Location     Type
  3960 ;;		None
  3961 ;; Return value:  Size  Location     Type
  3962 ;;                  1    wreg      void 
  3963 ;; Registers used:
  3964 ;;		wreg
  3965 ;; Tracked objects:
  3966 ;;		On entry : 0/0
  3967 ;;		On exit  : 0/0
  3968 ;;		Unchanged: 0/0
  3969 ;; Data sizes:     COMMON   BANK0   BANK1   BANK2
  3970 ;;      Params:         2       0       0       0
  3971 ;;      Locals:         0       0       0       0
  3972 ;;      Temps:          0       0       0       0
  3973 ;;      Totals:         2       0       0       0
  3974 ;;Total ram usage:        2 bytes
  3975 ;; Hardware stack levels used: 1
  3976 ;; This function calls:
  3977 ;;		Nothing
  3978 ;; This function is called by:
  3979 ;;		_EUSART_Initialize
  3980 ;; This function uses a non-reentrant model
  3981 ;;
  3982                           
  3983     01DC                     _EUSART_SetErrorHandler:	
  3984                           ;psect for function _EUSART_SetErrorHandler
  3985                           
  3986     01DC                     l1159:	
  3987                           ;incstack = 0
  3988                           ; Regs used in _EUSART_SetErrorHandler: [wreg]
  3989                           
  3990                           
  3991                           ;eusart.c: 166:     EUSART_ErrorHandler = interruptHandler;
  3992     01DC  0871               	movf	EUSART_SetErrorHandler@interruptHandler+1,w
  3993     01DD  0020               	movlb	0	; select bank0
  3994     01DE  00A1               	movwf	_EUSART_ErrorHandler+1
  3995     01DF  0870               	movf	EUSART_SetErrorHandler@interruptHandler,w
  3996     01E0  00A0               	movwf	_EUSART_ErrorHandler
  3997     01E1                     l247:
  3998     01E1  0008               	return
  3999     01E2                     __end_of_EUSART_SetErrorHandler:
  4000     0000                     ___latbits      equ	0
  4001     007E                     btemp           set	126	;btemp
  4002     007E                     wtemp0          set	126
  4003                           
  4004                           	psect	idloc
  4005                           
  4006                           ;Config register IDLOC0 @ 0x8000
  4007                           ;	unspecified, using default values
  4008     8000                     	org	32768
  4009     8000  3FFF               	dw	16383
  4010                           
  4011                           ;Config register IDLOC1 @ 0x8001
  4012                           ;	unspecified, using default values
  4013     8001                     	org	32769
  4014     8001  3FFF               	dw	16383
  4015                           
  4016                           ;Config register IDLOC2 @ 0x8002
  4017                           ;	unspecified, using default values
  4018     8002                     	org	32770
  4019     8002  3FFF               	dw	16383
  4020                           
  4021                           ;Config register IDLOC3 @ 0x8003
  4022                           ;	unspecified, using default values
  4023     8003                     	org	32771
  4024     8003  3FFF               	dw	16383
  4025                           
  4026                           	psect	config
  4027                           
  4028                           ;Config register CONFIG1 @ 0x8007
  4029                           ;	
  4030                           ;	FOSC = INTOSC, INTOSC oscillator; I/O function on CLKIN pin
  4031                           ;	Watchdog Timer Enable
  4032                           ;	WDTE = OFF, WDT disabled
  4033                           ;	Power-up Timer Enable
  4034                           ;	PWRTE = OFF, PWRT disabled
  4035                           ;	MCLR Pin Function Select
  4036                           ;	MCLRE = ON, MCLR/VPP pin function is MCLR
  4037                           ;	Flash Program Memory Code Protection
  4038                           ;	CP = OFF, Program memory code protection is disabled
  4039                           ;	Brown-out Reset Enable
  4040                           ;	BOREN = ON, Brown-out Reset enabled
  4041                           ;	Clock Out Enable
  4042                           ;	CLKOUTEN = OFF, CLKOUT function is disabled. I/O or oscillator function on the CLKOUT 
      +                          pin
  4043     8007                     	org	32775
  4044     8007  3FE4               	dw	16356
  4045                           
  4046                           ;Config register CONFIG2 @ 0x8008
  4047                           ;	Flash Memory Self-Write Protection
  4048                           ;	WRT = OFF, Write protection off
  4049                           ;	PLL Enable
  4050                           ;	PLLEN = OFF, 4x PLL disabled
  4051                           ;	Stack Overflow/Underflow Reset Enable
  4052                           ;	STVREN = ON, Stack Overflow or Underflow will cause a Reset
  4053                           ;	Brown-out Reset Voltage Selection
  4054                           ;	BORV = LO, Brown-out Reset Voltage (Vbor), low trip point selected.
  4055                           ;	Low Power Brown-out Reset enable bit
  4056                           ;	LPBOREN = OFF, LPBOR is disabled
  4057                           ;	Low-Voltage Programming Enable
  4058                           ;	LVP = ON, Low-voltage programming enabled
  4059     8008                     	org	32776
  4060     8008  3EFF               	dw	16127

Data Sizes:
    Strings     730
    Constant    0
    Data        0
    BSS         4
    Persistent  38
    Stack       0

Auto Spaces:
    Space          Size  Autos    Used
    COMMON           14     12      13
    BANK0            80      5      14
    BANK1            80      0       0
    BANK2            80      0       0

Pointer List with Targets:

    EUSART_ErrorHandler	PTR FTN()void  size(2) Largest target is 1
		 -> EUSART_DefaultErrorHandler(), NULL(), 

    EUSART_FramingErrorHandler	PTR FTN()void  size(2) Largest target is 1
		 -> EUSART_DefaultFramingErrorHandler(), NULL(), 

    EUSART_OverrunErrorHandler	PTR FTN()void  size(2) Largest target is 1
		 -> EUSART_DefaultOverrunErrorHandler(), NULL(), 

    EUSART_SetErrorHandler@interruptHandler	PTR FTN()void  size(2) Largest target is 1
		 -> EUSART_DefaultErrorHandler(), 

    EUSART_SetFramingErrorHandler@interruptHandler	PTR FTN()void  size(2) Largest target is 1
		 -> EUSART_DefaultFramingErrorHandler(), 

    EUSART_SetOverrunErrorHandler@interruptHandler	PTR FTN()void  size(2) Largest target is 1
		 -> EUSART_DefaultOverrunErrorHandler(), 

    UART_SendString@str	PTR const unsigned char  size(2) Largest target is 74
		 -> STR_1(CODE[49]), STR_10(CODE[19]), STR_11(CODE[64]), STR_12(CODE[19]), 
		 -> STR_13(CODE[60]), STR_14(CODE[19]), STR_15(CODE[58]), STR_16(CODE[19]), 
		 -> STR_17(CODE[60]), STR_18(CODE[71]), STR_19(CODE[19]), STR_2(CODE[19]), 
		 -> STR_20(CODE[72]), STR_21(CODE[19]), STR_22(CODE[31]), STR_23(CODE[14]), 
		 -> STR_3(CODE[44]), STR_4(CODE[19]), STR_5(CODE[74]), STR_6(CODE[19]), 
		 -> STR_7(CODE[70]), STR_8(CODE[19]), STR_9(CODE[44]), 


Critical Paths under _main in COMMON

    _main->_test_PIR_toggle_motion_fast
    _main->_test_PIR_toggle_short_spike
    _test_no_PIR_connected->_UART_SendString
    _test_PIR_unconfigured_pin->_UART_SendString
    _test_PIR_toggle_short_spike->_UART_SendString
    _test_PIR_toggle_motion_fast->_UART_SendString
    _test_PIR_no_motion->_UART_SendString
    _test_PIR_motion_delay_handling->_UART_SendString
    _test_PIR_initialstate_motion_detected->_UART_SendString
    _test_PIR_initialstate_No_motion_detected->_UART_SendString
    _test_PIR_continuous_no_motion->_UART_SendString
    _test_PIR_continuous_motion->_UART_SendString
    _test_PIR_motion_detected->_UART_SendString
    _UART_SendString->_EUSART_Write
    _EUSART_Initialize->_EUSART_SetErrorHandler
    _EUSART_Initialize->_EUSART_SetFramingErrorHandler
    _EUSART_Initialize->_EUSART_SetOverrunErrorHandler

Critical Paths under _main in BANK0

    None.

Critical Paths under _main in BANK1

    None.

Critical Paths under _main in BANK2

    None.

Call Graph Tables:

 ---------------------------------------------------------------------------------
 (Depth) Function   	        Calls       Base Space   Used Autos Params    Refs
 ---------------------------------------------------------------------------------
 (0) _main                                                 5     5      0    2115
                                              0 BANK0      5     5      0
                  _EUSART_Initialize
                        _EUSART_Read
              _OSCILLATOR_Initialize
                    _PORT_Initialize
                    _UART_SendString
                     _WDT_Initialize
                             ___bmul
         _test_PIR_continuous_motion
      _test_PIR_continuous_no_motion
_test_PIR_initialstate_No_motion_det
_test_PIR_initialstate_motion_detect
     _test_PIR_motion_delay_handling
           _test_PIR_motion_detected
                 _test_PIR_no_motion
        _test_PIR_toggle_motion_fast
        _test_PIR_toggle_short_spike
          _test_PIR_unconfigured_pin
              _test_no_PIR_connected
 ---------------------------------------------------------------------------------
 (1) _test_no_PIR_connected                                0     0      0      97
                     _CheckPIRSensor
                    _UART_SendString
 ---------------------------------------------------------------------------------
 (1) _test_PIR_unconfigured_pin                            0     0      0      97
                     _CheckPIRSensor
                    _UART_SendString
 ---------------------------------------------------------------------------------
 (1) _test_PIR_toggle_short_spike                          8     8      0     166
                                              4 COMMON     8     8      0
                     _CheckPIRSensor
                        _PIRPORTInit
                    _UART_SendString
 ---------------------------------------------------------------------------------
 (1) _test_PIR_toggle_motion_fast                          8     8      0     166
                                              4 COMMON     8     8      0
                     _CheckPIRSensor
                        _PIRPORTInit
                    _UART_SendString
 ---------------------------------------------------------------------------------
 (1) _test_PIR_no_motion                                   0     0      0      97
                     _CheckPIRSensor
                        _PIRPORTInit
                    _UART_SendString
 ---------------------------------------------------------------------------------
 (1) _test_PIR_motion_delay_handling                       2     2      0      97
                                              4 COMMON     2     2      0
                     _CheckPIRSensor
                        _PIRPORTInit
                    _UART_SendString
 ---------------------------------------------------------------------------------
 (1) _test_PIR_initialstate_motion_detected                0     0      0      97
                     _CheckPIRSensor
                        _PIRPORTInit
                    _UART_SendString
 ---------------------------------------------------------------------------------
 (1) _test_PIR_initialstate_No_motion_detected             0     0      0      97
                     _CheckPIRSensor
                        _PIRPORTInit
                    _UART_SendString
 ---------------------------------------------------------------------------------
 (1) _test_PIR_continuous_no_motion                        3     3      0     218
                                              4 COMMON     3     3      0
                        _PIRPORTInit
                    _UART_SendString
           _test_PIR_motion_detected
 ---------------------------------------------------------------------------------
 (1) _test_PIR_continuous_motion                           3     3      0     218
                                              4 COMMON     3     3      0
                        _PIRPORTInit
                    _UART_SendString
           _test_PIR_motion_detected
 ---------------------------------------------------------------------------------
 (1) _test_PIR_motion_detected                             0     0      0      97
                     _CheckPIRSensor
                        _PIRPORTInit
                    _UART_SendString
 ---------------------------------------------------------------------------------
 (2) _UART_SendString                                      3     1      2      97
                                              1 COMMON     3     1      2
                       _EUSART_Write
                  _EUSART_is_tx_done
 ---------------------------------------------------------------------------------
 (3) _EUSART_is_tx_done                                    0     0      0       0
 ---------------------------------------------------------------------------------
 (3) _EUSART_Write                                         1     1      0      29
                                              0 COMMON     1     1      0
 ---------------------------------------------------------------------------------
 (2) _PIRPORTInit                                          0     0      0       0
 ---------------------------------------------------------------------------------
 (2) _CheckPIRSensor                                       0     0      0       0
 ---------------------------------------------------------------------------------
 (1) ___bmul                                               3     2      1     108
                                              0 COMMON     3     2      1
 ---------------------------------------------------------------------------------
 (1) _WDT_Initialize                                       0     0      0       0
 ---------------------------------------------------------------------------------
 (1) _PORT_Initialize                                      0     0      0       0
 ---------------------------------------------------------------------------------
 (1) _OSCILLATOR_Initialize                                0     0      0       0
 ---------------------------------------------------------------------------------
 (1) _EUSART_Read                                          0     0      0       0
 ---------------------------------------------------------------------------------
 (1) _EUSART_Initialize                                    0     0      0      69
             _EUSART_SetErrorHandler
      _EUSART_SetFramingErrorHandler
      _EUSART_SetOverrunErrorHandler
 ---------------------------------------------------------------------------------
 (2) _EUSART_SetOverrunErrorHandler                        2     0      2      23
                                              0 COMMON     2     0      2
 ---------------------------------------------------------------------------------
 (2) _EUSART_SetFramingErrorHandler                        2     0      2      23
                                              0 COMMON     2     0      2
 ---------------------------------------------------------------------------------
 (2) _EUSART_SetErrorHandler                               2     0      2      23
                                              0 COMMON     2     0      2
 ---------------------------------------------------------------------------------
 Estimated maximum stack depth 3
 ---------------------------------------------------------------------------------

 Call Graph Graphs:

 _main (ROOT)
   _EUSART_Initialize
     _EUSART_SetErrorHandler
     _EUSART_SetFramingErrorHandler
     _EUSART_SetOverrunErrorHandler
   _EUSART_Read
   _OSCILLATOR_Initialize
   _PORT_Initialize
   _UART_SendString
     _EUSART_Write
     _EUSART_is_tx_done
   _WDT_Initialize
   ___bmul
   _test_PIR_continuous_motion
     _PIRPORTInit
     _UART_SendString
     _test_PIR_motion_detected
       _CheckPIRSensor
       _PIRPORTInit
       _UART_SendString
   _test_PIR_continuous_no_motion
     _PIRPORTInit
     _UART_SendString
     _test_PIR_motion_detected
   _test_PIR_initialstate_No_motion_detected
     _CheckPIRSensor
     _PIRPORTInit
     _UART_SendString
   _test_PIR_initialstate_motion_detected
     _CheckPIRSensor
     _PIRPORTInit
     _UART_SendString
   _test_PIR_motion_delay_handling
     _CheckPIRSensor
     _PIRPORTInit
     _UART_SendString
   _test_PIR_motion_detected
   _test_PIR_no_motion
     _CheckPIRSensor
     _PIRPORTInit
     _UART_SendString
   _test_PIR_toggle_motion_fast
     _CheckPIRSensor
     _PIRPORTInit
     _UART_SendString
   _test_PIR_toggle_short_spike
     _CheckPIRSensor
     _PIRPORTInit
     _UART_SendString
   _test_PIR_unconfigured_pin
     _CheckPIRSensor
     _UART_SendString
   _test_no_PIR_connected
     _CheckPIRSensor
     _UART_SendString

Address spaces:
Name               Size   Autos  Total    Usage
BITCOMMON           14      0       0      0.0%
BITBANK0            80      0       0      0.0%
BITBANK1            80      0       0      0.0%
BITBANK2            80      0       0      0.0%
BIGRAM             240      0       0      0.0%
COMMON              14     12      13     92.9%
BANK0               80      5      14     17.5%
BANK1               80      0       0      0.0%
BANK2               80      0       0      0.0%
STACK                0      0       0      0.0%
DATA                 0      0      27      0.0%


Microchip Technology PIC Macro Assembler V3.00 build 20241204225717 
Symbol Table                                                                                   Fri Jul 11 15:53:44 2025

                                  ___bmul@product 0071                                                l43 0262  
                                              l52 01D3                                                l61 0329  
                                              l46 01D7                                                l71 02B0  
                                              l64 01FC                                                l49 01F4  
                                              l81 02CE                                                l66 01FD  
                                              l91 06DF                                                l76 030A  
                                              l86 02EC                                                l96 0463  
                                              l99 0477                                _test_PIR_no_motion 02ED  
                                             l104 0431                                               l112 0738  
                                             l121 027A                                               l202 0369  
                                             l107 0445                                               l116 038A  
                                             l213 01DB                                               l126 0292  
                                             l223 0224                                               l241 01E7  
                                             l226 01FF                                               l219 0216  
                                             l244 01ED                                               l341 0237  
                                             l229 0207                                               l247 01E1  
                                             _RA2 0062                                               u400 02DD  
                                             u401 02DC                                               u330 0204  
                                             u410 06C4                                               u331 0203  
                                             u411 06C3                                               u340 0320  
                                             u420 06CA                                               u500 0729  
                                             u341 031F                                               u421 06C9  
                                             u501 0728                                               u350 0329  
                                             u510 0383                                               u430 06D0  
                                             u351 0328                                               u511 0382  
                                             u431 06CF                                               u360 01FA  
                                             u440 0463                                               u520 026B  
                                             u600 0780                                               u361 01F9  
                                             u441 0462                                               u521 026A  
                                             u601 077F                                               u370 02A1  
                                             u450 0468                                               u530 0283  
                                             u610 078D                                               u371 02A0  
                                             u451 0467                                               u531 0282  
                                             u611 078C                                               u540 021B  
                                             u460 0431                                               u380 02FB  
                                             u620 0793                                               u541 021A  
                                             u461 0430                                               u445 045F  
                                             u381 02FA                                               u621 0792  
                                             u550 0221                                               u470 0436  
                                             u390 02BF                                               u551 0220  
                                             u471 0435                                               u391 02BE  
                                             u560 022B                                               u480 071D  
                                             u561 022A                                               u465 042D  
                                             u481 071C                                               u570 0236  
                                             u490 0723                                               u571 0235  
                                             u491 0722                                               u580 076C  
                                             u637 0375                                               u581 076B  
                                             u590 0776                                               u591 0775  
                  ?_EUSART_SetFramingErrorHandler 0070                               ?_test_PIR_no_motion 0070  
                                             wreg 0009                                      ?_EUSART_Read 0070  
                                            l1121 0204                                              l1201 02C7  
                                            l1123 01D8                                              l1131 030C  
                                            l1211 02DD                                              l1203 02CF  
                                            l1141 01FA                                              l1133 0314  
                                            l1213 02E5                                              l1205 02D2  
                                            l1221 069B                                              l1301 0708  
                                            l1127 01D4                                              l1119 01FF  
                                            l1135 0318                                              l1151 02A1  
                                            l1143 0293                                              l1207 02D4  
                                            l1231 06B0                                              l1223 069D  
                                            l1215 0689                                              l1311 0729  
                                            l1303 070B                                              l1161 024B  
                                            l1137 0320                                              l1129 030B  
                                            l1153 02A9                                              l1145 0296  
                                            l1209 02D8                                              l1321 0370  
                                            l1241 06CA                                              l1233 06B1  
                                            l1225 069F                                              l1217 068C  
                                            l1313 0731                                              l1305 0717  
                                            l1401 0750                                              l1155 01E2  
                                            l1171 025F                                              l1163 0251  
                                            l1139 01F5                                              l1147 0298  
                                            l1251 044B                                              l1323 037B  
                                            l1315 036A                                              l1243 06D0  
                                            l1235 06B4                                              l1227 06A1  
                                            l1219 0691                                              l1307 071D  
                                            l1331 0266                                              l1411 0776  
                                            l1403 0751                                              l1157 01E8  
                                            l1173 01EE                                              l1165 0255  
                                            l1149 029C                                              l1261 0468  
                                            l1253 044D                                              l1325 037E  
                                            l1317 036D                                              l1181 02F0  
                                            l1245 06D8                                              l1237 06BE  
                                            l1229 06A4                                              l1309 0723  
                                            l1333 026B                                              l1341 0283  
                                            l1421 0796                                              l1413 0780  
                                            l1405 0758                                              l1159 01DC  
                                            l1351 035A                                              l1175 01F1  
                                            l1167 0259                                              l1271 041B  
                                            l1263 0470                                              l1255 044F  
                                            l1247 0446                                              l1191 02B1  
                                            l1327 0383                                              l1319 036F  
                                            l1183 02F2                                              l1239 06C4  
                                            l1335 0273                                              l1343 028B  
                                            l1431 07B1                                              l1423 07A1  
                                            l1415 0782                                              l1407 0761  
                                            l1353 0361                                              l1345 0349  
                                            l1361 021C                                              l1169 025C  
                                            l1177 01D0                                              l1281 043E  
                                            l1273 041D                                              l1265 0414  
                                            l1257 0453                                              l1249 0448  
                                            l1193 02B4                                              l1185 02F6  
                                            l1329 0263                                              l1337 027B  
                                            l1441 07C5                                              l1433 07B5  
                                            l1425 07A5                                              l1417 078D  
                                            l1409 076C                                              l1355 0368  
                                            l1347 0352                                              l1363 0221  
                                            l1371 0227                                              l1275 0421  
                                            l1267 0416                                              l1259 0456  
                                            l1195 02B6                                              l1187 02FB  
                                            l1179 02ED                                              l1291 06F6  
                                            l1283 06E0                                              l1339 027E  
                                            l1443 07C9                                              l1435 07B9  
                                            l1427 07A9                                              l1419 0793  
                                            l1349 0353                                              l1365 0223  
                                            l1357 0216                                              l1373 022B  
                                            l1277 0424                                              l1269 0419  
                                            l1197 02BA                                              l1189 0303  
                                            l1293 06F8                                              l1285 06E3  
                                            l1445 07CD                                              l1437 07BD  
                                            l1429 07AD                                              l1359 021B  
                                            l1375 022D                                              l1279 0436  
                                            l1199 02BF                                              l1295 06FA  
                                            l1287 06E8                                              l1439 07C1  
                                            l1447 07D5                                              l1391 0743  
                                            l1383 0739                                              l1377 022F  
                                            l1369 0226                                              l1297 06FD  
                                            l1289 06F4                                              l1393 0746  
                                            l1385 0739                                              l1379 0236  
                                            l1299 0707                                              l1395 074C  
                                            l1387 0740                                              l1397 074E  
                                            l1389 0740                                              l1399 074F  
                                            STR_1 03E3                                              STR_2 0238  
                                            STR_3 03B7                                              STR_4 0238  
                                            STR_5 063F                                              STR_6 0238  
                                            STR_7 056A                                              STR_8 0238  
                                            STR_9 038B                                              _WPUA 020C  
                                            _main 0739                                              fsr0h 0005  
                                            fsr1h 0007                                              indf0 0000  
                                            fsr0l 0004                                              indf1 0001  
                                            fsr1l 0006                                              btemp 007E  
                  test_PIR_continuous_motion@loop 0075                                              start 0001  
                            ??_test_PIR_no_motion 0074                                 ___bmul@multiplier 0072  
                     ??_test_PIR_unconfigured_pin 0074                                     ?_EUSART_Write 0070  
                   __end_of_OSCILLATOR_Initialize 01F5                                             ?_main 0070  
                                           STR_10 0238                                             STR_11 052A  
                                           STR_12 0238                                             STR_20 05F7  
                                           STR_21 0238                                             STR_13 04EE  
                                           STR_14 0238                                             STR_22 032A  
                                           STR_23 0208                                             STR_15 0478  
                                           STR_16 0238                                             STR_17 04B2  
                                           STR_18 05B0                                             STR_19 0238  
                                           _RCREG 0199                                             _RCSTA 019D  
                                           _TXREG 019A                                             _TXSTA 019E  
                                  _WDT_Initialize 01D0                                  ?_UART_SendString 0071  
                     ?_test_PIR_continuous_motion 0070                                             status 0003  
                                           wtemp0 007E                                 ??_PORT_Initialize 0070  
                                 __initialization 07F9                                      __end_of_main 07F9  
                                    ?_PIRPORTInit 0070                                    ??_EUSART_Write 0070  
                                          ??_main 007C                            __end_of_WDT_Initialize 01D4  
               _EUSART_DefaultFramingErrorHandler 0000                        _EUSART_OverrunErrorHandler 0022  
                __end_of_test_PIR_motion_detected 02B1                                            _APFCON 011D  
                                          _ANSELA 018C                                            _BORCON 0116  
                       _test_PIR_unconfigured_pin 0263                                            _ODCONA 028C  
                                          _INLVLA 038C                                            _OSCCON 0099  
                                          _SPBRGH 019C                                            _SPBRGL 019B  
                                          _WDTCON 0097                                            ___bmul 0225  
             __end_of_test_PIR_toggle_motion_fast 06E0                       _test_PIR_toggle_motion_fast 0689  
                                 ?_WDT_Initialize 0070                   ??_test_PIR_continuous_no_motion 0074  
                         __end_of__initialization 07FE               __end_of_test_PIR_toggle_short_spike 0739  
                     _test_PIR_toggle_short_spike 06E0                     __end_of_test_no_PIR_connected 0293  
                             ___bmul@multiplicand 0070                                    __pcstackCOMMON 0070  
__end_of_test_PIR_initialstate_No_motion_detected 02CF        ??_test_PIR_initialstate_No_motion_detected 0074  
       ?_test_PIR_initialstate_No_motion_detected 0070          _test_PIR_initialstate_No_motion_detected 02B1  
                                  _OPTION_REGbits 0095                   ??_EUSART_SetOverrunErrorHandler 0072  
                                      __pbssBANK0 002B                              __end_of_EUSART_Write 0208  
                                      __pmaintext 0739                                           ?___bmul 0070  
                       ?_test_PIR_motion_detected 0070                                           _BAUDCON 019F  
                ??_test_PIR_motion_delay_handling 0074                   ?_test_PIR_motion_delay_handling 0070  
                                 _PORT_Initialize 024B                                           _OSCTUNE 0098  
                                 main@TestcaseSel 0026                                           _SLRCONA 030C  
                        ??_EUSART_SetErrorHandler 0072             __end_of_test_PIR_continuous_no_motion 0478  
                   _test_PIR_continuous_no_motion 0446                                UART_SendString@str 0071  
                                         __ptext1 027B                                           __ptext2 0263  
                                         __ptext3 06E0                                           __ptext4 0689  
                                         __ptext5 02ED                                           __ptext6 036A  
                                         __ptext7 02CF                                           __ptext8 02B1  
                                         __ptext9 0446                             _OSCILLATOR_Initialize 01EE  
                 test_PIR_toggle_motion_fast@res1 0076                   test_PIR_toggle_motion_fast@res2 0078  
                 test_PIR_toggle_motion_fast@res3 007A                              end_of_initialization 07FE  
           __end_of_EUSART_SetOverrunErrorHandler 01EE                     _EUSART_SetOverrunErrorHandler 01E8  
                               _EUSART_Initialize 0349                                ?_EUSART_Initialize 0070  
                                       _RCSTAbits 019D                 __end_of_test_PIR_unconfigured_pin 027B  
                             ??_EUSART_Initialize 0072                                  ??_WDT_Initialize 0070  
                         __end_of_PORT_Initialize 0263                                         _PORTAbits 000C  
                                       _TRISAbits 008C                         __end_of_EUSART_Initialize 036A  
                                       _TXSTAbits 019E                                    _CheckPIRSensor 01F5  
                                      main@rxdata 0027                    ?_test_PIR_continuous_no_motion 0070  
                                  __end_of___bmul 0238                        _EUSART_DefaultErrorHandler 0000  
                                    _EUSART_Write 01FE                            ?_OSCILLATOR_Initialize 0070  
                             start_initialization 07F9                                     ??_EUSART_Read 0070  
                          __end_of_CheckPIRSensor 01FE                    ?_EUSART_SetOverrunErrorHandler 0070  
                           _test_no_PIR_connected 027B                        _EUSART_FramingErrorHandler 0024  
                                        ??___bmul 0071                            _EUSART_SetErrorHandler 01DC  
                               ??_UART_SendString 0073                                  ?_PORT_Initialize 0070  
                                     __pbssCOMMON 007C                                         ___latbits 0000  
                                   __pcstackBANK0 0026                                   ?_CheckPIRSensor 0070  
          __end_of_test_PIR_motion_delay_handling 038B                    _test_PIR_motion_delay_handling 036A  
                             __end_of_EUSART_Read 0225                 test_PIR_continuous_no_motion@loop 0075  
                    ??_test_PIR_continuous_motion 0074                                         __pnvBANK0 0020  
                                   ??_PIRPORTInit 0070                        __end_of_test_PIR_no_motion 030B  
                                        _LATAbits 010C            EUSART_SetErrorHandler@interruptHandler 0070  
                          ?_test_no_PIR_connected 0070                                 _eusartRxLastError 007C  
   __end_of_test_PIR_initialstate_motion_detected 02ED           ??_test_PIR_initialstate_motion_detected 0074  
          ?_test_PIR_initialstate_motion_detected 0070             _test_PIR_initialstate_motion_detected 02CF  
                        _test_PIR_motion_detected 0293                                          _PIR1bits 0011  
                 ??_EUSART_SetFramingErrorHandler 0072                                 _EUSART_is_tx_done 01D8  
                                       main@F3117 002B                 _EUSART_DefaultOverrunErrorHandler 0000  
                              ?_EUSART_is_tx_done 0070                      ?_test_PIR_toggle_motion_fast 0070  
                             __end_of_PIRPORTInit 01D8                               ??_EUSART_is_tx_done 0070  
                                       main@index 002A                                       _EUSART_Read 0216  
                    ?_test_PIR_toggle_short_spike 0070                         __end_of_EUSART_is_tx_done 01DC  
                         ??_OSCILLATOR_Initialize 0070                               _EUSART_ErrorHandler 0020  
                      ?_test_PIR_unconfigured_pin 0070                     ??_test_PIR_toggle_motion_fast 0074  
                                        __ptext10 0414                                          __ptext11 0293  
                                        __ptext20 01EE                                          __ptext12 030B  
                                        __ptext21 0216                                          __ptext13 01D8  
                                        __ptext22 0349                                          __ptext14 01FE  
                                        __ptext23 01E8                                          __ptext15 01D4  
                                        __ptext24 01E2                                          __ptext16 01F5  
                                        __ptext25 01DC                                          __ptext17 0225  
                                        __ptext18 01D0                                          __ptext19 024B  
                 test_PIR_toggle_short_spike@res1 0076                   test_PIR_toggle_short_spike@res2 0078  
                 test_PIR_toggle_short_spike@res3 007A                __end_of_test_PIR_continuous_motion 0446  
                      _test_PIR_continuous_motion 0414                                   _UART_SendString 030B  
                         ?_EUSART_SetErrorHandler 0070                     ??_test_PIR_toggle_short_spike 0074  
   EUSART_SetOverrunErrorHandler@interruptHandler 0070                                       _PIRPORTInit 01D4  
           __end_of_EUSART_SetFramingErrorHandler 01E8                     _EUSART_SetFramingErrorHandler 01E2  
                                  __pstringtext10 03B7                                    __pstringtext11 038B  
                                  __pstringtext12 032A                                    __pstringtext13 0238  
                                  __pstringtext14 0208                                    __pstringtext15 0000  
                                ??_CheckPIRSensor 0070                    __end_of_EUSART_SetErrorHandler 01E2  
   EUSART_SetFramingErrorHandler@interruptHandler 0070                                     __pstringtext1 063F  
                                   __pstringtext2 05F7                                     __pstringtext3 05B0  
                                   __pstringtext4 056A                                     __pstringtext5 052A  
                                   __pstringtext6 04EE                                     __pstringtext7 04B2  
                                   __pstringtext8 0478                                     __pstringtext9 03E3  
                         __end_of_UART_SendString 032A                        ??_test_PIR_motion_detected 0074  
                              EUSART_Write@txData 0070                           ??_test_no_PIR_connected 0074  
