

Microchip MPLAB XC8 Assembler V3.00 build 20241204225717 
                                                                                               Sat Jul 26 09:57:36 2025

Microchip MPLAB XC8 C Compiler v3.00 (Free license) build 20241204225717 Og1 
     1                           	processor	12F1572
     2                           	pagewidth 120
     3                           	opt	flic
     4                           	psect	nvCOMMON,global,class=COMMON,space=1,delta=1,noexec
     5                           	psect	nvBANK0,global,class=BANK0,space=1,delta=1,noexec
     6                           	psect	stringtext1,global,class=STRCODE,space=0,delta=2,noexec
     7                           	psect	stringtext2,global,class=STRCODE,space=0,delta=2,noexec
     8                           	psect	stringtext3,global,class=STRCODE,space=0,delta=2,noexec
     9                           	psect	stringtext4,global,class=STRCODE,space=0,delta=2,noexec
    10                           	psect	stringtext5,global,class=STRCODE,space=0,delta=2,noexec
    11                           	psect	stringtext6,global,class=STRCODE,space=0,delta=2,noexec
    12                           	psect	stringtext7,global,class=STRCODE,space=0,delta=2,noexec
    13                           	psect	stringtext8,global,class=STRCODE,space=0,delta=2,noexec
    14                           	psect	stringtext9,global,class=STRCODE,space=0,delta=2,noexec
    15                           	psect	stringtext10,global,class=STRCODE,space=0,delta=2,noexec
    16                           	psect	stringtext11,global,class=STRCODE,space=0,delta=2,noexec
    17                           	psect	stringtext12,global,class=STRCODE,space=0,delta=2,noexec
    18                           	psect	stringtext13,global,class=STRCODE,space=0,delta=2,noexec
    19                           	psect	stringtext14,global,class=STRCODE,space=0,delta=2,noexec
    20                           	psect	stringtext15,global,class=STRCODE,space=0,delta=2,noexec
    21                           	psect	cinit,global,class=CODE,space=0,merge=1,delta=2
    22                           	psect	bssCOMMON,global,class=COMMON,space=1,delta=1,noexec
    23                           	psect	cstackCOMMON,global,class=COMMON,space=1,delta=1,noexec
    24                           	psect	maintext,global,class=CODE,space=0,merge=1,split=1,delta=2
    25                           	psect	text1,local,class=CODE,space=0,merge=1,delta=2
    26                           	psect	text2,local,class=CODE,space=0,merge=1,delta=2
    27                           	psect	text3,local,class=CODE,space=0,merge=1,delta=2
    28                           	psect	text4,local,class=CODE,space=0,merge=1,delta=2
    29                           	psect	text5,local,class=CODE,space=0,merge=1,delta=2
    30                           	psect	text6,local,class=CODE,space=0,merge=1,delta=2
    31                           	psect	text7,local,class=CODE,space=0,merge=1,delta=2
    32                           	psect	text8,local,class=CODE,space=0,merge=1,delta=2
    33                           	psect	text9,local,class=CODE,space=0,merge=1,delta=2
    34                           	psect	text10,local,class=CODE,space=0,merge=1,delta=2
    35                           	psect	text11,local,class=CODE,space=0,merge=1,delta=2
    36                           	psect	text12,local,class=CODE,space=0,merge=1,delta=2
    37                           	psect	text13,local,class=CODE,space=0,merge=1,delta=2
    38                           	psect	text14,local,class=CODE,space=0,merge=1,delta=2
    39                           	psect	text15,local,class=CODE,space=0,merge=1,delta=2
    40                           	psect	text16,local,class=CODE,space=0,merge=1,delta=2
    41                           	psect	text17,local,class=CODE,space=0,merge=1,delta=2
    42                           	psect	text18,local,class=CODE,space=0,merge=1,delta=2
    43                           	psect	text19,local,class=CODE,space=0,merge=1,delta=2
    44                           	psect	text20,local,class=CODE,space=0,merge=1,delta=2
    45                           	psect	text21,local,class=CODE,space=0,merge=1,delta=2
    46                           	psect	text22,local,class=CODE,space=0,merge=1,delta=2
    47                           	psect	text23,local,class=CODE,space=0,merge=1,delta=2
    48                           	psect	text24,local,class=CODE,space=0,merge=1,delta=2
    49                           	psect	text25,local,class=CODE,space=0,merge=1,delta=2
    50                           	psect	text26,local,class=CODE,space=0,merge=1,delta=2
    51                           	psect	idloc,global,abs,ovrld,class=IDLOC,space=5,delta=2,noexec
    52                           	psect	config,global,abs,ovrld,class=CONFIG,space=4,delta=2,noexec
    53                           	dabs	1,0x7E,2
    54     0000                     
    55                           ; Version 2.40
    56                           ; Generated 17/11/2021 GMT
    57                           ; 
    58                           ; Copyright © 2021, Microchip Technology Inc. and its subsidiaries ("Microchip")
    59                           ; All rights reserved.
    60                           ; 
    61                           ; This software is developed by Microchip Technology Inc. and its subsidiaries ("Microch
      +                          ip").
    62                           ; 
    63                           ; Redistribution and use in source and binary forms, with or without modification, are
    64                           ; permitted provided that the following conditions are met:
    65                           ; 
    66                           ;     1. Redistributions of source code must retain the above copyright notice, this lis
      +                          t of
    67                           ;        conditions and the following disclaimer.
    68                           ; 
    69                           ;     2. Redistributions in binary form must reproduce the above copyright notice, this 
      +                          list
    70                           ;        of conditions and the following disclaimer in the documentation and/or other
    71                           ;        materials provided with the distribution. Publication is not required when
    72                           ;        this file is used in an embedded application.
    73                           ; 
    74                           ;     3. Microchip's name may not be used to endorse or promote products derived from th
      +                          is
    75                           ;        software without specific prior written permission.
    76                           ; 
    77                           ; THIS SOFTWARE IS PROVIDED BY MICROCHIP "AS IS" AND ANY EXPRESS OR IMPLIED WARRANTIES,
    78                           ; INCLUDING, BUT NOT LIMITED TO, THE IMPLIED WARRANTIES OF MERCHANTABILITY AND FITNESS F
      +                          OR
    79                           ; PURPOSE ARE DISCLAIMED.  IN NO EVENT SHALL MICROCHIP BE LIABLE FOR ANY DIRECT, INDIREC
      +                          T,
    80                           ; INCIDENTAL, SPECIAL, EXEMPLARY, OR CONSEQUENTIAL DAMAGES (INCLUDING BUT NOT LIMITED TO
    81                           ; PROCUREMENT OF SUBSTITUTE GOODS OR SERVICES; LOSS OF USE, DATA OR PROFITS; OR BUSINESS
    82                           ; INTERRUPTION) HOWSOEVER CAUSED AND ON ANY THEORY OF LIABILITY, WHETHER IN CONTRACT, ST
      +                          RICT
    83                           ; LIABILITY, OR TORT (INCLUDING NEGLIGENCE OR OTHERWISE) ARISING IN ANY WAY OUT OF THE U
      +                          SE OF
    84                           ; THIS SOFTWARE, EVEN IF ADVISED OF THE POSSIBILITY OF SUCH DAMAGE.
    85                           ; 
    86                           ; 
    87                           ; Code-generator required, PIC12F1572 Definitions
    88                           ; 
    89                           ; SFR Addresses
    90     0008                     bsr             equ	8
    91     0005                     fsr0h           equ	5
    92     0004                     fsr0l           equ	4
    93     0007                     fsr1h           equ	7
    94     0006                     fsr1l           equ	6
    95     0000                     indf            equ	0
    96     0000                     indf0           equ	0
    97     0001                     indf1           equ	1
    98     000B                     intcon          equ	11
    99     0002                     pc              equ	2
   100     0002                     pcl             equ	2
   101     000A                     pclath          equ	10
   102     0003                     status          equ	3
   103     0009                     wreg            equ	9
   104     0000                     INDF0           equ	0	;# 
   105     0001                     INDF1           equ	1	;# 
   106     0002                     PCL             equ	2	;# 
   107     0003                     STATUS          equ	3	;# 
   108     0004                     FSR0L           equ	4	;# 
   109     0005                     FSR0H           equ	5	;# 
   110     0006                     FSR1L           equ	6	;# 
   111     0007                     FSR1H           equ	7	;# 
   112     0008                     BSR             equ	8	;# 
   113     0009                     WREG            equ	9	;# 
   114     000A                     PCLATH          equ	10	;# 
   115     000B                     INTCON          equ	11	;# 
   116     000C                     PORTA           equ	12	;# 
   117     0011                     PIR1            equ	17	;# 
   118     0012                     PIR2            equ	18	;# 
   119     0013                     PIR3            equ	19	;# 
   120     0015                     TMR0            equ	21	;# 
   121     0016                     TMR1            equ	22	;# 
   122     0016                     TMR1L           equ	22	;# 
   123     0017                     TMR1H           equ	23	;# 
   124     0018                     T1CON           equ	24	;# 
   125     0019                     T1GCON          equ	25	;# 
   126     001A                     TMR2            equ	26	;# 
   127     001B                     PR2             equ	27	;# 
   128     001C                     T2CON           equ	28	;# 
   129     008C                     TRISA           equ	140	;# 
   130     0091                     PIE1            equ	145	;# 
   131     0092                     PIE2            equ	146	;# 
   132     0093                     PIE3            equ	147	;# 
   133     0095                     OPTION_REG      equ	149	;# 
   134     0096                     PCON            equ	150	;# 
   135     0097                     WDTCON          equ	151	;# 
   136     0098                     OSCTUNE         equ	152	;# 
   137     0099                     OSCCON          equ	153	;# 
   138     009A                     OSCSTAT         equ	154	;# 
   139     009B                     ADRES           equ	155	;# 
   140     009B                     ADRESL          equ	155	;# 
   141     009C                     ADRESH          equ	156	;# 
   142     009D                     ADCON0          equ	157	;# 
   143     009E                     ADCON1          equ	158	;# 
   144     009F                     ADCON2          equ	159	;# 
   145     010C                     LATA            equ	268	;# 
   146     0111                     CM1CON0         equ	273	;# 
   147     0112                     CM1CON1         equ	274	;# 
   148     0115                     CMOUT           equ	277	;# 
   149     0116                     BORCON          equ	278	;# 
   150     0117                     FVRCON          equ	279	;# 
   151     0118                     DACCON0         equ	280	;# 
   152     0119                     DACCON1         equ	281	;# 
   153     011D                     APFCON          equ	285	;# 
   154     011D                     APFCON0         equ	285	;# 
   155     018C                     ANSELA          equ	396	;# 
   156     0191                     PMADR           equ	401	;# 
   157     0191                     PMADRL          equ	401	;# 
   158     0192                     PMADRH          equ	402	;# 
   159     0193                     PMDAT           equ	403	;# 
   160     0193                     PMDATL          equ	403	;# 
   161     0194                     PMDATH          equ	404	;# 
   162     0195                     PMCON1          equ	405	;# 
   163     0196                     PMCON2          equ	406	;# 
   164     0197                     VREGCON         equ	407	;# 
   165     0199                     RCREG           equ	409	;# 
   166     019A                     TXREG           equ	410	;# 
   167     019B                     SPBRG           equ	411	;# 
   168     019B                     SPBRGL          equ	411	;# 
   169     019C                     SPBRGH          equ	412	;# 
   170     019D                     RCSTA           equ	413	;# 
   171     019E                     TXSTA           equ	414	;# 
   172     019F                     BAUDCON         equ	415	;# 
   173     020C                     WPUA            equ	524	;# 
   174     028C                     ODCONA          equ	652	;# 
   175     030C                     SLRCONA         equ	780	;# 
   176     038C                     INLVLA          equ	908	;# 
   177     0391                     IOCAP           equ	913	;# 
   178     0392                     IOCAN           equ	914	;# 
   179     0393                     IOCAF           equ	915	;# 
   180     0691                     CWG1DBR         equ	1681	;# 
   181     0692                     CWG1DBF         equ	1682	;# 
   182     0693                     CWG1CON0        equ	1683	;# 
   183     0694                     CWG1CON1        equ	1684	;# 
   184     0695                     CWG1CON2        equ	1685	;# 
   185     0D8E                     PWMEN           equ	3470	;# 
   186     0D8F                     PWMLD           equ	3471	;# 
   187     0D90                     PWMOUT          equ	3472	;# 
   188     0D91                     PWM1PH          equ	3473	;# 
   189     0D91                     PWM1PHL         equ	3473	;# 
   190     0D92                     PWM1PHH         equ	3474	;# 
   191     0D93                     PWM1DC          equ	3475	;# 
   192     0D93                     PWM1DCL         equ	3475	;# 
   193     0D94                     PWM1DCH         equ	3476	;# 
   194     0D95                     PWM1PR          equ	3477	;# 
   195     0D95                     PWM1PRL         equ	3477	;# 
   196     0D96                     PWM1PRH         equ	3478	;# 
   197     0D97                     PWM1OF          equ	3479	;# 
   198     0D97                     PWM1OFL         equ	3479	;# 
   199     0D98                     PWM1OFH         equ	3480	;# 
   200     0D99                     PWM1TMR         equ	3481	;# 
   201     0D99                     PWM1TMRL        equ	3481	;# 
   202     0D9A                     PWM1TMRH        equ	3482	;# 
   203     0D9B                     PWM1CON         equ	3483	;# 
   204     0D9C                     PWM1INTE        equ	3484	;# 
   205     0D9C                     PWM1INTCON      equ	3484	;# 
   206     0D9D                     PWM1INTF        equ	3485	;# 
   207     0D9D                     PWM1INTFLG      equ	3485	;# 
   208     0D9E                     PWM1CLKCON      equ	3486	;# 
   209     0D9F                     PWM1LDCON       equ	3487	;# 
   210     0DA0                     PWM1OFCON       equ	3488	;# 
   211     0DA1                     PWM2PH          equ	3489	;# 
   212     0DA1                     PWM2PHL         equ	3489	;# 
   213     0DA2                     PWM2PHH         equ	3490	;# 
   214     0DA3                     PWM2DC          equ	3491	;# 
   215     0DA3                     PWM2DCL         equ	3491	;# 
   216     0DA4                     PWM2DCH         equ	3492	;# 
   217     0DA5                     PWM2PR          equ	3493	;# 
   218     0DA5                     PWM2PRL         equ	3493	;# 
   219     0DA6                     PWM2PRH         equ	3494	;# 
   220     0DA7                     PWM2OF          equ	3495	;# 
   221     0DA7                     PWM2OFL         equ	3495	;# 
   222     0DA8                     PWM2OFH         equ	3496	;# 
   223     0DA9                     PWM2TMR         equ	3497	;# 
   224     0DA9                     PWM2TMRL        equ	3497	;# 
   225     0DAA                     PWM2TMRH        equ	3498	;# 
   226     0DAB                     PWM2CON         equ	3499	;# 
   227     0DAC                     PWM2INTE        equ	3500	;# 
   228     0DAC                     PWM2INTCON      equ	3500	;# 
   229     0DAD                     PWM2INTF        equ	3501	;# 
   230     0DAD                     PWM2INTFLG      equ	3501	;# 
   231     0DAE                     PWM2CLKCON      equ	3502	;# 
   232     0DAF                     PWM2LDCON       equ	3503	;# 
   233     0DB0                     PWM2OFCON       equ	3504	;# 
   234     0DB1                     PWM3PH          equ	3505	;# 
   235     0DB1                     PWM3PHL         equ	3505	;# 
   236     0DB2                     PWM3PHH         equ	3506	;# 
   237     0DB3                     PWM3DC          equ	3507	;# 
   238     0DB3                     PWM3DCL         equ	3507	;# 
   239     0DB4                     PWM3DCH         equ	3508	;# 
   240     0DB5                     PWM3PR          equ	3509	;# 
   241     0DB5                     PWM3PRL         equ	3509	;# 
   242     0DB6                     PWM3PRH         equ	3510	;# 
   243     0DB7                     PWM3OF          equ	3511	;# 
   244     0DB7                     PWM3OFL         equ	3511	;# 
   245     0DB8                     PWM3OFH         equ	3512	;# 
   246     0DB9                     PWM3TMR         equ	3513	;# 
   247     0DB9                     PWM3TMRL        equ	3513	;# 
   248     0DBA                     PWM3TMRH        equ	3514	;# 
   249     0DBB                     PWM3CON         equ	3515	;# 
   250     0DBC                     PWM3INTE        equ	3516	;# 
   251     0DBC                     PWM3INTCON      equ	3516	;# 
   252     0DBD                     PWM3INTF        equ	3517	;# 
   253     0DBD                     PWM3INTFLG      equ	3517	;# 
   254     0DBE                     PWM3CLKCON      equ	3518	;# 
   255     0DBF                     PWM3LDCON       equ	3519	;# 
   256     0DC0                     PWM3OFCON       equ	3520	;# 
   257     0FE4                     STATUS_SHAD     equ	4068	;# 
   258     0FE5                     WREG_SHAD       equ	4069	;# 
   259     0FE6                     BSR_SHAD        equ	4070	;# 
   260     0FE7                     PCLATH_SHAD     equ	4071	;# 
   261     0FE8                     FSR0_SHAD       equ	4072	;# 
   262     0FE8                     FSR0L_SHAD      equ	4072	;# 
   263     0FE9                     FSR0H_SHAD      equ	4073	;# 
   264     0FEA                     FSR1_SHAD       equ	4074	;# 
   265     0FEA                     FSR1L_SHAD      equ	4074	;# 
   266     0FEB                     FSR1H_SHAD      equ	4075	;# 
   267     0FED                     STKPTR          equ	4077	;# 
   268     0FEE                     TOS             equ	4078	;# 
   269     0FEE                     TOSL            equ	4078	;# 
   270     0FEF                     TOSH            equ	4079	;# 
   271     0000                     INDF0           equ	0	;# 
   272     0001                     INDF1           equ	1	;# 
   273     0002                     PCL             equ	2	;# 
   274     0003                     STATUS          equ	3	;# 
   275     0004                     FSR0L           equ	4	;# 
   276     0005                     FSR0H           equ	5	;# 
   277     0006                     FSR1L           equ	6	;# 
   278     0007                     FSR1H           equ	7	;# 
   279     0008                     BSR             equ	8	;# 
   280     0009                     WREG            equ	9	;# 
   281     000A                     PCLATH          equ	10	;# 
   282     000B                     INTCON          equ	11	;# 
   283     000C                     PORTA           equ	12	;# 
   284     0011                     PIR1            equ	17	;# 
   285     0012                     PIR2            equ	18	;# 
   286     0013                     PIR3            equ	19	;# 
   287     0015                     TMR0            equ	21	;# 
   288     0016                     TMR1            equ	22	;# 
   289     0016                     TMR1L           equ	22	;# 
   290     0017                     TMR1H           equ	23	;# 
   291     0018                     T1CON           equ	24	;# 
   292     0019                     T1GCON          equ	25	;# 
   293     001A                     TMR2            equ	26	;# 
   294     001B                     PR2             equ	27	;# 
   295     001C                     T2CON           equ	28	;# 
   296     008C                     TRISA           equ	140	;# 
   297     0091                     PIE1            equ	145	;# 
   298     0092                     PIE2            equ	146	;# 
   299     0093                     PIE3            equ	147	;# 
   300     0095                     OPTION_REG      equ	149	;# 
   301     0096                     PCON            equ	150	;# 
   302     0097                     WDTCON          equ	151	;# 
   303     0098                     OSCTUNE         equ	152	;# 
   304     0099                     OSCCON          equ	153	;# 
   305     009A                     OSCSTAT         equ	154	;# 
   306     009B                     ADRES           equ	155	;# 
   307     009B                     ADRESL          equ	155	;# 
   308     009C                     ADRESH          equ	156	;# 
   309     009D                     ADCON0          equ	157	;# 
   310     009E                     ADCON1          equ	158	;# 
   311     009F                     ADCON2          equ	159	;# 
   312     010C                     LATA            equ	268	;# 
   313     0111                     CM1CON0         equ	273	;# 
   314     0112                     CM1CON1         equ	274	;# 
   315     0115                     CMOUT           equ	277	;# 
   316     0116                     BORCON          equ	278	;# 
   317     0117                     FVRCON          equ	279	;# 
   318     0118                     DACCON0         equ	280	;# 
   319     0119                     DACCON1         equ	281	;# 
   320     011D                     APFCON          equ	285	;# 
   321     011D                     APFCON0         equ	285	;# 
   322     018C                     ANSELA          equ	396	;# 
   323     0191                     PMADR           equ	401	;# 
   324     0191                     PMADRL          equ	401	;# 
   325     0192                     PMADRH          equ	402	;# 
   326     0193                     PMDAT           equ	403	;# 
   327     0193                     PMDATL          equ	403	;# 
   328     0194                     PMDATH          equ	404	;# 
   329     0195                     PMCON1          equ	405	;# 
   330     0196                     PMCON2          equ	406	;# 
   331     0197                     VREGCON         equ	407	;# 
   332     0199                     RCREG           equ	409	;# 
   333     019A                     TXREG           equ	410	;# 
   334     019B                     SPBRG           equ	411	;# 
   335     019B                     SPBRGL          equ	411	;# 
   336     019C                     SPBRGH          equ	412	;# 
   337     019D                     RCSTA           equ	413	;# 
   338     019E                     TXSTA           equ	414	;# 
   339     019F                     BAUDCON         equ	415	;# 
   340     020C                     WPUA            equ	524	;# 
   341     028C                     ODCONA          equ	652	;# 
   342     030C                     SLRCONA         equ	780	;# 
   343     038C                     INLVLA          equ	908	;# 
   344     0391                     IOCAP           equ	913	;# 
   345     0392                     IOCAN           equ	914	;# 
   346     0393                     IOCAF           equ	915	;# 
   347     0691                     CWG1DBR         equ	1681	;# 
   348     0692                     CWG1DBF         equ	1682	;# 
   349     0693                     CWG1CON0        equ	1683	;# 
   350     0694                     CWG1CON1        equ	1684	;# 
   351     0695                     CWG1CON2        equ	1685	;# 
   352     0D8E                     PWMEN           equ	3470	;# 
   353     0D8F                     PWMLD           equ	3471	;# 
   354     0D90                     PWMOUT          equ	3472	;# 
   355     0D91                     PWM1PH          equ	3473	;# 
   356     0D91                     PWM1PHL         equ	3473	;# 
   357     0D92                     PWM1PHH         equ	3474	;# 
   358     0D93                     PWM1DC          equ	3475	;# 
   359     0D93                     PWM1DCL         equ	3475	;# 
   360     0D94                     PWM1DCH         equ	3476	;# 
   361     0D95                     PWM1PR          equ	3477	;# 
   362     0D95                     PWM1PRL         equ	3477	;# 
   363     0D96                     PWM1PRH         equ	3478	;# 
   364     0D97                     PWM1OF          equ	3479	;# 
   365     0D97                     PWM1OFL         equ	3479	;# 
   366     0D98                     PWM1OFH         equ	3480	;# 
   367     0D99                     PWM1TMR         equ	3481	;# 
   368     0D99                     PWM1TMRL        equ	3481	;# 
   369     0D9A                     PWM1TMRH        equ	3482	;# 
   370     0D9B                     PWM1CON         equ	3483	;# 
   371     0D9C                     PWM1INTE        equ	3484	;# 
   372     0D9C                     PWM1INTCON      equ	3484	;# 
   373     0D9D                     PWM1INTF        equ	3485	;# 
   374     0D9D                     PWM1INTFLG      equ	3485	;# 
   375     0D9E                     PWM1CLKCON      equ	3486	;# 
   376     0D9F                     PWM1LDCON       equ	3487	;# 
   377     0DA0                     PWM1OFCON       equ	3488	;# 
   378     0DA1                     PWM2PH          equ	3489	;# 
   379     0DA1                     PWM2PHL         equ	3489	;# 
   380     0DA2                     PWM2PHH         equ	3490	;# 
   381     0DA3                     PWM2DC          equ	3491	;# 
   382     0DA3                     PWM2DCL         equ	3491	;# 
   383     0DA4                     PWM2DCH         equ	3492	;# 
   384     0DA5                     PWM2PR          equ	3493	;# 
   385     0DA5                     PWM2PRL         equ	3493	;# 
   386     0DA6                     PWM2PRH         equ	3494	;# 
   387     0DA7                     PWM2OF          equ	3495	;# 
   388     0DA7                     PWM2OFL         equ	3495	;# 
   389     0DA8                     PWM2OFH         equ	3496	;# 
   390     0DA9                     PWM2TMR         equ	3497	;# 
   391     0DA9                     PWM2TMRL        equ	3497	;# 
   392     0DAA                     PWM2TMRH        equ	3498	;# 
   393     0DAB                     PWM2CON         equ	3499	;# 
   394     0DAC                     PWM2INTE        equ	3500	;# 
   395     0DAC                     PWM2INTCON      equ	3500	;# 
   396     0DAD                     PWM2INTF        equ	3501	;# 
   397     0DAD                     PWM2INTFLG      equ	3501	;# 
   398     0DAE                     PWM2CLKCON      equ	3502	;# 
   399     0DAF                     PWM2LDCON       equ	3503	;# 
   400     0DB0                     PWM2OFCON       equ	3504	;# 
   401     0DB1                     PWM3PH          equ	3505	;# 
   402     0DB1                     PWM3PHL         equ	3505	;# 
   403     0DB2                     PWM3PHH         equ	3506	;# 
   404     0DB3                     PWM3DC          equ	3507	;# 
   405     0DB3                     PWM3DCL         equ	3507	;# 
   406     0DB4                     PWM3DCH         equ	3508	;# 
   407     0DB5                     PWM3PR          equ	3509	;# 
   408     0DB5                     PWM3PRL         equ	3509	;# 
   409     0DB6                     PWM3PRH         equ	3510	;# 
   410     0DB7                     PWM3OF          equ	3511	;# 
   411     0DB7                     PWM3OFL         equ	3511	;# 
   412     0DB8                     PWM3OFH         equ	3512	;# 
   413     0DB9                     PWM3TMR         equ	3513	;# 
   414     0DB9                     PWM3TMRL        equ	3513	;# 
   415     0DBA                     PWM3TMRH        equ	3514	;# 
   416     0DBB                     PWM3CON         equ	3515	;# 
   417     0DBC                     PWM3INTE        equ	3516	;# 
   418     0DBC                     PWM3INTCON      equ	3516	;# 
   419     0DBD                     PWM3INTF        equ	3517	;# 
   420     0DBD                     PWM3INTFLG      equ	3517	;# 
   421     0DBE                     PWM3CLKCON      equ	3518	;# 
   422     0DBF                     PWM3LDCON       equ	3519	;# 
   423     0DC0                     PWM3OFCON       equ	3520	;# 
   424     0FE4                     STATUS_SHAD     equ	4068	;# 
   425     0FE5                     WREG_SHAD       equ	4069	;# 
   426     0FE6                     BSR_SHAD        equ	4070	;# 
   427     0FE7                     PCLATH_SHAD     equ	4071	;# 
   428     0FE8                     FSR0_SHAD       equ	4072	;# 
   429     0FE8                     FSR0L_SHAD      equ	4072	;# 
   430     0FE9                     FSR0H_SHAD      equ	4073	;# 
   431     0FEA                     FSR1_SHAD       equ	4074	;# 
   432     0FEA                     FSR1L_SHAD      equ	4074	;# 
   433     0FEB                     FSR1H_SHAD      equ	4075	;# 
   434     0FED                     STKPTR          equ	4077	;# 
   435     0FEE                     TOS             equ	4078	;# 
   436     0FEE                     TOSL            equ	4078	;# 
   437     0FEF                     TOSH            equ	4079	;# 
   438                           
   439 ;; Function _EUSART_DefaultFramingErrorHandler is unused but had its address taken
   440     0000                     _EUSART_DefaultFramingErrorHandler equ	0
   441                           
   442 ;; Function _EUSART_DefaultOverrunErrorHandler is unused but had its address taken
   443     0000                     _EUSART_DefaultOverrunErrorHandler equ	0
   444                           
   445 ;; Function _EUSART_DefaultErrorHandler is unused but had its address taken
   446     0000                     _EUSART_DefaultErrorHandler equ	0
   447                           
   448                           	psect	nvCOMMON
   449     0078                     __pnvCOMMON:
   450     0078                     _LDR2_Value:
   451     0078                     	ds	2
   452     007A                     _LDR1_Value:
   453     007A                     	ds	2
   454     007C                     _PIR_State:
   455     007C                     	ds	1
   456                           
   457                           	psect	nvBANK0
   458     0020                     __pnvBANK0:
   459     0020                     _EUSART_ErrorHandler:
   460     0020                     	ds	2
   461     0022                     _EUSART_OverrunErrorHandler:
   462     0022                     	ds	2
   463     0024                     _EUSART_FramingErrorHandler:
   464     0024                     	ds	2
   465     0011                     _PIR1bits       set	17
   466     000C                     _PORTAbits      set	12
   467     009D                     _ADCON0         set	157
   468     009F                     _ADCON2         set	159
   469     009E                     _ADCON1         set	158
   470     009B                     _ADRESL         set	155
   471     009C                     _ADRESH         set	156
   472     009D                     _ADCON0bits     set	157
   473     0098                     _OSCTUNE        set	152
   474     0099                     _OSCCON         set	153
   475     0095                     _OPTION_REGbits set	149
   476     008C                     _TRISAbits      set	140
   477     0116                     _BORCON         set	278
   478     011D                     _APFCON         set	285
   479     010C                     _LATAbits       set	268
   480     019A                     _TXREG          set	410
   481     0199                     _RCREG          set	409
   482     019D                     _RCSTAbits      set	413
   483     019E                     _TXSTAbits      set	414
   484     019C                     _SPBRGH         set	412
   485     019B                     _SPBRGL         set	411
   486     019E                     _TXSTA          set	414
   487     019D                     _RCSTA          set	413
   488     019F                     _BAUDCON        set	415
   489     018C                     _ANSELA         set	396
   490     020C                     _WPUA           set	524
   491     028C                     _ODCONA         set	652
   492     030C                     _SLRCONA        set	780
   493     038C                     _INLVLA         set	908
   494                           
   495                           	psect	stringtext1
   496     0710                     __pstringtext1:
   497     0710                     STR_11:
   498     0710  343F               	retlw	63	;'?'
   499     0711  3420               	retlw	32	;' '
   500     0712  3449               	retlw	73	;'I'
   501     0713  344E               	retlw	78	;'N'
   502     0714  3454               	retlw	84	;'T'
   503     0715  345F               	retlw	95	;'_'
   504     0716  3454               	retlw	84	;'T'
   505     0717  3443               	retlw	67	;'C'
   506     0718  345F               	retlw	95	;'_'
   507     0719  3430               	retlw	48	;'0'
   508     071A  3439               	retlw	57	;'9'
   509     071B  3420               	retlw	32	;' '
   510     071C  3450               	retlw	80	;'P'
   511     071D  3461               	retlw	97	;'a'
   512     071E  3473               	retlw	115	;'s'
   513     071F  3473               	retlw	115	;'s'
   514     0720  3465               	retlw	101	;'e'
   515     0721  3464               	retlw	100	;'d'
   516     0722  343A               	retlw	58	;':'
   517     0723  3420               	retlw	32	;' '
   518     0724  3449               	retlw	73	;'I'
   519     0725  346E               	retlw	110	;'n'
   520     0726  3474               	retlw	116	;'t'
   521     0727  3465               	retlw	101	;'e'
   522     0728  3472               	retlw	114	;'r'
   523     0729  346D               	retlw	109	;'m'
   524     072A  3469               	retlw	105	;'i'
   525     072B  3474               	retlw	116	;'t'
   526     072C  3474               	retlw	116	;'t'
   527     072D  3465               	retlw	101	;'e'
   528     072E  346E               	retlw	110	;'n'
   529     072F  3474               	retlw	116	;'t'
   530     0730  3420               	retlw	32	;' '
   531     0731  344D               	retlw	77	;'M'
   532     0732  346F               	retlw	111	;'o'
   533     0733  3474               	retlw	116	;'t'
   534     0734  3469               	retlw	105	;'i'
   535     0735  346F               	retlw	111	;'o'
   536     0736  346E               	retlw	110	;'n'
   537     0737  342F               	retlw	47	;'/'
   538     0738  3456               	retlw	86	;'V'
   539     0739  3461               	retlw	97	;'a'
   540     073A  3472               	retlw	114	;'r'
   541     073B  3479               	retlw	121	;'y'
   542     073C  3469               	retlw	105	;'i'
   543     073D  346E               	retlw	110	;'n'
   544     073E  3467               	retlw	103	;'g'
   545     073F  3420               	retlw	32	;' '
   546     0740  344C               	retlw	76	;'L'
   547     0741  3469               	retlw	105	;'i'
   548     0742  3467               	retlw	103	;'g'
   549     0743  3468               	retlw	104	;'h'
   550     0744  3474               	retlw	116	;'t'
   551     0745  340D               	retlw	13
   552     0746  3400               	retlw	0
   553                           
   554                           	psect	stringtext2
   555     06DE                     __pstringtext2:
   556     06DE                     STR_13:
   557     06DE  343F               	retlw	63	;'?'
   558     06DF  3420               	retlw	32	;' '
   559     06E0  3449               	retlw	73	;'I'
   560     06E1  344E               	retlw	78	;'N'
   561     06E2  3454               	retlw	84	;'T'
   562     06E3  345F               	retlw	95	;'_'
   563     06E4  3454               	retlw	84	;'T'
   564     06E5  3443               	retlw	67	;'C'
   565     06E6  345F               	retlw	95	;'_'
   566     06E7  3431               	retlw	49	;'1'
   567     06E8  3431               	retlw	49	;'1'
   568     06E9  3420               	retlw	32	;' '
   569     06EA  3450               	retlw	80	;'P'
   570     06EB  3461               	retlw	97	;'a'
   571     06EC  3473               	retlw	115	;'s'
   572     06ED  3473               	retlw	115	;'s'
   573     06EE  3465               	retlw	101	;'e'
   574     06EF  3464               	retlw	100	;'d'
   575     06F0  343A               	retlw	58	;':'
   576     06F1  3420               	retlw	32	;' '
   577     06F2  3452               	retlw	82	;'R'
   578     06F3  3465               	retlw	101	;'e'
   579     06F4  346C               	retlw	108	;'l'
   580     06F5  3461               	retlw	97	;'a'
   581     06F6  3479               	retlw	121	;'y'
   582     06F7  3420               	retlw	32	;' '
   583     06F8  344F               	retlw	79	;'O'
   584     06F9  3446               	retlw	70	;'F'
   585     06FA  3446               	retlw	70	;'F'
   586     06FB  3420               	retlw	32	;' '
   587     06FC  3461               	retlw	97	;'a'
   588     06FD  3466               	retlw	102	;'f'
   589     06FE  3474               	retlw	116	;'t'
   590     06FF  3465               	retlw	101	;'e'
   591     0700  3472               	retlw	114	;'r'
   592     0701  3420               	retlw	32	;' '
   593     0702  344D               	retlw	77	;'M'
   594     0703  346F               	retlw	111	;'o'
   595     0704  3474               	retlw	116	;'t'
   596     0705  3469               	retlw	105	;'i'
   597     0706  346F               	retlw	111	;'o'
   598     0707  346E               	retlw	110	;'n'
   599     0708  3420               	retlw	32	;' '
   600     0709  3453               	retlw	83	;'S'
   601     070A  3474               	retlw	116	;'t'
   602     070B  346F               	retlw	111	;'o'
   603     070C  3470               	retlw	112	;'p'
   604     070D  3473               	retlw	115	;'s'
   605     070E  340D               	retlw	13
   606     070F  3400               	retlw	0
   607                           
   608                           	psect	stringtext3
   609     067B                     __pstringtext3:
   610     067B                     STR_8:
   611     067B  343F               	retlw	63	;'?'
   612     067C  3420               	retlw	32	;' '
   613     067D  3449               	retlw	73	;'I'
   614     067E  344E               	retlw	78	;'N'
   615     067F  3454               	retlw	84	;'T'
   616     0680  345F               	retlw	95	;'_'
   617     0681  3454               	retlw	84	;'T'
   618     0682  3443               	retlw	67	;'C'
   619     0683  345F               	retlw	95	;'_'
   620     0684  3430               	retlw	48	;'0'
   621     0685  3436               	retlw	54	;'6'
   622     0686  3420               	retlw	32	;' '
   623     0687  3450               	retlw	80	;'P'
   624     0688  3461               	retlw	97	;'a'
   625     0689  3473               	retlw	115	;'s'
   626     068A  3473               	retlw	115	;'s'
   627     068B  3465               	retlw	101	;'e'
   628     068C  3464               	retlw	100	;'d'
   629     068D  343A               	retlw	58	;':'
   630     068E  3420               	retlw	32	;' '
   631     068F  3450               	retlw	80	;'P'
   632     0690  3449               	retlw	73	;'I'
   633     0691  3452               	retlw	82	;'R'
   634     0692  3420               	retlw	32	;' '
   635     0693  344E               	retlw	78	;'N'
   636     0694  346F               	retlw	111	;'o'
   637     0695  3469               	retlw	105	;'i'
   638     0696  3473               	retlw	115	;'s'
   639     0697  3465               	retlw	101	;'e'
   640     0698  3420               	retlw	32	;' '
   641     0699  3449               	retlw	73	;'I'
   642     069A  3467               	retlw	103	;'g'
   643     069B  346E               	retlw	110	;'n'
   644     069C  346F               	retlw	111	;'o'
   645     069D  3472               	retlw	114	;'r'
   646     069E  3465               	retlw	101	;'e'
   647     069F  3464               	retlw	100	;'d'
   648     06A0  3420               	retlw	32	;' '
   649     06A1  3469               	retlw	105	;'i'
   650     06A2  346E               	retlw	110	;'n'
   651     06A3  3420               	retlw	32	;' '
   652     06A4  3442               	retlw	66	;'B'
   653     06A5  3472               	retlw	114	;'r'
   654     06A6  3469               	retlw	105	;'i'
   655     06A7  3467               	retlw	103	;'g'
   656     06A8  3468               	retlw	104	;'h'
   657     06A9  3474               	retlw	116	;'t'
   658     06AA  340D               	retlw	13
   659     06AB  3400               	retlw	0
   660                           
   661                           	psect	stringtext4
   662     064D                     __pstringtext4:
   663     064D                     STR_10:
   664     064D  343F               	retlw	63	;'?'
   665     064E  3420               	retlw	32	;' '
   666     064F  3449               	retlw	73	;'I'
   667     0650  344E               	retlw	78	;'N'
   668     0651  3454               	retlw	84	;'T'
   669     0652  345F               	retlw	95	;'_'
   670     0653  3454               	retlw	84	;'T'
   671     0654  3443               	retlw	67	;'C'
   672     0655  345F               	retlw	95	;'_'
   673     0656  3430               	retlw	48	;'0'
   674     0657  3438               	retlw	56	;'8'
   675     0658  3420               	retlw	32	;' '
   676     0659  3450               	retlw	80	;'P'
   677     065A  3461               	retlw	97	;'a'
   678     065B  3473               	retlw	115	;'s'
   679     065C  3473               	retlw	115	;'s'
   680     065D  3465               	retlw	101	;'e'
   681     065E  3464               	retlw	100	;'d'
   682     065F  343A               	retlw	58	;':'
   683     0660  3420               	retlw	32	;' '
   684     0661  3442               	retlw	66	;'B'
   685     0662  346F               	retlw	111	;'o'
   686     0663  346F               	retlw	111	;'o'
   687     0664  3474               	retlw	116	;'t'
   688     0665  3420               	retlw	32	;' '
   689     0666  3477               	retlw	119	;'w'
   690     0667  342F               	retlw	47	;'/'
   691     0668  3420               	retlw	32	;' '
   692     0669  344E               	retlw	78	;'N'
   693     066A  346F               	retlw	111	;'o'
   694     066B  3420               	retlw	32	;' '
   695     066C  344D               	retlw	77	;'M'
   696     066D  346F               	retlw	111	;'o'
   697     066E  3474               	retlw	116	;'t'
   698     066F  3469               	retlw	105	;'i'
   699     0670  346F               	retlw	111	;'o'
   700     0671  346E               	retlw	110	;'n'
   701     0672  3420               	retlw	32	;' '
   702     0673  3426               	retlw	38	;'&'
   703     0674  3420               	retlw	32	;' '
   704     0675  3444               	retlw	68	;'D'
   705     0676  3461               	retlw	97	;'a'
   706     0677  3472               	retlw	114	;'r'
   707     0678  346B               	retlw	107	;'k'
   708     0679  340D               	retlw	13
   709     067A  3400               	retlw	0
   710                           
   711                           	psect	stringtext5
   712     05C6                     __pstringtext5:
   713     05C6                     STR_14:
   714     05C6  343F               	retlw	63	;'?'
   715     05C7  3420               	retlw	32	;' '
   716     05C8  3449               	retlw	73	;'I'
   717     05C9  344E               	retlw	78	;'N'
   718     05CA  3454               	retlw	84	;'T'
   719     05CB  345F               	retlw	95	;'_'
   720     05CC  3454               	retlw	84	;'T'
   721     05CD  3443               	retlw	67	;'C'
   722     05CE  345F               	retlw	95	;'_'
   723     05CF  3431               	retlw	49	;'1'
   724     05D0  3432               	retlw	50	;'2'
   725     05D1  3420               	retlw	32	;' '
   726     05D2  3450               	retlw	80	;'P'
   727     05D3  3461               	retlw	97	;'a'
   728     05D4  3473               	retlw	115	;'s'
   729     05D5  3473               	retlw	115	;'s'
   730     05D6  3465               	retlw	101	;'e'
   731     05D7  3464               	retlw	100	;'d'
   732     05D8  343A               	retlw	58	;':'
   733     05D9  3420               	retlw	32	;' '
   734     05DA  3452               	retlw	82	;'R'
   735     05DB  3461               	retlw	97	;'a'
   736     05DC  3470               	retlw	112	;'p'
   737     05DD  3469               	retlw	105	;'i'
   738     05DE  3464               	retlw	100	;'d'
   739     05DF  3420               	retlw	32	;' '
   740     05E0  3450               	retlw	80	;'P'
   741     05E1  3449               	retlw	73	;'I'
   742     05E2  3452               	retlw	82	;'R'
   743     05E3  3420               	retlw	32	;' '
   744     05E4  3426               	retlw	38	;'&'
   745     05E5  3420               	retlw	32	;' '
   746     05E6  344C               	retlw	76	;'L'
   747     05E7  3444               	retlw	68	;'D'
   748     05E8  3452               	retlw	82	;'R'
   749     05E9  3420               	retlw	32	;' '
   750     05EA  3454               	retlw	84	;'T'
   751     05EB  346F               	retlw	111	;'o'
   752     05EC  3467               	retlw	103	;'g'
   753     05ED  3467               	retlw	103	;'g'
   754     05EE  346C               	retlw	108	;'l'
   755     05EF  3465               	retlw	101	;'e'
   756     05F0  340D               	retlw	13
   757     05F1  3400               	retlw	0
   758                           
   759                           	psect	stringtext6
   760     059B                     __pstringtext6:
   761     059B                     STR_9:
   762     059B  343F               	retlw	63	;'?'
   763     059C  3420               	retlw	32	;' '
   764     059D  3449               	retlw	73	;'I'
   765     059E  344E               	retlw	78	;'N'
   766     059F  3454               	retlw	84	;'T'
   767     05A0  345F               	retlw	95	;'_'
   768     05A1  3454               	retlw	84	;'T'
   769     05A2  3443               	retlw	67	;'C'
   770     05A3  345F               	retlw	95	;'_'
   771     05A4  3430               	retlw	48	;'0'
   772     05A5  3437               	retlw	55	;'7'
   773     05A6  3420               	retlw	32	;' '
   774     05A7  3450               	retlw	80	;'P'
   775     05A8  3461               	retlw	97	;'a'
   776     05A9  3473               	retlw	115	;'s'
   777     05AA  3473               	retlw	115	;'s'
   778     05AB  3465               	retlw	101	;'e'
   779     05AC  3464               	retlw	100	;'d'
   780     05AD  343A               	retlw	58	;':'
   781     05AE  3420               	retlw	32	;' '
   782     05AF  3442               	retlw	66	;'B'
   783     05B0  346F               	retlw	111	;'o'
   784     05B1  346F               	retlw	111	;'o'
   785     05B2  3474               	retlw	116	;'t'
   786     05B3  3420               	retlw	32	;' '
   787     05B4  3477               	retlw	119	;'w'
   788     05B5  342F               	retlw	47	;'/'
   789     05B6  3420               	retlw	32	;' '
   790     05B7  344D               	retlw	77	;'M'
   791     05B8  346F               	retlw	111	;'o'
   792     05B9  3474               	retlw	116	;'t'
   793     05BA  3469               	retlw	105	;'i'
   794     05BB  346F               	retlw	111	;'o'
   795     05BC  346E               	retlw	110	;'n'
   796     05BD  3420               	retlw	32	;' '
   797     05BE  3426               	retlw	38	;'&'
   798     05BF  3420               	retlw	32	;' '
   799     05C0  3444               	retlw	68	;'D'
   800     05C1  3461               	retlw	97	;'a'
   801     05C2  3472               	retlw	114	;'r'
   802     05C3  346B               	retlw	107	;'k'
   803     05C4  340D               	retlw	13
   804     05C5  3400               	retlw	0
   805                           
   806                           	psect	stringtext7
   807     0571                     __pstringtext7:
   808     0571                     STR_7:
   809     0571  343F               	retlw	63	;'?'
   810     0572  3420               	retlw	32	;' '
   811     0573  3449               	retlw	73	;'I'
   812     0574  344E               	retlw	78	;'N'
   813     0575  3454               	retlw	84	;'T'
   814     0576  345F               	retlw	95	;'_'
   815     0577  3454               	retlw	84	;'T'
   816     0578  3443               	retlw	67	;'C'
   817     0579  345F               	retlw	95	;'_'
   818     057A  3430               	retlw	48	;'0'
   819     057B  3435               	retlw	53	;'5'
   820     057C  3420               	retlw	32	;' '
   821     057D  3450               	retlw	80	;'P'
   822     057E  3461               	retlw	97	;'a'
   823     057F  3473               	retlw	115	;'s'
   824     0580  3473               	retlw	115	;'s'
   825     0581  3465               	retlw	101	;'e'
   826     0582  3464               	retlw	100	;'d'
   827     0583  343A               	retlw	58	;':'
   828     0584  3420               	retlw	32	;' '
   829     0585  3452               	retlw	82	;'R'
   830     0586  3461               	retlw	97	;'a'
   831     0587  3470               	retlw	112	;'p'
   832     0588  3469               	retlw	105	;'i'
   833     0589  3464               	retlw	100	;'d'
   834     058A  3420               	retlw	32	;' '
   835     058B  344D               	retlw	77	;'M'
   836     058C  346F               	retlw	111	;'o'
   837     058D  3474               	retlw	116	;'t'
   838     058E  3469               	retlw	105	;'i'
   839     058F  346F               	retlw	111	;'o'
   840     0590  346E               	retlw	110	;'n'
   841     0591  3420               	retlw	32	;' '
   842     0592  3469               	retlw	105	;'i'
   843     0593  346E               	retlw	110	;'n'
   844     0594  3420               	retlw	32	;' '
   845     0595  3444               	retlw	68	;'D'
   846     0596  3461               	retlw	97	;'a'
   847     0597  3472               	retlw	114	;'r'
   848     0598  346B               	retlw	107	;'k'
   849     0599  340D               	retlw	13
   850     059A  3400               	retlw	0
   851                           
   852                           	psect	stringtext8
   853     0548                     __pstringtext8:
   854     0548                     STR_6:
   855     0548  343F               	retlw	63	;'?'
   856     0549  3420               	retlw	32	;' '
   857     054A  3449               	retlw	73	;'I'
   858     054B  344E               	retlw	78	;'N'
   859     054C  3454               	retlw	84	;'T'
   860     054D  345F               	retlw	95	;'_'
   861     054E  3454               	retlw	84	;'T'
   862     054F  3443               	retlw	67	;'C'
   863     0550  345F               	retlw	95	;'_'
   864     0551  3430               	retlw	48	;'0'
   865     0552  3434               	retlw	52	;'4'
   866     0553  3420               	retlw	32	;' '
   867     0554  3450               	retlw	80	;'P'
   868     0555  3461               	retlw	97	;'a'
   869     0556  3473               	retlw	115	;'s'
   870     0557  3473               	retlw	115	;'s'
   871     0558  3465               	retlw	101	;'e'
   872     0559  3464               	retlw	100	;'d'
   873     055A  343A               	retlw	58	;':'
   874     055B  3420               	retlw	32	;' '
   875     055C  344E               	retlw	78	;'N'
   876     055D  346F               	retlw	111	;'o'
   877     055E  3420               	retlw	32	;' '
   878     055F  344D               	retlw	77	;'M'
   879     0560  346F               	retlw	111	;'o'
   880     0561  3474               	retlw	116	;'t'
   881     0562  3469               	retlw	105	;'i'
   882     0563  346F               	retlw	111	;'o'
   883     0564  346E               	retlw	110	;'n'
   884     0565  3420               	retlw	32	;' '
   885     0566  3469               	retlw	105	;'i'
   886     0567  346E               	retlw	110	;'n'
   887     0568  3420               	retlw	32	;' '
   888     0569  3442               	retlw	66	;'B'
   889     056A  3472               	retlw	114	;'r'
   890     056B  3469               	retlw	105	;'i'
   891     056C  3467               	retlw	103	;'g'
   892     056D  3468               	retlw	104	;'h'
   893     056E  3474               	retlw	116	;'t'
   894     056F  340D               	retlw	13
   895     0570  3400               	retlw	0
   896                           
   897                           	psect	stringtext9
   898     0521                     __pstringtext9:
   899     0521                     STR_4:
   900     0521  343F               	retlw	63	;'?'
   901     0522  3420               	retlw	32	;' '
   902     0523  3449               	retlw	73	;'I'
   903     0524  344E               	retlw	78	;'N'
   904     0525  3454               	retlw	84	;'T'
   905     0526  345F               	retlw	95	;'_'
   906     0527  3454               	retlw	84	;'T'
   907     0528  3443               	retlw	67	;'C'
   908     0529  345F               	retlw	95	;'_'
   909     052A  3430               	retlw	48	;'0'
   910     052B  3432               	retlw	50	;'2'
   911     052C  3420               	retlw	32	;' '
   912     052D  3450               	retlw	80	;'P'
   913     052E  3461               	retlw	97	;'a'
   914     052F  3473               	retlw	115	;'s'
   915     0530  3473               	retlw	115	;'s'
   916     0531  3465               	retlw	101	;'e'
   917     0532  3464               	retlw	100	;'d'
   918     0533  343A               	retlw	58	;':'
   919     0534  3420               	retlw	32	;' '
   920     0535  344E               	retlw	78	;'N'
   921     0536  346F               	retlw	111	;'o'
   922     0537  3420               	retlw	32	;' '
   923     0538  344D               	retlw	77	;'M'
   924     0539  346F               	retlw	111	;'o'
   925     053A  3474               	retlw	116	;'t'
   926     053B  3469               	retlw	105	;'i'
   927     053C  346F               	retlw	111	;'o'
   928     053D  346E               	retlw	110	;'n'
   929     053E  3420               	retlw	32	;' '
   930     053F  3469               	retlw	105	;'i'
   931     0540  346E               	retlw	110	;'n'
   932     0541  3420               	retlw	32	;' '
   933     0542  3444               	retlw	68	;'D'
   934     0543  3461               	retlw	97	;'a'
   935     0544  3472               	retlw	114	;'r'
   936     0545  346B               	retlw	107	;'k'
   937     0546  340D               	retlw	13
   938     0547  3400               	retlw	0
   939                           
   940                           	psect	stringtext10
   941     04FB                     __pstringtext10:
   942     04FB                     STR_5:
   943     04FB  343F               	retlw	63	;'?'
   944     04FC  3420               	retlw	32	;' '
   945     04FD  3449               	retlw	73	;'I'
   946     04FE  344E               	retlw	78	;'N'
   947     04FF  3454               	retlw	84	;'T'
   948     0500  345F               	retlw	95	;'_'
   949     0501  3454               	retlw	84	;'T'
   950     0502  3443               	retlw	67	;'C'
   951     0503  345F               	retlw	95	;'_'
   952     0504  3430               	retlw	48	;'0'
   953     0505  3433               	retlw	51	;'3'
   954     0506  3420               	retlw	32	;' '
   955     0507  3450               	retlw	80	;'P'
   956     0508  3461               	retlw	97	;'a'
   957     0509  3473               	retlw	115	;'s'
   958     050A  3473               	retlw	115	;'s'
   959     050B  3465               	retlw	101	;'e'
   960     050C  3464               	retlw	100	;'d'
   961     050D  343A               	retlw	58	;':'
   962     050E  3420               	retlw	32	;' '
   963     050F  344D               	retlw	77	;'M'
   964     0510  346F               	retlw	111	;'o'
   965     0511  3474               	retlw	116	;'t'
   966     0512  3469               	retlw	105	;'i'
   967     0513  346F               	retlw	111	;'o'
   968     0514  346E               	retlw	110	;'n'
   969     0515  3420               	retlw	32	;' '
   970     0516  3469               	retlw	105	;'i'
   971     0517  346E               	retlw	110	;'n'
   972     0518  3420               	retlw	32	;' '
   973     0519  3442               	retlw	66	;'B'
   974     051A  3472               	retlw	114	;'r'
   975     051B  3469               	retlw	105	;'i'
   976     051C  3467               	retlw	103	;'g'
   977     051D  3468               	retlw	104	;'h'
   978     051E  3474               	retlw	116	;'t'
   979     051F  340D               	retlw	13
   980     0520  3400               	retlw	0
   981                           
   982                           	psect	stringtext11
   983     04D7                     __pstringtext11:
   984     04D7                     STR_3:
   985     04D7  343F               	retlw	63	;'?'
   986     04D8  3420               	retlw	32	;' '
   987     04D9  3449               	retlw	73	;'I'
   988     04DA  344E               	retlw	78	;'N'
   989     04DB  3454               	retlw	84	;'T'
   990     04DC  345F               	retlw	95	;'_'
   991     04DD  3454               	retlw	84	;'T'
   992     04DE  3443               	retlw	67	;'C'
   993     04DF  345F               	retlw	95	;'_'
   994     04E0  3430               	retlw	48	;'0'
   995     04E1  3431               	retlw	49	;'1'
   996     04E2  3420               	retlw	32	;' '
   997     04E3  3450               	retlw	80	;'P'
   998     04E4  3461               	retlw	97	;'a'
   999     04E5  3473               	retlw	115	;'s'
  1000     04E6  3473               	retlw	115	;'s'
  1001     04E7  3465               	retlw	101	;'e'
  1002     04E8  3464               	retlw	100	;'d'
  1003     04E9  343A               	retlw	58	;':'
  1004     04EA  3420               	retlw	32	;' '
  1005     04EB  344D               	retlw	77	;'M'
  1006     04EC  346F               	retlw	111	;'o'
  1007     04ED  3474               	retlw	116	;'t'
  1008     04EE  3469               	retlw	105	;'i'
  1009     04EF  346F               	retlw	111	;'o'
  1010     04F0  346E               	retlw	110	;'n'
  1011     04F1  3420               	retlw	32	;' '
  1012     04F2  3469               	retlw	105	;'i'
  1013     04F3  346E               	retlw	110	;'n'
  1014     04F4  3420               	retlw	32	;' '
  1015     04F5  3444               	retlw	68	;'D'
  1016     04F6  3461               	retlw	97	;'a'
  1017     04F7  3472               	retlw	114	;'r'
  1018     04F8  346B               	retlw	107	;'k'
  1019     04F9  340D               	retlw	13
  1020     04FA  3400               	retlw	0
  1021                           
  1022                           	psect	stringtext12
  1023     04B3                     __pstringtext12:
  1024     04B3                     STR_12:
  1025     04B3  343F               	retlw	63	;'?'
  1026     04B4  3420               	retlw	32	;' '
  1027     04B5  3449               	retlw	73	;'I'
  1028     04B6  344E               	retlw	78	;'N'
  1029     04B7  3454               	retlw	84	;'T'
  1030     04B8  345F               	retlw	95	;'_'
  1031     04B9  3454               	retlw	84	;'T'
  1032     04BA  3443               	retlw	67	;'C'
  1033     04BB  345F               	retlw	95	;'_'
  1034     04BC  3431               	retlw	49	;'1'
  1035     04BD  3430               	retlw	48	;'0'
  1036     04BE  3420               	retlw	32	;' '
  1037     04BF  3450               	retlw	80	;'P'
  1038     04C0  3461               	retlw	97	;'a'
  1039     04C1  3473               	retlw	115	;'s'
  1040     04C2  3473               	retlw	115	;'s'
  1041     04C3  3465               	retlw	101	;'e'
  1042     04C4  3464               	retlw	100	;'d'
  1043     04C5  343A               	retlw	58	;':'
  1044     04C6  3420               	retlw	32	;' '
  1045     04C7  344F               	retlw	79	;'O'
  1046     04C8  346E               	retlw	110	;'n'
  1047     04C9  3465               	retlw	101	;'e'
  1048     04CA  3420               	retlw	32	;' '
  1049     04CB  344C               	retlw	76	;'L'
  1050     04CC  3444               	retlw	68	;'D'
  1051     04CD  3452               	retlw	82	;'R'
  1052     04CE  3420               	retlw	32	;' '
  1053     04CF  3446               	retlw	70	;'F'
  1054     04D0  3461               	retlw	97	;'a'
  1055     04D1  3475               	retlw	117	;'u'
  1056     04D2  346C               	retlw	108	;'l'
  1057     04D3  3474               	retlw	116	;'t'
  1058     04D4  3479               	retlw	121	;'y'
  1059     04D5  340D               	retlw	13
  1060     04D6  3400               	retlw	0
  1061                           
  1062                           	psect	stringtext13
  1063     0355                     __pstringtext13:
  1064     0355                     STR_1:
  1065     0355  344D               	retlw	77	;'M'
  1066     0356  346F               	retlw	111	;'o'
  1067     0357  3474               	retlw	116	;'t'
  1068     0358  3469               	retlw	105	;'i'
  1069     0359  346F               	retlw	111	;'o'
  1070     035A  346E               	retlw	110	;'n'
  1071     035B  3420               	retlw	32	;' '
  1072     035C  3444               	retlw	68	;'D'
  1073     035D  3465               	retlw	101	;'e'
  1074     035E  3474               	retlw	116	;'t'
  1075     035F  3465               	retlw	101	;'e'
  1076     0360  3463               	retlw	99	;'c'
  1077     0361  3474               	retlw	116	;'t'
  1078     0362  3465               	retlw	101	;'e'
  1079     0363  3464               	retlw	100	;'d'
  1080     0364  3420               	retlw	32	;' '
  1081     0365  3469               	retlw	105	;'i'
  1082     0366  346E               	retlw	110	;'n'
  1083     0367  3420               	retlw	32	;' '
  1084     0368  3444               	retlw	68	;'D'
  1085     0369  3461               	retlw	97	;'a'
  1086     036A  3472               	retlw	114	;'r'
  1087     036B  346B               	retlw	107	;'k'
  1088     036C  340D               	retlw	13
  1089     036D  3400               	retlw	0
  1090                           
  1091                           	psect	stringtext14
  1092     0342                     __pstringtext14:
  1093     0342                     STR_2:
  1094     0342  3443               	retlw	67	;'C'
  1095     0343  346F               	retlw	111	;'o'
  1096     0344  346E               	retlw	110	;'n'
  1097     0345  3464               	retlw	100	;'d'
  1098     0346  3469               	retlw	105	;'i'
  1099     0347  3474               	retlw	116	;'t'
  1100     0348  3469               	retlw	105	;'i'
  1101     0349  346F               	retlw	111	;'o'
  1102     034A  346E               	retlw	110	;'n'
  1103     034B  3420               	retlw	32	;' '
  1104     034C  344E               	retlw	78	;'N'
  1105     034D  346F               	retlw	111	;'o'
  1106     034E  3474               	retlw	116	;'t'
  1107     034F  3420               	retlw	32	;' '
  1108     0350  344D               	retlw	77	;'M'
  1109     0351  3465               	retlw	101	;'e'
  1110     0352  3474               	retlw	116	;'t'
  1111     0353  340D               	retlw	13
  1112     0354  3400               	retlw	0
  1113                           
  1114                           	psect	stringtext15
  1115     0000                     __pstringtext15:
  1116                           
  1117                           	psect	cinit
  1118     07FD                     start_initialization:	
  1119                           ; #config settings
  1120                           
  1121     07FD                     __initialization:
  1122                           
  1123                           ; Clear objects allocated to COMMON
  1124     07FD  01FD               	clrf	__pbssCOMMON& (0+127)
  1125     07FE                     end_of_initialization:	
  1126                           ;End of C runtime variable initialization code
  1127                           
  1128     07FE                     __end_of__initialization:
  1129     07FE  0020               	movlb	0
  1130     07FF  2EAC               	ljmp	_main	;jump to C main() function
  1131                           
  1132                           	psect	bssCOMMON
  1133     007D                     __pbssCOMMON:
  1134     007D                     _eusartRxLastError:
  1135     007D                     	ds	1
  1136                           
  1137                           	psect	cstackCOMMON
  1138     0070                     __pcstackCOMMON:
  1139     0070                     ?_EUSART_Write:
  1140     0070                     ?_EUSART_is_tx_done:	
  1141                           ; 1 bytes @ 0x0
  1142                           
  1143     0070                     ?_EUSART_Initialize:	
  1144                           ; 1 bytes @ 0x0
  1145                           
  1146     0070                     ?_EUSART_SetFramingErrorHandler:	
  1147                           ; 1 bytes @ 0x0
  1148                           
  1149     0070                     ?_EUSART_SetOverrunErrorHandler:	
  1150                           ; 1 bytes @ 0x0
  1151                           
  1152     0070                     ?_EUSART_SetErrorHandler:	
  1153                           ; 1 bytes @ 0x0
  1154                           
  1155     0070                     ?_PORT_Initialize:	
  1156                           ; 1 bytes @ 0x0
  1157                           
  1158     0070                     ?_OSCILLATOR_Initialize:	
  1159                           ; 1 bytes @ 0x0
  1160                           
  1161     0070                     ?_ReadPIR:	
  1162                           ; 1 bytes @ 0x0
  1163                           
  1164     0070                     ?_ADC_Initialize:	
  1165                           ; 1 bytes @ 0x0
  1166                           
  1167     0070                     ?_evaluate_and_act:	
  1168                           ; 1 bytes @ 0x0
  1169                           
  1170     0070                     ?_test_INT_TC_01:	
  1171                           ; 1 bytes @ 0x0
  1172                           
  1173     0070                     ?_test_INT_TC_02:	
  1174                           ; 1 bytes @ 0x0
  1175                           
  1176     0070                     ?_test_INT_TC_03:	
  1177                           ; 1 bytes @ 0x0
  1178                           
  1179     0070                     ?_test_INT_TC_04:	
  1180                           ; 1 bytes @ 0x0
  1181                           
  1182     0070                     ?_test_INT_TC_05:	
  1183                           ; 1 bytes @ 0x0
  1184                           
  1185     0070                     ?_test_INT_TC_06:	
  1186                           ; 1 bytes @ 0x0
  1187                           
  1188     0070                     ?_test_INT_TC_07:	
  1189                           ; 1 bytes @ 0x0
  1190                           
  1191     0070                     ?_test_INT_TC_08:	
  1192                           ; 1 bytes @ 0x0
  1193                           
  1194     0070                     ?_test_INT_TC_09:	
  1195                           ; 1 bytes @ 0x0
  1196                           
  1197     0070                     ?_test_INT_TC_10:	
  1198                           ; 1 bytes @ 0x0
  1199                           
  1200     0070                     ?_test_INT_TC_11:	
  1201                           ; 1 bytes @ 0x0
  1202                           
  1203     0070                     ?_test_INT_TC_12:	
  1204                           ; 1 bytes @ 0x0
  1205                           
  1206     0070                     ?_ReadLDR1:	
  1207                           ; 1 bytes @ 0x0
  1208                           
  1209     0070                     ?_ReadLDR2:	
  1210                           ; 2 bytes @ 0x0
  1211                           
  1212     0070                     ?_main:	
  1213                           ; 2 bytes @ 0x0
  1214                           
  1215     0070                     EUSART_Write@txData:	
  1216                           ; 2 bytes @ 0x0
  1217                           
  1218     0070                     EUSART_SetFramingErrorHandler@interruptHandler:	
  1219                           ; 1 bytes @ 0x0
  1220                           
  1221     0070                     EUSART_SetOverrunErrorHandler@interruptHandler:	
  1222                           ; 2 bytes @ 0x0
  1223                           
  1224     0070                     EUSART_SetErrorHandler@interruptHandler:	
  1225                           ; 2 bytes @ 0x0
  1226                           
  1227     0070                     ??_EUSART_Write:	
  1228                           ; 2 bytes @ 0x0
  1229                           
  1230     0070                     ??_EUSART_is_tx_done:	
  1231                           ; 1 bytes @ 0x0
  1232                           
  1233     0070                     ??_PORT_Initialize:	
  1234                           ; 1 bytes @ 0x0
  1235                           
  1236     0070                     ??_OSCILLATOR_Initialize:	
  1237                           ; 1 bytes @ 0x0
  1238                           
  1239     0070                     ??_ReadPIR:	
  1240                           ; 1 bytes @ 0x0
  1241                           
  1242     0070                     ??_ADC_Initialize:	
  1243                           ; 1 bytes @ 0x0
  1244                           
  1245                           
  1246                           ; 1 bytes @ 0x0
  1247     0070                     	ds	1
  1248     0071                     ?_UART_SendString:
  1249     0071                     UART_SendString@str:	
  1250                           ; 1 bytes @ 0x1
  1251                           
  1252                           
  1253                           ; 2 bytes @ 0x1
  1254     0071                     	ds	1
  1255     0072                     ??_EUSART_Initialize:
  1256     0072                     ??_EUSART_SetFramingErrorHandler:	
  1257                           ; 1 bytes @ 0x2
  1258                           
  1259     0072                     ??_EUSART_SetOverrunErrorHandler:	
  1260                           ; 1 bytes @ 0x2
  1261                           
  1262     0072                     ??_EUSART_SetErrorHandler:	
  1263                           ; 1 bytes @ 0x2
  1264                           
  1265     0072                     ??_ReadLDR1:	
  1266                           ; 1 bytes @ 0x2
  1267                           
  1268     0072                     ??_ReadLDR2:	
  1269                           ; 1 bytes @ 0x2
  1270                           
  1271                           
  1272                           ; 1 bytes @ 0x2
  1273     0072                     	ds	1
  1274     0073                     ??_UART_SendString:
  1275                           
  1276                           ; 1 bytes @ 0x3
  1277     0073                     	ds	1
  1278     0074                     ??_evaluate_and_act:
  1279     0074                     ??_test_INT_TC_01:	
  1280                           ; 1 bytes @ 0x4
  1281                           
  1282     0074                     ??_test_INT_TC_02:	
  1283                           ; 1 bytes @ 0x4
  1284                           
  1285     0074                     ??_test_INT_TC_03:	
  1286                           ; 1 bytes @ 0x4
  1287                           
  1288     0074                     ??_test_INT_TC_04:	
  1289                           ; 1 bytes @ 0x4
  1290                           
  1291     0074                     ??_test_INT_TC_05:	
  1292                           ; 1 bytes @ 0x4
  1293                           
  1294     0074                     ??_test_INT_TC_06:	
  1295                           ; 1 bytes @ 0x4
  1296                           
  1297     0074                     ??_test_INT_TC_07:	
  1298                           ; 1 bytes @ 0x4
  1299                           
  1300     0074                     ??_test_INT_TC_08:	
  1301                           ; 1 bytes @ 0x4
  1302                           
  1303     0074                     ??_test_INT_TC_09:	
  1304                           ; 1 bytes @ 0x4
  1305                           
  1306     0074                     ??_test_INT_TC_10:	
  1307                           ; 1 bytes @ 0x4
  1308                           
  1309     0074                     ??_test_INT_TC_11:	
  1310                           ; 1 bytes @ 0x4
  1311                           
  1312     0074                     ??_test_INT_TC_12:	
  1313                           ; 1 bytes @ 0x4
  1314                           
  1315                           
  1316                           ; 1 bytes @ 0x4
  1317     0074                     	ds	2
  1318     0076                     test_INT_TC_09@i:
  1319     0076                     test_INT_TC_12@i:	
  1320                           ; 2 bytes @ 0x6
  1321                           
  1322                           
  1323                           ; 2 bytes @ 0x6
  1324     0076                     	ds	2
  1325     0078                     ??_main:
  1326                           
  1327                           	psect	maintext
  1328     06AC                     __pmaintext:	
  1329                           ; 1 bytes @ 0x8
  1330 ;;
  1331 ;;Main: autosize = 0, tempsize = 0, incstack = 0, save=0
  1332 ;;
  1333 ;; *************** function _main *****************
  1334 ;; Defined at:
  1335 ;;		line 268 in file "main.c"
  1336 ;; Parameters:    Size  Location     Type
  1337 ;;		None
  1338 ;; Auto vars:     Size  Location     Type
  1339 ;;		None
  1340 ;; Return value:  Size  Location     Type
  1341 ;;                  2  134[None  ] int 
  1342 ;; Registers used:
  1343 ;;		wreg, fsr0l, fsr0h, status,2, status,0, pclath, cstack
  1344 ;; Tracked objects:
  1345 ;;		On entry : B1F/0
  1346 ;;		On exit  : 0/0
  1347 ;;		Unchanged: 0/0
  1348 ;; Data sizes:     COMMON   BANK0   BANK1   BANK2
  1349 ;;      Params:         0       0       0       0
  1350 ;;      Locals:         0       0       0       0
  1351 ;;      Temps:          0       0       0       0
  1352 ;;      Totals:         0       0       0       0
  1353 ;;Total ram usage:        0 bytes
  1354 ;; Hardware stack levels required when called: 4
  1355 ;; This function calls:
  1356 ;;		_ADC_Initialize
  1357 ;;		_EUSART_Initialize
  1358 ;;		_OSCILLATOR_Initialize
  1359 ;;		_PORT_Initialize
  1360 ;;		_test_INT_TC_01
  1361 ;;		_test_INT_TC_02
  1362 ;;		_test_INT_TC_03
  1363 ;;		_test_INT_TC_04
  1364 ;;		_test_INT_TC_05
  1365 ;;		_test_INT_TC_06
  1366 ;;		_test_INT_TC_07
  1367 ;;		_test_INT_TC_08
  1368 ;;		_test_INT_TC_09
  1369 ;;		_test_INT_TC_10
  1370 ;;		_test_INT_TC_11
  1371 ;;		_test_INT_TC_12
  1372 ;; This function is called by:
  1373 ;;		Startup code after reset
  1374 ;; This function uses a non-reentrant model
  1375 ;;
  1376                           
  1377     06AC                     _main:	
  1378                           ;psect for function _main
  1379                           
  1380     06AC                     l1198:	
  1381                           ;incstack = 0
  1382                           ; Regs used in _main: [wreg-fsr0h+status,2+status,0+pclath+cstack]
  1383                           
  1384                           
  1385                           ;main.c: 270:     PORT_Initialize();
  1386     06AC  3183  236E  3186   	fcall	_PORT_Initialize
  1387                           
  1388                           ;main.c: 271:     ADC_Initialize();
  1389     06AF  3183  2313  3186   	fcall	_ADC_Initialize
  1390                           
  1391                           ;main.c: 272:     OSCILLATOR_Initialize();
  1392     06B2  3183  230C  3186   	fcall	_OSCILLATOR_Initialize
  1393     06B5                     l1200:
  1394                           
  1395                           ;main.c: 273:     EUSART_Initialize();
  1396     06B5  3184  2492  3186   	fcall	_EUSART_Initialize
  1397     06B8                     l1202:
  1398                           
  1399                           ;main.c: 276:                 test_INT_TC_01();
  1400     06B8  3183  238B  3186   	fcall	_test_INT_TC_01
  1401     06BB                     l1204:
  1402                           
  1403                           ;main.c: 277:                 test_INT_TC_02();
  1404     06BB  3183  23A8  3186   	fcall	_test_INT_TC_02
  1405     06BE                     l1206:
  1406                           
  1407                           ;main.c: 278:                 test_INT_TC_03();
  1408     06BE  3183  23C5  3186   	fcall	_test_INT_TC_03
  1409     06C1                     l1208:
  1410                           
  1411                           ;main.c: 279:                 test_INT_TC_04();
  1412     06C1  3183  23E2  3186   	fcall	_test_INT_TC_04
  1413     06C4                     l1210:
  1414                           
  1415                           ;main.c: 280:                 test_INT_TC_05();
  1416     06C4  3187  27BF  3186   	fcall	_test_INT_TC_05
  1417     06C7                     l1212:
  1418                           
  1419                           ;main.c: 281:                 test_INT_TC_06();
  1420     06C7  3183  23FF  3186   	fcall	_test_INT_TC_06
  1421     06CA                     l1214:
  1422                           
  1423                           ;main.c: 282:                 test_INT_TC_07();
  1424     06CA  3184  241C  3186   	fcall	_test_INT_TC_07
  1425     06CD                     l1216:
  1426                           
  1427                           ;main.c: 283:                 test_INT_TC_08();
  1428     06CD  3184  2439  3186   	fcall	_test_INT_TC_08
  1429     06D0                     l1218:
  1430                           
  1431                           ;main.c: 284:                 test_INT_TC_09();
  1432     06D0  3187  2747  3186   	fcall	_test_INT_TC_09
  1433     06D3                     l1220:
  1434                           
  1435                           ;main.c: 285:                 test_INT_TC_10();
  1436     06D3  3184  2456  3186   	fcall	_test_INT_TC_10
  1437     06D6                     l1222:
  1438                           
  1439                           ;main.c: 286:                 test_INT_TC_11();
  1440     06D6  3186  261F  3186   	fcall	_test_INT_TC_11
  1441     06D9                     l1224:
  1442                           
  1443                           ;main.c: 287:                 test_INT_TC_12();
  1444     06D9  3187  2783  3186   	fcall	_test_INT_TC_12
  1445     06DC                     l135:	
  1446                           ;main.c: 288:     while (1);
  1447                           
  1448     06DC                     l136:
  1449     06DC  2EDC               	goto	l135
  1450     06DD  2801               	ljmp	start
  1451     06DE                     __end_of_main:
  1452                           
  1453                           	psect	text1
  1454     0783                     __ptext1:	
  1455 ;; *************** function _test_INT_TC_12 *****************
  1456 ;; Defined at:
  1457 ;;		line 257 in file "main.c"
  1458 ;; Parameters:    Size  Location     Type
  1459 ;;		None
  1460 ;; Auto vars:     Size  Location     Type
  1461 ;;  i               2    6[COMMON] int 
  1462 ;; Return value:  Size  Location     Type
  1463 ;;                  1    wreg      void 
  1464 ;; Registers used:
  1465 ;;		wreg, fsr0l, fsr0h, status,2, status,0, pclath, cstack
  1466 ;; Tracked objects:
  1467 ;;		On entry : 0/0
  1468 ;;		On exit  : 0/0
  1469 ;;		Unchanged: 0/0
  1470 ;; Data sizes:     COMMON   BANK0   BANK1   BANK2
  1471 ;;      Params:         0       0       0       0
  1472 ;;      Locals:         2       0       0       0
  1473 ;;      Temps:          2       0       0       0
  1474 ;;      Totals:         4       0       0       0
  1475 ;;Total ram usage:        4 bytes
  1476 ;; Hardware stack levels used: 1
  1477 ;; Hardware stack levels required when called: 3
  1478 ;; This function calls:
  1479 ;;		_ReadLDR1
  1480 ;;		_ReadLDR2
  1481 ;;		_ReadPIR
  1482 ;;		_UART_SendString
  1483 ;;		_evaluate_and_act
  1484 ;; This function is called by:
  1485 ;;		_main
  1486 ;; This function uses a non-reentrant model
  1487 ;;
  1488                           
  1489     0783                     _test_INT_TC_12:	
  1490                           ;psect for function _test_INT_TC_12
  1491                           
  1492     0783                     l1168:	
  1493                           ;incstack = 0
  1494                           ; Regs used in _test_INT_TC_12: [wreg-fsr0h+status,2+status,0+pclath+cstack]
  1495                           
  1496                           
  1497                           ;main.c: 258:     for (int i = 0; i < 3; i++) {
  1498     0783  01F6               	clrf	test_INT_TC_12@i
  1499     0784  01F7               	clrf	test_INT_TC_12@i+1
  1500     0785                     l1174:
  1501                           
  1502                           ;main.c: 259:         LDR1_Value = ReadLDR1();
  1503     0785  3183  2326  3187   	fcall	_ReadLDR1
  1504     0788  0871               	movf	?_ReadLDR1+1,w
  1505     0789  00FB               	movwf	_LDR1_Value+1
  1506     078A  0870               	movf	?_ReadLDR1,w
  1507     078B  00FA               	movwf	_LDR1_Value
  1508                           
  1509                           ;main.c: 260:         LDR2_Value = ReadLDR2();
  1510     078C  3183  2333  3187   	fcall	_ReadLDR2
  1511     078F  0871               	movf	?_ReadLDR2+1,w
  1512     0790  00F9               	movwf	_LDR2_Value+1
  1513     0791  0870               	movf	?_ReadLDR2,w
  1514     0792  00F8               	movwf	_LDR2_Value
  1515                           
  1516                           ;main.c: 261:         PIR_State = ReadPIR();
  1517     0793  3182  22F5  3187   	fcall	_ReadPIR
  1518     0796  00FC               	movwf	_PIR_State
  1519     0797                     l1176:
  1520                           
  1521                           ;main.c: 262:         evaluate_and_act();
  1522     0797  3185  25F2  3187   	fcall	_evaluate_and_act
  1523     079A                     l1178:
  1524                           
  1525                           ;main.c: 263:         _delay((unsigned long)((300)*(4000000/4000.0)));
  1526     079A  3002               	movlw	2
  1527     079B  00F5               	movwf	??_test_INT_TC_12+1
  1528     079C  3086               	movlw	134
  1529     079D  00F4               	movwf	??_test_INT_TC_12
  1530     079E  3099               	movlw	153
  1531     079F                     u247:
  1532     079F  0B89               	decfsz	9,f
  1533     07A0  2F9F               	goto	u247
  1534     07A1  0BF4               	decfsz	??_test_INT_TC_12,f
  1535     07A2  2F9F               	goto	u247
  1536     07A3  0BF5               	decfsz	??_test_INT_TC_12+1,f
  1537     07A4  2F9F               	goto	u247
  1538     07A5  0000               	nop
  1539     07A6                     l1180:
  1540                           
  1541                           ;main.c: 264:     }
  1542     07A6  3001               	movlw	1
  1543     07A7  07F6               	addwf	test_INT_TC_12@i,f
  1544     07A8  3000               	movlw	0
  1545     07A9  3DF7               	addwfc	test_INT_TC_12@i+1,f
  1546     07AA                     l1182:
  1547     07AA  0877               	movf	test_INT_TC_12@i+1,w
  1548     07AB  3A80               	xorlw	128
  1549     07AC  00F4               	movwf	??_test_INT_TC_12
  1550     07AD  3080               	movlw	128
  1551     07AE  0274               	subwf	??_test_INT_TC_12,w
  1552     07AF  1D03               	skipz
  1553     07B0  2FB3               	goto	u235
  1554     07B1  3003               	movlw	3
  1555     07B2  0276               	subwf	test_INT_TC_12@i,w
  1556     07B3                     u235:
  1557     07B3  1C03               	skipc
  1558     07B4  2FB6               	goto	u231
  1559     07B5  2FB7               	goto	u230
  1560     07B6                     u231:
  1561     07B6  2F85               	goto	l1174
  1562     07B7                     u230:
  1563     07B7                     l1184:
  1564                           
  1565                           ;main.c: 265:     UART_SendString("? INT_TC_12 Passed: Rapid PIR & LDR Toggle\r");
  1566     07B7  30C6               	movlw	low (STR_14| (0+32768))
  1567     07B8  00F1               	movwf	UART_SendString@str
  1568     07B9  3085               	movlw	high (STR_14| (0+32768))
  1569     07BA  00F2               	movwf	UART_SendString@str+1
  1570     07BB  3184  2473  3187   	fcall	_UART_SendString
  1571     07BE                     l130:
  1572     07BE  0008               	return
  1573     07BF                     __end_of_test_INT_TC_12:
  1574                           
  1575                           	psect	text2
  1576     061F                     __ptext2:	
  1577 ;; *************** function _test_INT_TC_11 *****************
  1578 ;; Defined at:
  1579 ;;		line 248 in file "main.c"
  1580 ;; Parameters:    Size  Location     Type
  1581 ;;		None
  1582 ;; Auto vars:     Size  Location     Type
  1583 ;;		None
  1584 ;; Return value:  Size  Location     Type
  1585 ;;                  1    wreg      void 
  1586 ;; Registers used:
  1587 ;;		wreg, fsr0l, fsr0h, status,2, status,0, pclath, cstack
  1588 ;; Tracked objects:
  1589 ;;		On entry : 0/0
  1590 ;;		On exit  : 0/0
  1591 ;;		Unchanged: 0/0
  1592 ;; Data sizes:     COMMON   BANK0   BANK1   BANK2
  1593 ;;      Params:         0       0       0       0
  1594 ;;      Locals:         0       0       0       0
  1595 ;;      Temps:          2       0       0       0
  1596 ;;      Totals:         2       0       0       0
  1597 ;;Total ram usage:        2 bytes
  1598 ;; Hardware stack levels used: 1
  1599 ;; Hardware stack levels required when called: 3
  1600 ;; This function calls:
  1601 ;;		_ReadLDR1
  1602 ;;		_ReadLDR2
  1603 ;;		_ReadPIR
  1604 ;;		_UART_SendString
  1605 ;;		_evaluate_and_act
  1606 ;; This function is called by:
  1607 ;;		_main
  1608 ;; This function uses a non-reentrant model
  1609 ;;
  1610                           
  1611     061F                     _test_INT_TC_11:	
  1612                           ;psect for function _test_INT_TC_11
  1613                           
  1614     061F                     l1154:	
  1615                           ;incstack = 0
  1616                           ; Regs used in _test_INT_TC_11: [wreg-fsr0h+status,2+status,0+pclath+cstack]
  1617                           
  1618                           
  1619                           ;main.c: 249:     LDR1_Value = ReadLDR1();
  1620     061F  3183  2326  3186   	fcall	_ReadLDR1
  1621     0622  0871               	movf	?_ReadLDR1+1,w
  1622     0623  00FB               	movwf	_LDR1_Value+1
  1623     0624  0870               	movf	?_ReadLDR1,w
  1624     0625  00FA               	movwf	_LDR1_Value
  1625                           
  1626                           ;main.c: 250:     LDR2_Value = ReadLDR2();
  1627     0626  3183  2333  3186   	fcall	_ReadLDR2
  1628     0629  0871               	movf	?_ReadLDR2+1,w
  1629     062A  00F9               	movwf	_LDR2_Value+1
  1630     062B  0870               	movf	?_ReadLDR2,w
  1631     062C  00F8               	movwf	_LDR2_Value
  1632                           
  1633                           ;main.c: 251:     PIR_State = ReadPIR();
  1634     062D  3182  22F5  3186   	fcall	_ReadPIR
  1635     0630  00FC               	movwf	_PIR_State
  1636     0631                     l1156:
  1637                           
  1638                           ;main.c: 252:     PIR_State = 1; evaluate_and_act(); _delay((unsigned long)((500)*(40000
      +                          00/4000.0)));
  1639     0631  3001               	movlw	1
  1640     0632  00FC               	movwf	_PIR_State
  1641     0633                     l1158:
  1642     0633  3185  25F2  3186   	fcall	_evaluate_and_act
  1643     0636                     l1160:
  1644     0636  3003               	movlw	3
  1645     0637  00F5               	movwf	??_test_INT_TC_11+1
  1646     0638  308A               	movlw	138
  1647     0639  00F4               	movwf	??_test_INT_TC_11
  1648     063A  3056               	movlw	86
  1649     063B                     u257:
  1650     063B  0B89               	decfsz	9,f
  1651     063C  2E3B               	goto	u257
  1652     063D  0BF4               	decfsz	??_test_INT_TC_11,f
  1653     063E  2E3B               	goto	u257
  1654     063F  0BF5               	decfsz	??_test_INT_TC_11+1,f
  1655     0640  2E3B               	goto	u257
  1656     0641                     l1162:
  1657                           
  1658                           ;main.c: 253:     PIR_State = 0; evaluate_and_act();
  1659     0641  01FC               	clrf	_PIR_State
  1660     0642                     l1164:
  1661     0642  3185  25F2  3186   	fcall	_evaluate_and_act
  1662     0645                     l1166:
  1663                           
  1664                           ;main.c: 254:     UART_SendString("? INT_TC_11 Passed: Relay OFF after Motion Stops\r");
  1665     0645  30DE               	movlw	low (STR_13| (0+32768))
  1666     0646  00F1               	movwf	UART_SendString@str
  1667     0647  3086               	movlw	high (STR_13| (0+32768))
  1668     0648  00F2               	movwf	UART_SendString@str+1
  1669     0649  3184  2473  3186   	fcall	_UART_SendString
  1670     064C                     l125:
  1671     064C  0008               	return
  1672     064D                     __end_of_test_INT_TC_11:
  1673                           
  1674                           	psect	text3
  1675     0456                     __ptext3:	
  1676 ;; *************** function _test_INT_TC_10 *****************
  1677 ;; Defined at:
  1678 ;;		line 240 in file "main.c"
  1679 ;; Parameters:    Size  Location     Type
  1680 ;;		None
  1681 ;; Auto vars:     Size  Location     Type
  1682 ;;		None
  1683 ;; Return value:  Size  Location     Type
  1684 ;;                  1    wreg      void 
  1685 ;; Registers used:
  1686 ;;		wreg, fsr0l, fsr0h, status,2, status,0, pclath, cstack
  1687 ;; Tracked objects:
  1688 ;;		On entry : 0/0
  1689 ;;		On exit  : 0/0
  1690 ;;		Unchanged: 0/0
  1691 ;; Data sizes:     COMMON   BANK0   BANK1   BANK2
  1692 ;;      Params:         0       0       0       0
  1693 ;;      Locals:         0       0       0       0
  1694 ;;      Temps:          0       0       0       0
  1695 ;;      Totals:         0       0       0       0
  1696 ;;Total ram usage:        0 bytes
  1697 ;; Hardware stack levels used: 1
  1698 ;; Hardware stack levels required when called: 3
  1699 ;; This function calls:
  1700 ;;		_ReadLDR1
  1701 ;;		_ReadLDR2
  1702 ;;		_ReadPIR
  1703 ;;		_UART_SendString
  1704 ;;		_evaluate_and_act
  1705 ;; This function is called by:
  1706 ;;		_main
  1707 ;; This function uses a non-reentrant model
  1708 ;;
  1709                           
  1710     0456                     _test_INT_TC_10:	
  1711                           ;psect for function _test_INT_TC_10
  1712                           
  1713     0456                     l1148:	
  1714                           ;incstack = 0
  1715                           ; Regs used in _test_INT_TC_10: [wreg-fsr0h+status,2+status,0+pclath+cstack]
  1716                           
  1717                           
  1718                           ;main.c: 241:     LDR1_Value = ReadLDR1();
  1719     0456  3183  2326  3184   	fcall	_ReadLDR1
  1720     0459  0871               	movf	?_ReadLDR1+1,w
  1721     045A  00FB               	movwf	_LDR1_Value+1
  1722     045B  0870               	movf	?_ReadLDR1,w
  1723     045C  00FA               	movwf	_LDR1_Value
  1724                           
  1725                           ;main.c: 242:     LDR2_Value = ReadLDR2();
  1726     045D  3183  2333  3184   	fcall	_ReadLDR2
  1727     0460  0871               	movf	?_ReadLDR2+1,w
  1728     0461  00F9               	movwf	_LDR2_Value+1
  1729     0462  0870               	movf	?_ReadLDR2,w
  1730     0463  00F8               	movwf	_LDR2_Value
  1731                           
  1732                           ;main.c: 243:     PIR_State = ReadPIR();
  1733     0464  3182  22F5  3184   	fcall	_ReadPIR
  1734     0467  00FC               	movwf	_PIR_State
  1735     0468                     l1150:
  1736                           
  1737                           ;main.c: 244:     evaluate_and_act();
  1738     0468  3185  25F2  3184   	fcall	_evaluate_and_act
  1739     046B                     l1152:
  1740                           
  1741                           ;main.c: 245:     UART_SendString("? INT_TC_10 Passed: One LDR Faulty\r");
  1742     046B  30B3               	movlw	low (STR_12| (0+32768))
  1743     046C  00F1               	movwf	UART_SendString@str
  1744     046D  3084               	movlw	high (STR_12| (0+32768))
  1745     046E  00F2               	movwf	UART_SendString@str+1
  1746     046F  3184  2473  3184   	fcall	_UART_SendString
  1747     0472                     l122:
  1748     0472  0008               	return
  1749     0473                     __end_of_test_INT_TC_10:
  1750                           
  1751                           	psect	text4
  1752     0747                     __ptext4:	
  1753 ;; *************** function _test_INT_TC_09 *****************
  1754 ;; Defined at:
  1755 ;;		line 229 in file "main.c"
  1756 ;; Parameters:    Size  Location     Type
  1757 ;;		None
  1758 ;; Auto vars:     Size  Location     Type
  1759 ;;  i               2    6[COMMON] int 
  1760 ;; Return value:  Size  Location     Type
  1761 ;;                  1    wreg      void 
  1762 ;; Registers used:
  1763 ;;		wreg, fsr0l, fsr0h, status,2, status,0, pclath, cstack
  1764 ;; Tracked objects:
  1765 ;;		On entry : 0/0
  1766 ;;		On exit  : 0/0
  1767 ;;		Unchanged: 0/0
  1768 ;; Data sizes:     COMMON   BANK0   BANK1   BANK2
  1769 ;;      Params:         0       0       0       0
  1770 ;;      Locals:         2       0       0       0
  1771 ;;      Temps:          2       0       0       0
  1772 ;;      Totals:         4       0       0       0
  1773 ;;Total ram usage:        4 bytes
  1774 ;; Hardware stack levels used: 1
  1775 ;; Hardware stack levels required when called: 3
  1776 ;; This function calls:
  1777 ;;		_ReadLDR1
  1778 ;;		_ReadLDR2
  1779 ;;		_ReadPIR
  1780 ;;		_UART_SendString
  1781 ;;		_evaluate_and_act
  1782 ;; This function is called by:
  1783 ;;		_main
  1784 ;; This function uses a non-reentrant model
  1785 ;;
  1786                           
  1787     0747                     _test_INT_TC_09:	
  1788                           ;psect for function _test_INT_TC_09
  1789                           
  1790     0747                     l1130:	
  1791                           ;incstack = 0
  1792                           ; Regs used in _test_INT_TC_09: [wreg-fsr0h+status,2+status,0+pclath+cstack]
  1793                           
  1794                           
  1795                           ;main.c: 230:     for (int i = 0; i < 3; i++) {
  1796     0747  01F6               	clrf	test_INT_TC_09@i
  1797     0748  01F7               	clrf	test_INT_TC_09@i+1
  1798     0749                     l1136:
  1799                           
  1800                           ;main.c: 231:         LDR1_Value = ReadLDR1();
  1801     0749  3183  2326  3187   	fcall	_ReadLDR1
  1802     074C  0871               	movf	?_ReadLDR1+1,w
  1803     074D  00FB               	movwf	_LDR1_Value+1
  1804     074E  0870               	movf	?_ReadLDR1,w
  1805     074F  00FA               	movwf	_LDR1_Value
  1806                           
  1807                           ;main.c: 232:         LDR2_Value = ReadLDR2();
  1808     0750  3183  2333  3187   	fcall	_ReadLDR2
  1809     0753  0871               	movf	?_ReadLDR2+1,w
  1810     0754  00F9               	movwf	_LDR2_Value+1
  1811     0755  0870               	movf	?_ReadLDR2,w
  1812     0756  00F8               	movwf	_LDR2_Value
  1813                           
  1814                           ;main.c: 233:         PIR_State = ReadPIR();
  1815     0757  3182  22F5  3187   	fcall	_ReadPIR
  1816     075A  00FC               	movwf	_PIR_State
  1817     075B                     l1138:
  1818                           
  1819                           ;main.c: 234:         evaluate_and_act();
  1820     075B  3185  25F2  3187   	fcall	_evaluate_and_act
  1821     075E                     l1140:
  1822                           
  1823                           ;main.c: 235:         _delay((unsigned long)((300)*(4000000/4000.0)));
  1824     075E  3002               	movlw	2
  1825     075F  00F5               	movwf	??_test_INT_TC_09+1
  1826     0760  3086               	movlw	134
  1827     0761  00F4               	movwf	??_test_INT_TC_09
  1828     0762  3099               	movlw	153
  1829     0763                     u267:
  1830     0763  0B89               	decfsz	9,f
  1831     0764  2F63               	goto	u267
  1832     0765  0BF4               	decfsz	??_test_INT_TC_09,f
  1833     0766  2F63               	goto	u267
  1834     0767  0BF5               	decfsz	??_test_INT_TC_09+1,f
  1835     0768  2F63               	goto	u267
  1836     0769  0000               	nop
  1837     076A                     l1142:
  1838                           
  1839                           ;main.c: 236:     }
  1840     076A  3001               	movlw	1
  1841     076B  07F6               	addwf	test_INT_TC_09@i,f
  1842     076C  3000               	movlw	0
  1843     076D  3DF7               	addwfc	test_INT_TC_09@i+1,f
  1844     076E                     l1144:
  1845     076E  0877               	movf	test_INT_TC_09@i+1,w
  1846     076F  3A80               	xorlw	128
  1847     0770  00F4               	movwf	??_test_INT_TC_09
  1848     0771  3080               	movlw	128
  1849     0772  0274               	subwf	??_test_INT_TC_09,w
  1850     0773  1D03               	skipz
  1851     0774  2F77               	goto	u225
  1852     0775  3003               	movlw	3
  1853     0776  0276               	subwf	test_INT_TC_09@i,w
  1854     0777                     u225:
  1855     0777  1C03               	skipc
  1856     0778  2F7A               	goto	u221
  1857     0779  2F7B               	goto	u220
  1858     077A                     u221:
  1859     077A  2F49               	goto	l1136
  1860     077B                     u220:
  1861     077B                     l1146:
  1862                           
  1863                           ;main.c: 237:     UART_SendString("? INT_TC_09 Passed: Intermittent Motion/Varying Light
      +                          \r");
  1864     077B  3010               	movlw	low (STR_11| (0+32768))
  1865     077C  00F1               	movwf	UART_SendString@str
  1866     077D  3087               	movlw	high (STR_11| (0+32768))
  1867     077E  00F2               	movwf	UART_SendString@str+1
  1868     077F  3184  2473  3187   	fcall	_UART_SendString
  1869     0782                     l119:
  1870     0782  0008               	return
  1871     0783                     __end_of_test_INT_TC_09:
  1872                           
  1873                           	psect	text5
  1874     0439                     __ptext5:	
  1875 ;; *************** function _test_INT_TC_08 *****************
  1876 ;; Defined at:
  1877 ;;		line 221 in file "main.c"
  1878 ;; Parameters:    Size  Location     Type
  1879 ;;		None
  1880 ;; Auto vars:     Size  Location     Type
  1881 ;;		None
  1882 ;; Return value:  Size  Location     Type
  1883 ;;                  1    wreg      void 
  1884 ;; Registers used:
  1885 ;;		wreg, fsr0l, fsr0h, status,2, status,0, pclath, cstack
  1886 ;; Tracked objects:
  1887 ;;		On entry : 0/0
  1888 ;;		On exit  : 0/0
  1889 ;;		Unchanged: 0/0
  1890 ;; Data sizes:     COMMON   BANK0   BANK1   BANK2
  1891 ;;      Params:         0       0       0       0
  1892 ;;      Locals:         0       0       0       0
  1893 ;;      Temps:          0       0       0       0
  1894 ;;      Totals:         0       0       0       0
  1895 ;;Total ram usage:        0 bytes
  1896 ;; Hardware stack levels used: 1
  1897 ;; Hardware stack levels required when called: 3
  1898 ;; This function calls:
  1899 ;;		_ReadLDR1
  1900 ;;		_ReadLDR2
  1901 ;;		_ReadPIR
  1902 ;;		_UART_SendString
  1903 ;;		_evaluate_and_act
  1904 ;; This function is called by:
  1905 ;;		_main
  1906 ;; This function uses a non-reentrant model
  1907 ;;
  1908                           
  1909     0439                     _test_INT_TC_08:	
  1910                           ;psect for function _test_INT_TC_08
  1911                           
  1912     0439                     l1124:	
  1913                           ;incstack = 0
  1914                           ; Regs used in _test_INT_TC_08: [wreg-fsr0h+status,2+status,0+pclath+cstack]
  1915                           
  1916                           
  1917                           ;main.c: 222:     LDR1_Value = ReadLDR1();
  1918     0439  3183  2326  3184   	fcall	_ReadLDR1
  1919     043C  0871               	movf	?_ReadLDR1+1,w
  1920     043D  00FB               	movwf	_LDR1_Value+1
  1921     043E  0870               	movf	?_ReadLDR1,w
  1922     043F  00FA               	movwf	_LDR1_Value
  1923                           
  1924                           ;main.c: 223:     LDR2_Value = ReadLDR2();
  1925     0440  3183  2333  3184   	fcall	_ReadLDR2
  1926     0443  0871               	movf	?_ReadLDR2+1,w
  1927     0444  00F9               	movwf	_LDR2_Value+1
  1928     0445  0870               	movf	?_ReadLDR2,w
  1929     0446  00F8               	movwf	_LDR2_Value
  1930                           
  1931                           ;main.c: 224:     PIR_State = ReadPIR();
  1932     0447  3182  22F5  3184   	fcall	_ReadPIR
  1933     044A  00FC               	movwf	_PIR_State
  1934     044B                     l1126:
  1935                           
  1936                           ;main.c: 225:     evaluate_and_act();
  1937     044B  3185  25F2  3184   	fcall	_evaluate_and_act
  1938     044E                     l1128:
  1939                           
  1940                           ;main.c: 226:     UART_SendString("? INT_TC_08 Passed: Boot w/ No Motion & Dark\r");
  1941     044E  304D               	movlw	low (STR_10| (0+32768))
  1942     044F  00F1               	movwf	UART_SendString@str
  1943     0450  3086               	movlw	high (STR_10| (0+32768))
  1944     0451  00F2               	movwf	UART_SendString@str+1
  1945     0452  3184  2473  3184   	fcall	_UART_SendString
  1946     0455                     l114:
  1947     0455  0008               	return
  1948     0456                     __end_of_test_INT_TC_08:
  1949                           
  1950                           	psect	text6
  1951     041C                     __ptext6:	
  1952 ;; *************** function _test_INT_TC_07 *****************
  1953 ;; Defined at:
  1954 ;;		line 213 in file "main.c"
  1955 ;; Parameters:    Size  Location     Type
  1956 ;;		None
  1957 ;; Auto vars:     Size  Location     Type
  1958 ;;		None
  1959 ;; Return value:  Size  Location     Type
  1960 ;;                  1    wreg      void 
  1961 ;; Registers used:
  1962 ;;		wreg, fsr0l, fsr0h, status,2, status,0, pclath, cstack
  1963 ;; Tracked objects:
  1964 ;;		On entry : 0/0
  1965 ;;		On exit  : 0/0
  1966 ;;		Unchanged: 0/0
  1967 ;; Data sizes:     COMMON   BANK0   BANK1   BANK2
  1968 ;;      Params:         0       0       0       0
  1969 ;;      Locals:         0       0       0       0
  1970 ;;      Temps:          0       0       0       0
  1971 ;;      Totals:         0       0       0       0
  1972 ;;Total ram usage:        0 bytes
  1973 ;; Hardware stack levels used: 1
  1974 ;; Hardware stack levels required when called: 3
  1975 ;; This function calls:
  1976 ;;		_ReadLDR1
  1977 ;;		_ReadLDR2
  1978 ;;		_ReadPIR
  1979 ;;		_UART_SendString
  1980 ;;		_evaluate_and_act
  1981 ;; This function is called by:
  1982 ;;		_main
  1983 ;; This function uses a non-reentrant model
  1984 ;;
  1985                           
  1986     041C                     _test_INT_TC_07:	
  1987                           ;psect for function _test_INT_TC_07
  1988                           
  1989     041C                     l1118:	
  1990                           ;incstack = 0
  1991                           ; Regs used in _test_INT_TC_07: [wreg-fsr0h+status,2+status,0+pclath+cstack]
  1992                           
  1993                           
  1994                           ;main.c: 214:     LDR1_Value = ReadLDR1();
  1995     041C  3183  2326  3184   	fcall	_ReadLDR1
  1996     041F  0871               	movf	?_ReadLDR1+1,w
  1997     0420  00FB               	movwf	_LDR1_Value+1
  1998     0421  0870               	movf	?_ReadLDR1,w
  1999     0422  00FA               	movwf	_LDR1_Value
  2000                           
  2001                           ;main.c: 215:     LDR2_Value = ReadLDR2();
  2002     0423  3183  2333  3184   	fcall	_ReadLDR2
  2003     0426  0871               	movf	?_ReadLDR2+1,w
  2004     0427  00F9               	movwf	_LDR2_Value+1
  2005     0428  0870               	movf	?_ReadLDR2,w
  2006     0429  00F8               	movwf	_LDR2_Value
  2007                           
  2008                           ;main.c: 216:     PIR_State = ReadPIR();
  2009     042A  3182  22F5  3184   	fcall	_ReadPIR
  2010     042D  00FC               	movwf	_PIR_State
  2011     042E                     l1120:
  2012                           
  2013                           ;main.c: 217:     evaluate_and_act();
  2014     042E  3185  25F2  3184   	fcall	_evaluate_and_act
  2015     0431                     l1122:
  2016                           
  2017                           ;main.c: 218:     UART_SendString("? INT_TC_07 Passed: Boot w/ Motion & Dark\r");
  2018     0431  309B               	movlw	low (STR_9| (0+32768))
  2019     0432  00F1               	movwf	UART_SendString@str
  2020     0433  3085               	movlw	high (STR_9| (0+32768))
  2021     0434  00F2               	movwf	UART_SendString@str+1
  2022     0435  3184  2473  3184   	fcall	_UART_SendString
  2023     0438                     l111:
  2024     0438  0008               	return
  2025     0439                     __end_of_test_INT_TC_07:
  2026                           
  2027                           	psect	text7
  2028     03FF                     __ptext7:	
  2029 ;; *************** function _test_INT_TC_06 *****************
  2030 ;; Defined at:
  2031 ;;		line 205 in file "main.c"
  2032 ;; Parameters:    Size  Location     Type
  2033 ;;		None
  2034 ;; Auto vars:     Size  Location     Type
  2035 ;;		None
  2036 ;; Return value:  Size  Location     Type
  2037 ;;                  1    wreg      void 
  2038 ;; Registers used:
  2039 ;;		wreg, fsr0l, fsr0h, status,2, status,0, pclath, cstack
  2040 ;; Tracked objects:
  2041 ;;		On entry : 0/0
  2042 ;;		On exit  : 0/0
  2043 ;;		Unchanged: 0/0
  2044 ;; Data sizes:     COMMON   BANK0   BANK1   BANK2
  2045 ;;      Params:         0       0       0       0
  2046 ;;      Locals:         0       0       0       0
  2047 ;;      Temps:          0       0       0       0
  2048 ;;      Totals:         0       0       0       0
  2049 ;;Total ram usage:        0 bytes
  2050 ;; Hardware stack levels used: 1
  2051 ;; Hardware stack levels required when called: 3
  2052 ;; This function calls:
  2053 ;;		_ReadLDR1
  2054 ;;		_ReadLDR2
  2055 ;;		_ReadPIR
  2056 ;;		_UART_SendString
  2057 ;;		_evaluate_and_act
  2058 ;; This function is called by:
  2059 ;;		_main
  2060 ;; This function uses a non-reentrant model
  2061 ;;
  2062                           
  2063     03FF                     _test_INT_TC_06:	
  2064                           ;psect for function _test_INT_TC_06
  2065                           
  2066     03FF                     l1112:	
  2067                           ;incstack = 0
  2068                           ; Regs used in _test_INT_TC_06: [wreg-fsr0h+status,2+status,0+pclath+cstack]
  2069                           
  2070                           
  2071                           ;main.c: 206:     LDR1_Value = ReadLDR1();
  2072     03FF  3183  2326  3183   	fcall	_ReadLDR1
  2073     0402  0871               	movf	?_ReadLDR1+1,w
  2074     0403  00FB               	movwf	_LDR1_Value+1
  2075     0404  0870               	movf	?_ReadLDR1,w
  2076     0405  00FA               	movwf	_LDR1_Value
  2077                           
  2078                           ;main.c: 207:     LDR2_Value = ReadLDR2();
  2079     0406  3183  2333  3183   	fcall	_ReadLDR2
  2080     0409  0871               	movf	?_ReadLDR2+1,w
  2081     040A  00F9               	movwf	_LDR2_Value+1
  2082     040B  0870               	movf	?_ReadLDR2,w
  2083     040C  00F8               	movwf	_LDR2_Value
  2084                           
  2085                           ;main.c: 208:     PIR_State = ReadPIR();
  2086     040D  3182  22F5  3183   	fcall	_ReadPIR
  2087     0410  00FC               	movwf	_PIR_State
  2088     0411                     l1114:
  2089                           
  2090                           ;main.c: 209:     evaluate_and_act();
  2091     0411  3185  25F2  3183   	fcall	_evaluate_and_act
  2092     0414                     l1116:
  2093                           
  2094                           ;main.c: 210:     UART_SendString("? INT_TC_06 Passed: PIR Noise Ignored in Bright\r");
  2095     0414  307B               	movlw	low (STR_8| (0+32768))
  2096     0415  00F1               	movwf	UART_SendString@str
  2097     0416  3086               	movlw	high (STR_8| (0+32768))
  2098     0417  00F2               	movwf	UART_SendString@str+1
  2099     0418  3184  2473  3183   	fcall	_UART_SendString
  2100     041B                     l108:
  2101     041B  0008               	return
  2102     041C                     __end_of_test_INT_TC_06:
  2103                           
  2104                           	psect	text8
  2105     07BF                     __ptext8:	
  2106 ;; *************** function _test_INT_TC_05 *****************
  2107 ;; Defined at:
  2108 ;;		line 191 in file "main.c"
  2109 ;; Parameters:    Size  Location     Type
  2110 ;;		None
  2111 ;; Auto vars:     Size  Location     Type
  2112 ;;		None
  2113 ;; Return value:  Size  Location     Type
  2114 ;;                  1    wreg      void 
  2115 ;; Registers used:
  2116 ;;		wreg, fsr0l, fsr0h, status,2, status,0, pclath, cstack
  2117 ;; Tracked objects:
  2118 ;;		On entry : 0/0
  2119 ;;		On exit  : 0/0
  2120 ;;		Unchanged: 0/0
  2121 ;; Data sizes:     COMMON   BANK0   BANK1   BANK2
  2122 ;;      Params:         0       0       0       0
  2123 ;;      Locals:         0       0       0       0
  2124 ;;      Temps:          2       0       0       0
  2125 ;;      Totals:         2       0       0       0
  2126 ;;Total ram usage:        2 bytes
  2127 ;; Hardware stack levels used: 1
  2128 ;; Hardware stack levels required when called: 3
  2129 ;; This function calls:
  2130 ;;		_ReadLDR1
  2131 ;;		_ReadLDR2
  2132 ;;		_ReadPIR
  2133 ;;		_UART_SendString
  2134 ;;		_evaluate_and_act
  2135 ;; This function is called by:
  2136 ;;		_main
  2137 ;; This function uses a non-reentrant model
  2138 ;;
  2139                           
  2140     07BF                     _test_INT_TC_05:	
  2141                           ;psect for function _test_INT_TC_05
  2142                           
  2143     07BF                     l1094:	
  2144                           ;incstack = 0
  2145                           ; Regs used in _test_INT_TC_05: [wreg-fsr0h+status,2+status,0+pclath+cstack]
  2146                           
  2147                           
  2148                           ;main.c: 192:     LDR1_Value = ReadLDR1();
  2149     07BF  3183  2326  3187   	fcall	_ReadLDR1
  2150     07C2  0871               	movf	?_ReadLDR1+1,w
  2151     07C3  00FB               	movwf	_LDR1_Value+1
  2152     07C4  0870               	movf	?_ReadLDR1,w
  2153     07C5  00FA               	movwf	_LDR1_Value
  2154                           
  2155                           ;main.c: 193:     LDR2_Value = ReadLDR2();
  2156     07C6  3183  2333  3187   	fcall	_ReadLDR2
  2157     07C9  0871               	movf	?_ReadLDR2+1,w
  2158     07CA  00F9               	movwf	_LDR2_Value+1
  2159     07CB  0870               	movf	?_ReadLDR2,w
  2160     07CC  00F8               	movwf	_LDR2_Value
  2161                           
  2162                           ;main.c: 194:     PIR_State = ReadPIR();
  2163     07CD  3182  22F5  3187   	fcall	_ReadPIR
  2164     07D0  00FC               	movwf	_PIR_State
  2165     07D1                     l1096:
  2166                           
  2167                           ;main.c: 195:     evaluate_and_act();
  2168     07D1  3185  25F2  3187   	fcall	_evaluate_and_act
  2169     07D4                     l1098:
  2170                           
  2171                           ;main.c: 196:     _delay((unsigned long)((200)*(4000000/4000.0)));
  2172     07D4  3002               	movlw	2
  2173     07D5  00F5               	movwf	??_test_INT_TC_05+1
  2174     07D6  3004               	movlw	4
  2175     07D7  00F4               	movwf	??_test_INT_TC_05
  2176     07D8  30BA               	movlw	186
  2177     07D9                     u277:
  2178     07D9  0B89               	decfsz	9,f
  2179     07DA  2FD9               	goto	u277
  2180     07DB  0BF4               	decfsz	??_test_INT_TC_05,f
  2181     07DC  2FD9               	goto	u277
  2182     07DD  0BF5               	decfsz	??_test_INT_TC_05+1,f
  2183     07DE  2FD9               	goto	u277
  2184     07DF  3200               	nop2
  2185     07E0                     l1100:
  2186                           
  2187                           ;main.c: 197:     PIR_State = 0;
  2188     07E0  01FC               	clrf	_PIR_State
  2189     07E1                     l1102:
  2190                           
  2191                           ;main.c: 198:     evaluate_and_act();
  2192     07E1  3185  25F2  3187   	fcall	_evaluate_and_act
  2193     07E4                     l1104:
  2194                           
  2195                           ;main.c: 199:     _delay((unsigned long)((200)*(4000000/4000.0)));
  2196     07E4  3002               	movlw	2
  2197     07E5  00F5               	movwf	??_test_INT_TC_05+1
  2198     07E6  3004               	movlw	4
  2199     07E7  00F4               	movwf	??_test_INT_TC_05
  2200     07E8  30BA               	movlw	186
  2201     07E9                     u287:
  2202     07E9  0B89               	decfsz	9,f
  2203     07EA  2FE9               	goto	u287
  2204     07EB  0BF4               	decfsz	??_test_INT_TC_05,f
  2205     07EC  2FE9               	goto	u287
  2206     07ED  0BF5               	decfsz	??_test_INT_TC_05+1,f
  2207     07EE  2FE9               	goto	u287
  2208     07EF  3200               	nop2
  2209     07F0                     l1106:
  2210                           
  2211                           ;main.c: 200:     PIR_State = 1;
  2212     07F0  3001               	movlw	1
  2213     07F1  00FC               	movwf	_PIR_State
  2214     07F2                     l1108:
  2215                           
  2216                           ;main.c: 201:     evaluate_and_act();
  2217     07F2  3185  25F2  3187   	fcall	_evaluate_and_act
  2218     07F5                     l1110:
  2219                           
  2220                           ;main.c: 202:     UART_SendString("? INT_TC_05 Passed: Rapid Motion in Dark\r");
  2221     07F5  3071               	movlw	low (STR_7| (0+32768))
  2222     07F6  00F1               	movwf	UART_SendString@str
  2223     07F7  3085               	movlw	high (STR_7| (0+32768))
  2224     07F8  00F2               	movwf	UART_SendString@str+1
  2225     07F9  3184  2473  3187   	fcall	_UART_SendString
  2226     07FC                     l105:
  2227     07FC  0008               	return
  2228     07FD                     __end_of_test_INT_TC_05:
  2229                           
  2230                           	psect	text9
  2231     03E2                     __ptext9:	
  2232 ;; *************** function _test_INT_TC_04 *****************
  2233 ;; Defined at:
  2234 ;;		line 183 in file "main.c"
  2235 ;; Parameters:    Size  Location     Type
  2236 ;;		None
  2237 ;; Auto vars:     Size  Location     Type
  2238 ;;		None
  2239 ;; Return value:  Size  Location     Type
  2240 ;;                  1    wreg      void 
  2241 ;; Registers used:
  2242 ;;		wreg, fsr0l, fsr0h, status,2, status,0, pclath, cstack
  2243 ;; Tracked objects:
  2244 ;;		On entry : 0/0
  2245 ;;		On exit  : 0/0
  2246 ;;		Unchanged: 0/0
  2247 ;; Data sizes:     COMMON   BANK0   BANK1   BANK2
  2248 ;;      Params:         0       0       0       0
  2249 ;;      Locals:         0       0       0       0
  2250 ;;      Temps:          0       0       0       0
  2251 ;;      Totals:         0       0       0       0
  2252 ;;Total ram usage:        0 bytes
  2253 ;; Hardware stack levels used: 1
  2254 ;; Hardware stack levels required when called: 3
  2255 ;; This function calls:
  2256 ;;		_ReadLDR1
  2257 ;;		_ReadLDR2
  2258 ;;		_ReadPIR
  2259 ;;		_UART_SendString
  2260 ;;		_evaluate_and_act
  2261 ;; This function is called by:
  2262 ;;		_main
  2263 ;; This function uses a non-reentrant model
  2264 ;;
  2265                           
  2266     03E2                     _test_INT_TC_04:	
  2267                           ;psect for function _test_INT_TC_04
  2268                           
  2269     03E2                     l1088:	
  2270                           ;incstack = 0
  2271                           ; Regs used in _test_INT_TC_04: [wreg-fsr0h+status,2+status,0+pclath+cstack]
  2272                           
  2273                           
  2274                           ;main.c: 184:     LDR1_Value = ReadLDR1();
  2275     03E2  3183  2326  3183   	fcall	_ReadLDR1
  2276     03E5  0871               	movf	?_ReadLDR1+1,w
  2277     03E6  00FB               	movwf	_LDR1_Value+1
  2278     03E7  0870               	movf	?_ReadLDR1,w
  2279     03E8  00FA               	movwf	_LDR1_Value
  2280                           
  2281                           ;main.c: 185:     LDR2_Value = ReadLDR2();
  2282     03E9  3183  2333  3183   	fcall	_ReadLDR2
  2283     03EC  0871               	movf	?_ReadLDR2+1,w
  2284     03ED  00F9               	movwf	_LDR2_Value+1
  2285     03EE  0870               	movf	?_ReadLDR2,w
  2286     03EF  00F8               	movwf	_LDR2_Value
  2287                           
  2288                           ;main.c: 186:     PIR_State = ReadPIR();
  2289     03F0  3182  22F5  3183   	fcall	_ReadPIR
  2290     03F3  00FC               	movwf	_PIR_State
  2291     03F4                     l1090:
  2292                           
  2293                           ;main.c: 187:     evaluate_and_act();
  2294     03F4  3185  25F2  3183   	fcall	_evaluate_and_act
  2295     03F7                     l1092:
  2296                           
  2297                           ;main.c: 188:     UART_SendString("? INT_TC_04 Passed: No Motion in Bright\r");
  2298     03F7  3048               	movlw	low (STR_6| (0+32768))
  2299     03F8  00F1               	movwf	UART_SendString@str
  2300     03F9  3085               	movlw	high (STR_6| (0+32768))
  2301     03FA  00F2               	movwf	UART_SendString@str+1
  2302     03FB  3184  2473  3183   	fcall	_UART_SendString
  2303     03FE                     l102:
  2304     03FE  0008               	return
  2305     03FF                     __end_of_test_INT_TC_04:
  2306                           
  2307                           	psect	text10
  2308     03C5                     __ptext10:	
  2309 ;; *************** function _test_INT_TC_03 *****************
  2310 ;; Defined at:
  2311 ;;		line 175 in file "main.c"
  2312 ;; Parameters:    Size  Location     Type
  2313 ;;		None
  2314 ;; Auto vars:     Size  Location     Type
  2315 ;;		None
  2316 ;; Return value:  Size  Location     Type
  2317 ;;                  1    wreg      void 
  2318 ;; Registers used:
  2319 ;;		wreg, fsr0l, fsr0h, status,2, status,0, pclath, cstack
  2320 ;; Tracked objects:
  2321 ;;		On entry : 0/0
  2322 ;;		On exit  : 0/0
  2323 ;;		Unchanged: 0/0
  2324 ;; Data sizes:     COMMON   BANK0   BANK1   BANK2
  2325 ;;      Params:         0       0       0       0
  2326 ;;      Locals:         0       0       0       0
  2327 ;;      Temps:          0       0       0       0
  2328 ;;      Totals:         0       0       0       0
  2329 ;;Total ram usage:        0 bytes
  2330 ;; Hardware stack levels used: 1
  2331 ;; Hardware stack levels required when called: 3
  2332 ;; This function calls:
  2333 ;;		_ReadLDR1
  2334 ;;		_ReadLDR2
  2335 ;;		_ReadPIR
  2336 ;;		_UART_SendString
  2337 ;;		_evaluate_and_act
  2338 ;; This function is called by:
  2339 ;;		_main
  2340 ;; This function uses a non-reentrant model
  2341 ;;
  2342                           
  2343     03C5                     _test_INT_TC_03:	
  2344                           ;psect for function _test_INT_TC_03
  2345                           
  2346     03C5                     l1082:	
  2347                           ;incstack = 0
  2348                           ; Regs used in _test_INT_TC_03: [wreg-fsr0h+status,2+status,0+pclath+cstack]
  2349                           
  2350                           
  2351                           ;main.c: 176:     LDR1_Value = ReadLDR1();
  2352     03C5  3183  2326  3183   	fcall	_ReadLDR1
  2353     03C8  0871               	movf	?_ReadLDR1+1,w
  2354     03C9  00FB               	movwf	_LDR1_Value+1
  2355     03CA  0870               	movf	?_ReadLDR1,w
  2356     03CB  00FA               	movwf	_LDR1_Value
  2357                           
  2358                           ;main.c: 177:     LDR2_Value = ReadLDR2();
  2359     03CC  3183  2333  3183   	fcall	_ReadLDR2
  2360     03CF  0871               	movf	?_ReadLDR2+1,w
  2361     03D0  00F9               	movwf	_LDR2_Value+1
  2362     03D1  0870               	movf	?_ReadLDR2,w
  2363     03D2  00F8               	movwf	_LDR2_Value
  2364                           
  2365                           ;main.c: 178:     PIR_State = ReadPIR();
  2366     03D3  3182  22F5  3183   	fcall	_ReadPIR
  2367     03D6  00FC               	movwf	_PIR_State
  2368     03D7                     l1084:
  2369                           
  2370                           ;main.c: 179:     evaluate_and_act();
  2371     03D7  3185  25F2  3183   	fcall	_evaluate_and_act
  2372     03DA                     l1086:
  2373                           
  2374                           ;main.c: 180:     UART_SendString("? INT_TC_03 Passed: Motion in Bright\r");
  2375     03DA  30FB               	movlw	low (STR_5| (0+32768))
  2376     03DB  00F1               	movwf	UART_SendString@str
  2377     03DC  3084               	movlw	high (STR_5| (0+32768))
  2378     03DD  00F2               	movwf	UART_SendString@str+1
  2379     03DE  3184  2473  3183   	fcall	_UART_SendString
  2380     03E1                     l99:
  2381     03E1  0008               	return
  2382     03E2                     __end_of_test_INT_TC_03:
  2383                           
  2384                           	psect	text11
  2385     03A8                     __ptext11:	
  2386 ;; *************** function _test_INT_TC_02 *****************
  2387 ;; Defined at:
  2388 ;;		line 167 in file "main.c"
  2389 ;; Parameters:    Size  Location     Type
  2390 ;;		None
  2391 ;; Auto vars:     Size  Location     Type
  2392 ;;		None
  2393 ;; Return value:  Size  Location     Type
  2394 ;;                  1    wreg      void 
  2395 ;; Registers used:
  2396 ;;		wreg, fsr0l, fsr0h, status,2, status,0, pclath, cstack
  2397 ;; Tracked objects:
  2398 ;;		On entry : 0/0
  2399 ;;		On exit  : 0/0
  2400 ;;		Unchanged: 0/0
  2401 ;; Data sizes:     COMMON   BANK0   BANK1   BANK2
  2402 ;;      Params:         0       0       0       0
  2403 ;;      Locals:         0       0       0       0
  2404 ;;      Temps:          0       0       0       0
  2405 ;;      Totals:         0       0       0       0
  2406 ;;Total ram usage:        0 bytes
  2407 ;; Hardware stack levels used: 1
  2408 ;; Hardware stack levels required when called: 3
  2409 ;; This function calls:
  2410 ;;		_ReadLDR1
  2411 ;;		_ReadLDR2
  2412 ;;		_ReadPIR
  2413 ;;		_UART_SendString
  2414 ;;		_evaluate_and_act
  2415 ;; This function is called by:
  2416 ;;		_main
  2417 ;; This function uses a non-reentrant model
  2418 ;;
  2419                           
  2420     03A8                     _test_INT_TC_02:	
  2421                           ;psect for function _test_INT_TC_02
  2422                           
  2423     03A8                     l1076:	
  2424                           ;incstack = 0
  2425                           ; Regs used in _test_INT_TC_02: [wreg-fsr0h+status,2+status,0+pclath+cstack]
  2426                           
  2427                           
  2428                           ;main.c: 168:     LDR1_Value = ReadLDR1();
  2429     03A8  3183  2326  3183   	fcall	_ReadLDR1
  2430     03AB  0871               	movf	?_ReadLDR1+1,w
  2431     03AC  00FB               	movwf	_LDR1_Value+1
  2432     03AD  0870               	movf	?_ReadLDR1,w
  2433     03AE  00FA               	movwf	_LDR1_Value
  2434                           
  2435                           ;main.c: 169:     LDR2_Value = ReadLDR2();
  2436     03AF  3183  2333  3183   	fcall	_ReadLDR2
  2437     03B2  0871               	movf	?_ReadLDR2+1,w
  2438     03B3  00F9               	movwf	_LDR2_Value+1
  2439     03B4  0870               	movf	?_ReadLDR2,w
  2440     03B5  00F8               	movwf	_LDR2_Value
  2441                           
  2442                           ;main.c: 170:     PIR_State = ReadPIR();
  2443     03B6  3182  22F5  3183   	fcall	_ReadPIR
  2444     03B9  00FC               	movwf	_PIR_State
  2445     03BA                     l1078:
  2446                           
  2447                           ;main.c: 171:     evaluate_and_act();
  2448     03BA  3185  25F2  3183   	fcall	_evaluate_and_act
  2449     03BD                     l1080:
  2450                           
  2451                           ;main.c: 172:     UART_SendString("? INT_TC_02 Passed: No Motion in Dark\r");
  2452     03BD  3021               	movlw	low (STR_4| (0+32768))
  2453     03BE  00F1               	movwf	UART_SendString@str
  2454     03BF  3085               	movlw	high (STR_4| (0+32768))
  2455     03C0  00F2               	movwf	UART_SendString@str+1
  2456     03C1  3184  2473  3183   	fcall	_UART_SendString
  2457     03C4                     l96:
  2458     03C4  0008               	return
  2459     03C5                     __end_of_test_INT_TC_02:
  2460                           
  2461                           	psect	text12
  2462     038B                     __ptext12:	
  2463 ;; *************** function _test_INT_TC_01 *****************
  2464 ;; Defined at:
  2465 ;;		line 159 in file "main.c"
  2466 ;; Parameters:    Size  Location     Type
  2467 ;;		None
  2468 ;; Auto vars:     Size  Location     Type
  2469 ;;		None
  2470 ;; Return value:  Size  Location     Type
  2471 ;;                  1    wreg      void 
  2472 ;; Registers used:
  2473 ;;		wreg, fsr0l, fsr0h, status,2, status,0, pclath, cstack
  2474 ;; Tracked objects:
  2475 ;;		On entry : 0/0
  2476 ;;		On exit  : 0/0
  2477 ;;		Unchanged: 0/0
  2478 ;; Data sizes:     COMMON   BANK0   BANK1   BANK2
  2479 ;;      Params:         0       0       0       0
  2480 ;;      Locals:         0       0       0       0
  2481 ;;      Temps:          0       0       0       0
  2482 ;;      Totals:         0       0       0       0
  2483 ;;Total ram usage:        0 bytes
  2484 ;; Hardware stack levels used: 1
  2485 ;; Hardware stack levels required when called: 3
  2486 ;; This function calls:
  2487 ;;		_ReadLDR1
  2488 ;;		_ReadLDR2
  2489 ;;		_ReadPIR
  2490 ;;		_UART_SendString
  2491 ;;		_evaluate_and_act
  2492 ;; This function is called by:
  2493 ;;		_main
  2494 ;; This function uses a non-reentrant model
  2495 ;;
  2496                           
  2497     038B                     _test_INT_TC_01:	
  2498                           ;psect for function _test_INT_TC_01
  2499                           
  2500     038B                     l1070:	
  2501                           ;incstack = 0
  2502                           ; Regs used in _test_INT_TC_01: [wreg-fsr0h+status,2+status,0+pclath+cstack]
  2503                           
  2504                           
  2505                           ;main.c: 160:     LDR1_Value = ReadLDR1();
  2506     038B  3183  2326  3183   	fcall	_ReadLDR1
  2507     038E  0871               	movf	?_ReadLDR1+1,w
  2508     038F  00FB               	movwf	_LDR1_Value+1
  2509     0390  0870               	movf	?_ReadLDR1,w
  2510     0391  00FA               	movwf	_LDR1_Value
  2511                           
  2512                           ;main.c: 161:     LDR2_Value = ReadLDR2();
  2513     0392  3183  2333  3183   	fcall	_ReadLDR2
  2514     0395  0871               	movf	?_ReadLDR2+1,w
  2515     0396  00F9               	movwf	_LDR2_Value+1
  2516     0397  0870               	movf	?_ReadLDR2,w
  2517     0398  00F8               	movwf	_LDR2_Value
  2518                           
  2519                           ;main.c: 162:     PIR_State = ReadPIR();
  2520     0399  3182  22F5  3183   	fcall	_ReadPIR
  2521     039C  00FC               	movwf	_PIR_State
  2522     039D                     l1072:
  2523                           
  2524                           ;main.c: 163:     evaluate_and_act();
  2525     039D  3185  25F2  3183   	fcall	_evaluate_and_act
  2526     03A0                     l1074:
  2527                           
  2528                           ;main.c: 164:     UART_SendString("? INT_TC_01 Passed: Motion in Dark\r");
  2529     03A0  30D7               	movlw	low (STR_3| (0+32768))
  2530     03A1  00F1               	movwf	UART_SendString@str
  2531     03A2  3084               	movlw	high (STR_3| (0+32768))
  2532     03A3  00F2               	movwf	UART_SendString@str+1
  2533     03A4  3184  2473  3183   	fcall	_UART_SendString
  2534     03A7                     l93:
  2535     03A7  0008               	return
  2536     03A8                     __end_of_test_INT_TC_01:
  2537                           
  2538                           	psect	text13
  2539     05F2                     __ptext13:	
  2540 ;; *************** function _evaluate_and_act *****************
  2541 ;; Defined at:
  2542 ;;		line 147 in file "main.c"
  2543 ;; Parameters:    Size  Location     Type
  2544 ;;		None
  2545 ;; Auto vars:     Size  Location     Type
  2546 ;;		None
  2547 ;; Return value:  Size  Location     Type
  2548 ;;                  1    wreg      void 
  2549 ;; Registers used:
  2550 ;;		wreg, fsr0l, fsr0h, status,2, status,0, pclath, cstack
  2551 ;; Tracked objects:
  2552 ;;		On entry : 0/0
  2553 ;;		On exit  : 0/0
  2554 ;;		Unchanged: 0/0
  2555 ;; Data sizes:     COMMON   BANK0   BANK1   BANK2
  2556 ;;      Params:         0       0       0       0
  2557 ;;      Locals:         0       0       0       0
  2558 ;;      Temps:          0       0       0       0
  2559 ;;      Totals:         0       0       0       0
  2560 ;;Total ram usage:        0 bytes
  2561 ;; Hardware stack levels used: 1
  2562 ;; Hardware stack levels required when called: 2
  2563 ;; This function calls:
  2564 ;;		_UART_SendString
  2565 ;; This function is called by:
  2566 ;;		_test_INT_TC_01
  2567 ;;		_test_INT_TC_02
  2568 ;;		_test_INT_TC_03
  2569 ;;		_test_INT_TC_04
  2570 ;;		_test_INT_TC_05
  2571 ;;		_test_INT_TC_06
  2572 ;;		_test_INT_TC_07
  2573 ;;		_test_INT_TC_08
  2574 ;;		_test_INT_TC_09
  2575 ;;		_test_INT_TC_10
  2576 ;;		_test_INT_TC_11
  2577 ;;		_test_INT_TC_12
  2578 ;; This function uses a non-reentrant model
  2579 ;;
  2580                           
  2581     05F2                     _evaluate_and_act:	
  2582                           ;psect for function _evaluate_and_act
  2583                           
  2584     05F2                     l1046:	
  2585                           ;incstack = 0
  2586                           ; Regs used in _evaluate_and_act: [wreg-fsr0h+status,2+status,0+pclath+cstack]
  2587                           
  2588                           
  2589                           ;main.c: 148:     if ((LDR1_Value > 800 && LDR2_Value > 800) && PIR_State) {
  2590     05F2  3003               	movlw	3
  2591     05F3  027B               	subwf	_LDR1_Value+1,w
  2592     05F4  3021               	movlw	33
  2593     05F5  1903               	skipnz
  2594     05F6  027A               	subwf	_LDR1_Value,w
  2595     05F7  1C03               	skipc
  2596     05F8  2DFA               	goto	u191
  2597     05F9  2DFB               	goto	u190
  2598     05FA                     u191:
  2599     05FA  2E14               	goto	l1058
  2600     05FB                     u190:
  2601     05FB                     l1048:
  2602     05FB  3003               	movlw	3
  2603     05FC  0279               	subwf	_LDR2_Value+1,w
  2604     05FD  3021               	movlw	33
  2605     05FE  1903               	skipnz
  2606     05FF  0278               	subwf	_LDR2_Value,w
  2607     0600  1C03               	skipc
  2608     0601  2E03               	goto	u201
  2609     0602  2E04               	goto	u200
  2610     0603                     u201:
  2611     0603  2E14               	goto	l1058
  2612     0604                     u200:
  2613     0604                     l1050:
  2614     0604  087C               	movf	_PIR_State,w
  2615     0605  1903               	btfsc	3,2
  2616     0606  2E08               	goto	u211
  2617     0607  2E09               	goto	u210
  2618     0608                     u211:
  2619     0608  2E14               	goto	l1058
  2620     0609                     u210:
  2621     0609                     l1052:
  2622                           
  2623                           ;main.c: 149:         UART_SendString("Motion Detected in Dark\r");
  2624     0609  3055               	movlw	low (STR_1| (0+32768))
  2625     060A  00F1               	movwf	UART_SendString@str
  2626     060B  3083               	movlw	high (STR_1| (0+32768))
  2627     060C  00F2               	movwf	UART_SendString@str+1
  2628     060D  3184  2473  3185   	fcall	_UART_SendString
  2629     0610                     l1054:
  2630                           
  2631                           ;main.c: 150:         (LATAbits.LATA2 = 1);
  2632     0610  0022               	movlb	2	; select bank2
  2633     0611  150C               	bsf	12,2	;volatile
  2634     0612                     l1056:
  2635                           
  2636                           ;main.c: 151:         (LATAbits.LATA1 = 1);
  2637     0612  148C               	bsf	12,1	;volatile
  2638                           
  2639                           ;main.c: 152:     } else {
  2640     0613  2E1E               	goto	l90
  2641     0614                     l1058:
  2642                           
  2643                           ;main.c: 153:         UART_SendString("Condition Not Met\r");
  2644     0614  3042               	movlw	low (STR_2| (0+32768))
  2645     0615  00F1               	movwf	UART_SendString@str
  2646     0616  3083               	movlw	high (STR_2| (0+32768))
  2647     0617  00F2               	movwf	UART_SendString@str+1
  2648     0618  3184  2473  3185   	fcall	_UART_SendString
  2649     061B                     l1060:
  2650                           
  2651                           ;main.c: 154:         (LATAbits.LATA2 = 0);
  2652     061B  0022               	movlb	2	; select bank2
  2653     061C  110C               	bcf	12,2	;volatile
  2654     061D                     l1062:
  2655                           
  2656                           ;main.c: 155:         (LATAbits.LATA1 = 0);
  2657     061D  108C               	bcf	12,1	;volatile
  2658     061E                     l90:
  2659     061E  0008               	return
  2660     061F                     __end_of_evaluate_and_act:
  2661                           
  2662                           	psect	text14
  2663     0473                     __ptext14:	
  2664 ;; *************** function _UART_SendString *****************
  2665 ;; Defined at:
  2666 ;;		line 100 in file "main.c"
  2667 ;; Parameters:    Size  Location     Type
  2668 ;;  str             2    1[COMMON] PTR const unsigned char 
  2669 ;;		 -> STR_14(44), STR_13(50), STR_12(36), STR_11(55), 
  2670 ;;		 -> STR_10(46), STR_9(43), STR_8(49), STR_7(42), 
  2671 ;;		 -> STR_6(41), STR_5(38), STR_4(39), STR_3(36), 
  2672 ;;		 -> STR_2(19), STR_1(25), 
  2673 ;; Auto vars:     Size  Location     Type
  2674 ;;		None
  2675 ;; Return value:  Size  Location     Type
  2676 ;;                  1    wreg      void 
  2677 ;; Registers used:
  2678 ;;		wreg, fsr0l, fsr0h, status,2, status,0, pclath, cstack
  2679 ;; Tracked objects:
  2680 ;;		On entry : 0/0
  2681 ;;		On exit  : 0/0
  2682 ;;		Unchanged: 0/0
  2683 ;; Data sizes:     COMMON   BANK0   BANK1   BANK2
  2684 ;;      Params:         2       0       0       0
  2685 ;;      Locals:         0       0       0       0
  2686 ;;      Temps:          1       0       0       0
  2687 ;;      Totals:         3       0       0       0
  2688 ;;Total ram usage:        3 bytes
  2689 ;; Hardware stack levels used: 1
  2690 ;; Hardware stack levels required when called: 1
  2691 ;; This function calls:
  2692 ;;		_EUSART_Write
  2693 ;;		_EUSART_is_tx_done
  2694 ;; This function is called by:
  2695 ;;		_evaluate_and_act
  2696 ;;		_test_INT_TC_01
  2697 ;;		_test_INT_TC_02
  2698 ;;		_test_INT_TC_03
  2699 ;;		_test_INT_TC_04
  2700 ;;		_test_INT_TC_05
  2701 ;;		_test_INT_TC_06
  2702 ;;		_test_INT_TC_07
  2703 ;;		_test_INT_TC_08
  2704 ;;		_test_INT_TC_09
  2705 ;;		_test_INT_TC_10
  2706 ;;		_test_INT_TC_11
  2707 ;;		_test_INT_TC_12
  2708 ;; This function uses a non-reentrant model
  2709 ;;
  2710                           
  2711     0473                     _UART_SendString:	
  2712                           ;psect for function _UART_SendString
  2713                           
  2714     0473                     l1020:	
  2715                           ;incstack = 0
  2716                           ; Regs used in _UART_SendString: [wreg-fsr0h+status,2+status,0+pclath+cstack]
  2717                           
  2718                           
  2719                           ;main.c: 101:     while (*str) {
  2720     0473  2C88               	goto	l1028
  2721     0474                     l1022:
  2722                           
  2723                           ;main.c: 102:         EUSART_Write(*str++);
  2724     0474  0871               	movf	UART_SendString@str,w
  2725     0475  0084               	movwf	4
  2726     0476  0872               	movf	UART_SendString@str+1,w
  2727     0477  0085               	movwf	5
  2728     0478  0800               	movf	0,w	;code access
  2729     0479  3183  231C  3184   	fcall	_EUSART_Write
  2730     047C                     l1024:
  2731     047C  3001               	movlw	1
  2732     047D  07F1               	addwf	UART_SendString@str,f
  2733     047E  3000               	movlw	0
  2734     047F  3DF2               	addwfc	UART_SendString@str+1,f
  2735     0480                     l1026:	
  2736                           ;main.c: 103:         while (EUSART_is_tx_done());
  2737                           
  2738     0480  3182  22F1  3184   	fcall	_EUSART_is_tx_done
  2739     0483  3A00               	xorlw	0
  2740     0484  1D03               	skipz
  2741     0485  2C87               	goto	u151
  2742     0486  2C88               	goto	u150
  2743     0487                     u151:
  2744     0487  2C80               	goto	l1026
  2745     0488                     u150:
  2746     0488                     l1028:
  2747                           
  2748                           ;main.c: 101:     while (*str) {
  2749     0488  0871               	movf	UART_SendString@str,w
  2750     0489  0084               	movwf	4
  2751     048A  0872               	movf	UART_SendString@str+1,w
  2752     048B  0085               	movwf	5
  2753     048C  0012               	moviw fsr0++
  2754     048D  1D03               	btfss	3,2
  2755     048E  2C90               	goto	u161
  2756     048F  2C91               	goto	u160
  2757     0490                     u161:
  2758     0490  2C74               	goto	l1022
  2759     0491                     u160:
  2760     0491                     l67:
  2761     0491  0008               	return
  2762     0492                     __end_of_UART_SendString:
  2763                           
  2764                           	psect	text15
  2765     02F1                     __ptext15:	
  2766 ;; *************** function _EUSART_is_tx_done *****************
  2767 ;; Defined at:
  2768 ;;		line 104 in file "eusart.c"
  2769 ;; Parameters:    Size  Location     Type
  2770 ;;		None
  2771 ;; Auto vars:     Size  Location     Type
  2772 ;;		None
  2773 ;; Return value:  Size  Location     Type
  2774 ;;                  1    wreg      _Bool 
  2775 ;; Registers used:
  2776 ;;		wreg, status,2, status,0
  2777 ;; Tracked objects:
  2778 ;;		On entry : 0/0
  2779 ;;		On exit  : 0/0
  2780 ;;		Unchanged: 0/0
  2781 ;; Data sizes:     COMMON   BANK0   BANK1   BANK2
  2782 ;;      Params:         0       0       0       0
  2783 ;;      Locals:         0       0       0       0
  2784 ;;      Temps:          0       0       0       0
  2785 ;;      Totals:         0       0       0       0
  2786 ;;Total ram usage:        0 bytes
  2787 ;; Hardware stack levels used: 1
  2788 ;; This function calls:
  2789 ;;		Nothing
  2790 ;; This function is called by:
  2791 ;;		_UART_SendString
  2792 ;; This function uses a non-reentrant model
  2793 ;;
  2794                           
  2795     02F1                     _EUSART_is_tx_done:	
  2796                           ;psect for function _EUSART_is_tx_done
  2797                           
  2798     02F1                     l756:	
  2799                           ;incstack = 0
  2800                           ; Regs used in _EUSART_is_tx_done: [wreg+status,2+status,0]
  2801                           
  2802                           
  2803                           ;eusart.c: 106:     return TXSTAbits.TRMT;
  2804     02F1  0023               	movlb	3	; select bank3
  2805     02F2  0C1E               	rrf	30,w	;volatile
  2806     02F3  3901               	andlw	1
  2807     02F4                     l192:
  2808     02F4  0008               	return
  2809     02F5                     __end_of_EUSART_is_tx_done:
  2810                           
  2811                           	psect	text16
  2812     031C                     __ptext16:	
  2813 ;; *************** function _EUSART_Write *****************
  2814 ;; Defined at:
  2815 ;;		line 132 in file "eusart.c"
  2816 ;; Parameters:    Size  Location     Type
  2817 ;;  txData          1    wreg     unsigned char 
  2818 ;; Auto vars:     Size  Location     Type
  2819 ;;  txData          1    0[COMMON] unsigned char 
  2820 ;; Return value:  Size  Location     Type
  2821 ;;                  1    wreg      void 
  2822 ;; Registers used:
  2823 ;;		wreg
  2824 ;; Tracked objects:
  2825 ;;		On entry : 0/0
  2826 ;;		On exit  : 0/0
  2827 ;;		Unchanged: 0/0
  2828 ;; Data sizes:     COMMON   BANK0   BANK1   BANK2
  2829 ;;      Params:         0       0       0       0
  2830 ;;      Locals:         1       0       0       0
  2831 ;;      Temps:          0       0       0       0
  2832 ;;      Totals:         1       0       0       0
  2833 ;;Total ram usage:        1 bytes
  2834 ;; Hardware stack levels used: 1
  2835 ;; This function calls:
  2836 ;;		Nothing
  2837 ;; This function is called by:
  2838 ;;		_UART_SendString
  2839 ;; This function uses a non-reentrant model
  2840 ;;
  2841                           
  2842     031C                     _EUSART_Write:	
  2843                           ;psect for function _EUSART_Write
  2844                           
  2845                           
  2846                           ;incstack = 0
  2847                           ; Regs used in _EUSART_Write: [wreg]
  2848                           ;EUSART_Write@txData stored from wreg
  2849     031C  00F0               	movwf	EUSART_Write@txData
  2850     031D                     l752:
  2851     031D                     l205:	
  2852                           ;eusart.c: 135:     {;eusart.c: 136:     }
  2853                           
  2854                           
  2855                           ;eusart.c: 134:     while(0 == PIR1bits.TXIF)
  2856     031D  0020               	movlb	0	; select bank0
  2857     031E  1E11               	btfss	17,4	;volatile
  2858     031F  2B21               	goto	u11
  2859     0320  2B22               	goto	u10
  2860     0321                     u11:
  2861     0321  2B1D               	goto	l205
  2862     0322                     u10:
  2863     0322                     l754:
  2864                           
  2865                           ;eusart.c: 138:     TXREG = txData;
  2866     0322  0870               	movf	EUSART_Write@txData,w
  2867     0323  0023               	movlb	3	; select bank3
  2868     0324  009A               	movwf	26	;volatile
  2869     0325                     l208:
  2870     0325  0008               	return
  2871     0326                     __end_of_EUSART_Write:
  2872                           
  2873                           	psect	text17
  2874     02F5                     __ptext17:	
  2875 ;; *************** function _ReadPIR *****************
  2876 ;; Defined at:
  2877 ;;		line 122 in file "main.c"
  2878 ;; Parameters:    Size  Location     Type
  2879 ;;		None
  2880 ;; Auto vars:     Size  Location     Type
  2881 ;;		None
  2882 ;; Return value:  Size  Location     Type
  2883 ;;                  1    wreg      _Bool 
  2884 ;; Registers used:
  2885 ;;		wreg, status,2, status,0
  2886 ;; Tracked objects:
  2887 ;;		On entry : 0/0
  2888 ;;		On exit  : 0/0
  2889 ;;		Unchanged: 0/0
  2890 ;; Data sizes:     COMMON   BANK0   BANK1   BANK2
  2891 ;;      Params:         0       0       0       0
  2892 ;;      Locals:         0       0       0       0
  2893 ;;      Temps:          0       0       0       0
  2894 ;;      Totals:         0       0       0       0
  2895 ;;Total ram usage:        0 bytes
  2896 ;; Hardware stack levels used: 1
  2897 ;; This function calls:
  2898 ;;		Nothing
  2899 ;; This function is called by:
  2900 ;;		_test_INT_TC_01
  2901 ;;		_test_INT_TC_02
  2902 ;;		_test_INT_TC_03
  2903 ;;		_test_INT_TC_04
  2904 ;;		_test_INT_TC_05
  2905 ;;		_test_INT_TC_06
  2906 ;;		_test_INT_TC_07
  2907 ;;		_test_INT_TC_08
  2908 ;;		_test_INT_TC_09
  2909 ;;		_test_INT_TC_10
  2910 ;;		_test_INT_TC_11
  2911 ;;		_test_INT_TC_12
  2912 ;; This function uses a non-reentrant model
  2913 ;;
  2914                           
  2915     02F5                     _ReadPIR:	
  2916                           ;psect for function _ReadPIR
  2917                           
  2918     02F5                     l786:	
  2919                           ;incstack = 0
  2920                           ; Regs used in _ReadPIR: [wreg+status,2+status,0]
  2921                           
  2922                           
  2923                           ;main.c: 123:     return PORTAbits.RA5;
  2924     02F5  0020               	movlb	0	; select bank0
  2925     02F6  0E0C               	swapf	12,w	;volatile
  2926     02F7  0C89               	rrf	9,f
  2927     02F8  3901               	andlw	1
  2928     02F9                     l82:
  2929     02F9  0008               	return
  2930     02FA                     __end_of_ReadPIR:
  2931                           
  2932                           	psect	text18
  2933     0333                     __ptext18:	
  2934 ;; *************** function _ReadLDR2 *****************
  2935 ;; Defined at:
  2936 ;;		line 115 in file "main.c"
  2937 ;; Parameters:    Size  Location     Type
  2938 ;;		None
  2939 ;; Auto vars:     Size  Location     Type
  2940 ;;		None
  2941 ;; Return value:  Size  Location     Type
  2942 ;;                  2    0[COMMON] unsigned short 
  2943 ;; Registers used:
  2944 ;;		wreg, status,2, status,0
  2945 ;; Tracked objects:
  2946 ;;		On entry : 0/0
  2947 ;;		On exit  : 0/0
  2948 ;;		Unchanged: 0/0
  2949 ;; Data sizes:     COMMON   BANK0   BANK1   BANK2
  2950 ;;      Params:         2       0       0       0
  2951 ;;      Locals:         0       0       0       0
  2952 ;;      Temps:          0       0       0       0
  2953 ;;      Totals:         2       0       0       0
  2954 ;;Total ram usage:        2 bytes
  2955 ;; Hardware stack levels used: 1
  2956 ;; This function calls:
  2957 ;;		Nothing
  2958 ;; This function is called by:
  2959 ;;		_test_INT_TC_01
  2960 ;;		_test_INT_TC_02
  2961 ;;		_test_INT_TC_03
  2962 ;;		_test_INT_TC_04
  2963 ;;		_test_INT_TC_05
  2964 ;;		_test_INT_TC_06
  2965 ;;		_test_INT_TC_07
  2966 ;;		_test_INT_TC_08
  2967 ;;		_test_INT_TC_09
  2968 ;;		_test_INT_TC_10
  2969 ;;		_test_INT_TC_11
  2970 ;;		_test_INT_TC_12
  2971 ;; This function uses a non-reentrant model
  2972 ;;
  2973                           
  2974     0333                     _ReadLDR2:	
  2975                           ;psect for function _ReadLDR2
  2976                           
  2977     0333                     l1038:	
  2978                           ;incstack = 0
  2979                           ; Regs used in _ReadLDR2: [wreg+status,2+status,0]
  2980                           
  2981                           
  2982                           ;main.c: 116:  ADCON0bits.CHS = (unsigned char) 1;
  2983     0333  0021               	movlb	1	; select bank1
  2984     0334  081D               	movf	29,w	;volatile
  2985     0335  3983               	andlw	-125
  2986     0336  3804               	iorlw	4
  2987     0337  009D               	movwf	29	;volatile
  2988     0338                     l1040:
  2989                           
  2990                           ;main.c: 117:     ADCON0bits.GO_nDONE = 1;
  2991     0338  149D               	bsf	29,1	;volatile
  2992     0339                     l76:	
  2993                           ;main.c: 118:     while (!ADCON0bits.GO_nDONE);
  2994                           
  2995     0339  1C9D               	btfss	29,1	;volatile
  2996     033A  2B3C               	goto	u181
  2997     033B  2B3D               	goto	u180
  2998     033C                     u181:
  2999     033C  2B39               	goto	l76
  3000     033D                     u180:
  3001     033D                     l1042:
  3002                           
  3003                           ;main.c: 119:     return ((uint16_t)((ADRESH << 8) + ADRESL));
  3004     033D  081C               	movf	28,w	;volatile
  3005     033E  00F1               	movwf	?_ReadLDR2+1
  3006     033F  081B               	movf	27,w	;volatile
  3007     0340  00F0               	movwf	?_ReadLDR2
  3008     0341                     l79:
  3009     0341  0008               	return
  3010     0342                     __end_of_ReadLDR2:
  3011                           
  3012                           	psect	text19
  3013     0326                     __ptext19:	
  3014 ;; *************** function _ReadLDR1 *****************
  3015 ;; Defined at:
  3016 ;;		line 107 in file "main.c"
  3017 ;; Parameters:    Size  Location     Type
  3018 ;;		None
  3019 ;; Auto vars:     Size  Location     Type
  3020 ;;		None
  3021 ;; Return value:  Size  Location     Type
  3022 ;;                  2    0[COMMON] unsigned short 
  3023 ;; Registers used:
  3024 ;;		wreg, status,2, status,0
  3025 ;; Tracked objects:
  3026 ;;		On entry : 0/0
  3027 ;;		On exit  : 0/0
  3028 ;;		Unchanged: 0/0
  3029 ;; Data sizes:     COMMON   BANK0   BANK1   BANK2
  3030 ;;      Params:         2       0       0       0
  3031 ;;      Locals:         0       0       0       0
  3032 ;;      Temps:          0       0       0       0
  3033 ;;      Totals:         2       0       0       0
  3034 ;;Total ram usage:        2 bytes
  3035 ;; Hardware stack levels used: 1
  3036 ;; This function calls:
  3037 ;;		Nothing
  3038 ;; This function is called by:
  3039 ;;		_test_INT_TC_01
  3040 ;;		_test_INT_TC_02
  3041 ;;		_test_INT_TC_03
  3042 ;;		_test_INT_TC_04
  3043 ;;		_test_INT_TC_05
  3044 ;;		_test_INT_TC_06
  3045 ;;		_test_INT_TC_07
  3046 ;;		_test_INT_TC_08
  3047 ;;		_test_INT_TC_09
  3048 ;;		_test_INT_TC_10
  3049 ;;		_test_INT_TC_11
  3050 ;;		_test_INT_TC_12
  3051 ;; This function uses a non-reentrant model
  3052 ;;
  3053                           
  3054     0326                     _ReadLDR1:	
  3055                           ;psect for function _ReadLDR1
  3056                           
  3057     0326                     l1030:	
  3058                           ;incstack = 0
  3059                           ; Regs used in _ReadLDR1: [wreg+status,2+status,0]
  3060                           
  3061                           
  3062                           ;main.c: 108:     ADCON0bits.CHS = (unsigned char) 0;
  3063     0326  3083               	movlw	-125
  3064     0327  0021               	movlb	1	; select bank1
  3065     0328  059D               	andwf	29,f	;volatile
  3066     0329                     l1032:
  3067                           
  3068                           ;main.c: 109:     ADCON0bits.GO_nDONE = 1;
  3069     0329  149D               	bsf	29,1	;volatile
  3070     032A                     l70:	
  3071                           ;main.c: 110:     while (!ADCON0bits.GO_nDONE);
  3072                           
  3073     032A  1C9D               	btfss	29,1	;volatile
  3074     032B  2B2D               	goto	u171
  3075     032C  2B2E               	goto	u170
  3076     032D                     u171:
  3077     032D  2B2A               	goto	l70
  3078     032E                     u170:
  3079     032E                     l1034:
  3080                           
  3081                           ;main.c: 111:     return ((uint16_t)((ADRESH << 8) + ADRESL));
  3082     032E  081C               	movf	28,w	;volatile
  3083     032F  00F1               	movwf	?_ReadLDR1+1
  3084     0330  081B               	movf	27,w	;volatile
  3085     0331  00F0               	movwf	?_ReadLDR1
  3086     0332                     l73:
  3087     0332  0008               	return
  3088     0333                     __end_of_ReadLDR1:
  3089                           
  3090                           	psect	text20
  3091     036E                     __ptext20:	
  3092 ;; *************** function _PORT_Initialize *****************
  3093 ;; Defined at:
  3094 ;;		line 41 in file "main.c"
  3095 ;; Parameters:    Size  Location     Type
  3096 ;;		None
  3097 ;; Auto vars:     Size  Location     Type
  3098 ;;		None
  3099 ;; Return value:  Size  Location     Type
  3100 ;;                  1    wreg      void 
  3101 ;; Registers used:
  3102 ;;		status,2
  3103 ;; Tracked objects:
  3104 ;;		On entry : 0/0
  3105 ;;		On exit  : 0/0
  3106 ;;		Unchanged: 0/0
  3107 ;; Data sizes:     COMMON   BANK0   BANK1   BANK2
  3108 ;;      Params:         0       0       0       0
  3109 ;;      Locals:         0       0       0       0
  3110 ;;      Temps:          0       0       0       0
  3111 ;;      Totals:         0       0       0       0
  3112 ;;Total ram usage:        0 bytes
  3113 ;; Hardware stack levels used: 1
  3114 ;; This function calls:
  3115 ;;		Nothing
  3116 ;; This function is called by:
  3117 ;;		_main
  3118 ;; This function uses a non-reentrant model
  3119 ;;
  3120                           
  3121     036E                     _PORT_Initialize:	
  3122                           ;psect for function _PORT_Initialize
  3123                           
  3124     036E                     l814:	
  3125                           ;incstack = 0
  3126                           ; Regs used in _PORT_Initialize: [status,2]
  3127                           
  3128                           
  3129                           ;main.c: 46:     LATAbits.LATA5 = 1;
  3130     036E  0022               	movlb	2	; select bank2
  3131     036F  168C               	bsf	12,5	;volatile
  3132                           
  3133                           ;main.c: 47:     LATAbits.LATA4 = 0;
  3134     0370  120C               	bcf	12,4	;volatile
  3135                           
  3136                           ;main.c: 48:     LATAbits.LATA2 = 0;
  3137     0371  110C               	bcf	12,2	;volatile
  3138                           
  3139                           ;main.c: 55:     TRISAbits.TRISA4 = 0;
  3140     0372  0021               	movlb	1	; select bank1
  3141     0373  120C               	bcf	12,4	;volatile
  3142                           
  3143                           ;main.c: 56:     TRISAbits.TRISA5 = 0;
  3144     0374  128C               	bcf	12,5	;volatile
  3145                           
  3146                           ;main.c: 57:     TRISAbits.TRISA0 = 0;
  3147     0375  100C               	bcf	12,0	;volatile
  3148                           
  3149                           ;main.c: 58:     TRISAbits.TRISA1 = 0;
  3150     0376  108C               	bcf	12,1	;volatile
  3151                           
  3152                           ;main.c: 59:     TRISAbits.TRISA2 = 0;
  3153     0377  110C               	bcf	12,2	;volatile
  3154                           
  3155                           ;main.c: 66:     ANSELA = 0x03;
  3156     0378  3003               	movlw	3
  3157     0379  0023               	movlb	3	; select bank3
  3158     037A  008C               	movwf	12	;volatile
  3159     037B                     l816:
  3160                           
  3161                           ;main.c: 71:     WPUA = 0x00;
  3162     037B  0024               	movlb	4	; select bank4
  3163     037C  018C               	clrf	12	;volatile
  3164     037D                     l818:
  3165                           
  3166                           ;main.c: 72:     OPTION_REGbits.nWPUEN = 1;
  3167     037D  0021               	movlb	1	; select bank1
  3168     037E  1795               	bsf	21,7	;volatile
  3169                           
  3170                           ;main.c: 77:     ODCONA = 0x00;
  3171     037F  0025               	movlb	5	; select bank5
  3172     0380  018C               	clrf	12	;volatile
  3173     0381                     l820:
  3174                           
  3175                           ;main.c: 82:     SLRCONA = 0x37;
  3176     0381  3037               	movlw	55
  3177     0382  0026               	movlb	6	; select bank6
  3178     0383  008C               	movwf	12	;volatile
  3179     0384                     l822:
  3180                           
  3181                           ;main.c: 87:     INLVLA = 0x3F;
  3182     0384  303F               	movlw	63
  3183     0385  0027               	movlb	7	; select bank7
  3184     0386  008C               	movwf	12	;volatile
  3185     0387                     l824:
  3186                           
  3187                           ;main.c: 92:     APFCON = 0x04;}
  3188     0387  3004               	movlw	4
  3189     0388  0022               	movlb	2	; select bank2
  3190     0389  009D               	movwf	29	;volatile
  3191     038A                     l55:
  3192     038A  0008               	return
  3193     038B                     __end_of_PORT_Initialize:
  3194                           
  3195                           	psect	text21
  3196     030C                     __ptext21:	
  3197 ;; *************** function _OSCILLATOR_Initialize *****************
  3198 ;; Defined at:
  3199 ;;		line 94 in file "main.c"
  3200 ;; Parameters:    Size  Location     Type
  3201 ;;		None
  3202 ;; Auto vars:     Size  Location     Type
  3203 ;;		None
  3204 ;; Return value:  Size  Location     Type
  3205 ;;                  1    wreg      void 
  3206 ;; Registers used:
  3207 ;;		status,2
  3208 ;; Tracked objects:
  3209 ;;		On entry : 0/0
  3210 ;;		On exit  : 0/0
  3211 ;;		Unchanged: 0/0
  3212 ;; Data sizes:     COMMON   BANK0   BANK1   BANK2
  3213 ;;      Params:         0       0       0       0
  3214 ;;      Locals:         0       0       0       0
  3215 ;;      Temps:          0       0       0       0
  3216 ;;      Totals:         0       0       0       0
  3217 ;;Total ram usage:        0 bytes
  3218 ;; Hardware stack levels used: 1
  3219 ;; This function calls:
  3220 ;;		Nothing
  3221 ;; This function is called by:
  3222 ;;		_main
  3223 ;; This function uses a non-reentrant model
  3224 ;;
  3225                           
  3226     030C                     _OSCILLATOR_Initialize:	
  3227                           ;psect for function _OSCILLATOR_Initialize
  3228                           
  3229     030C                     l826:	
  3230                           ;incstack = 0
  3231                           ; Regs used in _OSCILLATOR_Initialize: [status,2]
  3232                           
  3233                           
  3234                           ;main.c: 95:     OSCCON = 0x6A;
  3235     030C  306A               	movlw	106
  3236     030D  0021               	movlb	1	; select bank1
  3237     030E  0099               	movwf	25	;volatile
  3238     030F                     l828:
  3239                           
  3240                           ;main.c: 96:     OSCTUNE = 0x00;
  3241     030F  0198               	clrf	24	;volatile
  3242                           
  3243                           ;main.c: 97:     BORCON = 0x00;
  3244     0310  0022               	movlb	2	; select bank2
  3245     0311  0196               	clrf	22	;volatile
  3246     0312                     l58:
  3247     0312  0008               	return
  3248     0313                     __end_of_OSCILLATOR_Initialize:
  3249                           
  3250                           	psect	text22
  3251     0492                     __ptext22:	
  3252 ;; *************** function _EUSART_Initialize *****************
  3253 ;; Defined at:
  3254 ;;		line 66 in file "eusart.c"
  3255 ;; Parameters:    Size  Location     Type
  3256 ;;		None
  3257 ;; Auto vars:     Size  Location     Type
  3258 ;;		None
  3259 ;; Return value:  Size  Location     Type
  3260 ;;                  1    wreg      void 
  3261 ;; Registers used:
  3262 ;;		wreg, status,2, status,0, pclath, cstack
  3263 ;; Tracked objects:
  3264 ;;		On entry : 0/0
  3265 ;;		On exit  : 0/0
  3266 ;;		Unchanged: 0/0
  3267 ;; Data sizes:     COMMON   BANK0   BANK1   BANK2
  3268 ;;      Params:         0       0       0       0
  3269 ;;      Locals:         0       0       0       0
  3270 ;;      Temps:          0       0       0       0
  3271 ;;      Totals:         0       0       0       0
  3272 ;;Total ram usage:        0 bytes
  3273 ;; Hardware stack levels used: 1
  3274 ;; Hardware stack levels required when called: 1
  3275 ;; This function calls:
  3276 ;;		_EUSART_SetErrorHandler
  3277 ;;		_EUSART_SetFramingErrorHandler
  3278 ;;		_EUSART_SetOverrunErrorHandler
  3279 ;; This function is called by:
  3280 ;;		_main
  3281 ;; This function uses a non-reentrant model
  3282 ;;
  3283                           
  3284     0492                     _EUSART_Initialize:	
  3285                           ;psect for function _EUSART_Initialize
  3286                           
  3287     0492                     l1186:	
  3288                           ;incstack = 0
  3289                           ; Regs used in _EUSART_Initialize: [wreg+status,2+status,0+pclath+cstack]
  3290                           
  3291                           
  3292                           ;eusart.c: 71:     BAUDCON = 0x08;
  3293     0492  3008               	movlw	8
  3294     0493  0023               	movlb	3	; select bank3
  3295     0494  009F               	movwf	31	;volatile
  3296                           
  3297                           ;eusart.c: 74:     RCSTA = 0x80;
  3298     0495  3080               	movlw	128
  3299     0496  009D               	movwf	29	;volatile
  3300                           
  3301                           ;eusart.c: 77:     TXSTA = 0x24;
  3302     0497  3024               	movlw	36
  3303     0498  009E               	movwf	30	;volatile
  3304                           
  3305                           ;eusart.c: 80:     SPBRGL = 0x67;
  3306     0499  3067               	movlw	103
  3307     049A  009B               	movwf	27	;volatile
  3308     049B                     l1188:
  3309                           
  3310                           ;eusart.c: 83:     SPBRGH = 0x00;
  3311     049B  019C               	clrf	28	;volatile
  3312     049C                     l1190:
  3313                           
  3314                           ;eusart.c: 86:     EUSART_SetFramingErrorHandler(EUSART_DefaultFramingErrorHandler);
  3315     049C  3000               	movlw	0
  3316     049D  00F0               	movwf	EUSART_SetFramingErrorHandler@interruptHandler
  3317     049E  3000               	movlw	0
  3318     049F  00F1               	movwf	EUSART_SetFramingErrorHandler@interruptHandler+1
  3319     04A0  3183  2300  3184   	fcall	_EUSART_SetFramingErrorHandler
  3320     04A3                     l1192:
  3321                           
  3322                           ;eusart.c: 87:     EUSART_SetOverrunErrorHandler(EUSART_DefaultOverrunErrorHandler);
  3323     04A3  3000               	movlw	0
  3324     04A4  00F0               	movwf	EUSART_SetOverrunErrorHandler@interruptHandler
  3325     04A5  3000               	movlw	0
  3326     04A6  00F1               	movwf	EUSART_SetOverrunErrorHandler@interruptHandler+1
  3327     04A7  3183  2306  3184   	fcall	_EUSART_SetOverrunErrorHandler
  3328     04AA                     l1194:
  3329                           
  3330                           ;eusart.c: 88:     EUSART_SetErrorHandler(EUSART_DefaultErrorHandler);
  3331     04AA  3000               	movlw	0
  3332     04AB  00F0               	movwf	EUSART_SetErrorHandler@interruptHandler
  3333     04AC  3000               	movlw	0
  3334     04AD  00F1               	movwf	EUSART_SetErrorHandler@interruptHandler+1
  3335     04AE  3182  22FA  3184   	fcall	_EUSART_SetErrorHandler
  3336     04B1                     l1196:
  3337                           
  3338                           ;eusart.c: 90:     eusartRxLastError.status = 0;
  3339     04B1  01FD               	clrf	_eusartRxLastError	;volatile
  3340     04B2                     l181:
  3341     04B2  0008               	return
  3342     04B3                     __end_of_EUSART_Initialize:
  3343                           
  3344                           	psect	text23
  3345     0306                     __ptext23:	
  3346 ;; *************** function _EUSART_SetOverrunErrorHandler *****************
  3347 ;; Defined at:
  3348 ;;		line 161 in file "eusart.c"
  3349 ;; Parameters:    Size  Location     Type
  3350 ;;  interruptHan    2    0[COMMON] PTR FTN()void 
  3351 ;;		 -> EUSART_DefaultOverrunErrorHandler(1), 
  3352 ;; Auto vars:     Size  Location     Type
  3353 ;;		None
  3354 ;; Return value:  Size  Location     Type
  3355 ;;                  1    wreg      void 
  3356 ;; Registers used:
  3357 ;;		wreg
  3358 ;; Tracked objects:
  3359 ;;		On entry : 0/0
  3360 ;;		On exit  : 0/0
  3361 ;;		Unchanged: 0/0
  3362 ;; Data sizes:     COMMON   BANK0   BANK1   BANK2
  3363 ;;      Params:         2       0       0       0
  3364 ;;      Locals:         0       0       0       0
  3365 ;;      Temps:          0       0       0       0
  3366 ;;      Totals:         2       0       0       0
  3367 ;;Total ram usage:        2 bytes
  3368 ;; Hardware stack levels used: 1
  3369 ;; This function calls:
  3370 ;;		Nothing
  3371 ;; This function is called by:
  3372 ;;		_EUSART_Initialize
  3373 ;; This function uses a non-reentrant model
  3374 ;;
  3375                           
  3376     0306                     _EUSART_SetOverrunErrorHandler:	
  3377                           ;psect for function _EUSART_SetOverrunErrorHandler
  3378                           
  3379     0306                     l1066:	
  3380                           ;incstack = 0
  3381                           ; Regs used in _EUSART_SetOverrunErrorHandler: [wreg]
  3382                           
  3383                           
  3384                           ;eusart.c: 162:     EUSART_OverrunErrorHandler = interruptHandler;
  3385     0306  0871               	movf	EUSART_SetOverrunErrorHandler@interruptHandler+1,w
  3386     0307  0020               	movlb	0	; select bank0
  3387     0308  00A3               	movwf	_EUSART_OverrunErrorHandler+1
  3388     0309  0870               	movf	EUSART_SetOverrunErrorHandler@interruptHandler,w
  3389     030A  00A2               	movwf	_EUSART_OverrunErrorHandler
  3390     030B                     l223:
  3391     030B  0008               	return
  3392     030C                     __end_of_EUSART_SetOverrunErrorHandler:
  3393                           
  3394                           	psect	text24
  3395     0300                     __ptext24:	
  3396 ;; *************** function _EUSART_SetFramingErrorHandler *****************
  3397 ;; Defined at:
  3398 ;;		line 157 in file "eusart.c"
  3399 ;; Parameters:    Size  Location     Type
  3400 ;;  interruptHan    2    0[COMMON] PTR FTN()void 
  3401 ;;		 -> EUSART_DefaultFramingErrorHandler(1), 
  3402 ;; Auto vars:     Size  Location     Type
  3403 ;;		None
  3404 ;; Return value:  Size  Location     Type
  3405 ;;                  1    wreg      void 
  3406 ;; Registers used:
  3407 ;;		wreg
  3408 ;; Tracked objects:
  3409 ;;		On entry : 0/0
  3410 ;;		On exit  : 0/0
  3411 ;;		Unchanged: 0/0
  3412 ;; Data sizes:     COMMON   BANK0   BANK1   BANK2
  3413 ;;      Params:         2       0       0       0
  3414 ;;      Locals:         0       0       0       0
  3415 ;;      Temps:          0       0       0       0
  3416 ;;      Totals:         2       0       0       0
  3417 ;;Total ram usage:        2 bytes
  3418 ;; Hardware stack levels used: 1
  3419 ;; This function calls:
  3420 ;;		Nothing
  3421 ;; This function is called by:
  3422 ;;		_EUSART_Initialize
  3423 ;; This function uses a non-reentrant model
  3424 ;;
  3425                           
  3426     0300                     _EUSART_SetFramingErrorHandler:	
  3427                           ;psect for function _EUSART_SetFramingErrorHandler
  3428                           
  3429     0300                     l1064:	
  3430                           ;incstack = 0
  3431                           ; Regs used in _EUSART_SetFramingErrorHandler: [wreg]
  3432                           
  3433                           
  3434                           ;eusart.c: 158:     EUSART_FramingErrorHandler = interruptHandler;
  3435     0300  0871               	movf	EUSART_SetFramingErrorHandler@interruptHandler+1,w
  3436     0301  0020               	movlb	0	; select bank0
  3437     0302  00A5               	movwf	_EUSART_FramingErrorHandler+1
  3438     0303  0870               	movf	EUSART_SetFramingErrorHandler@interruptHandler,w
  3439     0304  00A4               	movwf	_EUSART_FramingErrorHandler
  3440     0305                     l220:
  3441     0305  0008               	return
  3442     0306                     __end_of_EUSART_SetFramingErrorHandler:
  3443                           
  3444                           	psect	text25
  3445     02FA                     __ptext25:	
  3446 ;; *************** function _EUSART_SetErrorHandler *****************
  3447 ;; Defined at:
  3448 ;;		line 165 in file "eusart.c"
  3449 ;; Parameters:    Size  Location     Type
  3450 ;;  interruptHan    2    0[COMMON] PTR FTN()void 
  3451 ;;		 -> EUSART_DefaultErrorHandler(1), 
  3452 ;; Auto vars:     Size  Location     Type
  3453 ;;		None
  3454 ;; Return value:  Size  Location     Type
  3455 ;;                  1    wreg      void 
  3456 ;; Registers used:
  3457 ;;		wreg
  3458 ;; Tracked objects:
  3459 ;;		On entry : 0/0
  3460 ;;		On exit  : 0/0
  3461 ;;		Unchanged: 0/0
  3462 ;; Data sizes:     COMMON   BANK0   BANK1   BANK2
  3463 ;;      Params:         2       0       0       0
  3464 ;;      Locals:         0       0       0       0
  3465 ;;      Temps:          0       0       0       0
  3466 ;;      Totals:         2       0       0       0
  3467 ;;Total ram usage:        2 bytes
  3468 ;; Hardware stack levels used: 1
  3469 ;; This function calls:
  3470 ;;		Nothing
  3471 ;; This function is called by:
  3472 ;;		_EUSART_Initialize
  3473 ;; This function uses a non-reentrant model
  3474 ;;
  3475                           
  3476     02FA                     _EUSART_SetErrorHandler:	
  3477                           ;psect for function _EUSART_SetErrorHandler
  3478                           
  3479     02FA                     l1068:	
  3480                           ;incstack = 0
  3481                           ; Regs used in _EUSART_SetErrorHandler: [wreg]
  3482                           
  3483                           
  3484                           ;eusart.c: 166:     EUSART_ErrorHandler = interruptHandler;
  3485     02FA  0871               	movf	EUSART_SetErrorHandler@interruptHandler+1,w
  3486     02FB  0020               	movlb	0	; select bank0
  3487     02FC  00A1               	movwf	_EUSART_ErrorHandler+1
  3488     02FD  0870               	movf	EUSART_SetErrorHandler@interruptHandler,w
  3489     02FE  00A0               	movwf	_EUSART_ErrorHandler
  3490     02FF                     l226:
  3491     02FF  0008               	return
  3492     0300                     __end_of_EUSART_SetErrorHandler:
  3493                           
  3494                           	psect	text26
  3495     0313                     __ptext26:	
  3496 ;; *************** function _ADC_Initialize *****************
  3497 ;; Defined at:
  3498 ;;		line 126 in file "main.c"
  3499 ;; Parameters:    Size  Location     Type
  3500 ;;		None
  3501 ;; Auto vars:     Size  Location     Type
  3502 ;;		None
  3503 ;; Return value:  Size  Location     Type
  3504 ;;                  1    wreg      void 
  3505 ;; Registers used:
  3506 ;;		status,2
  3507 ;; Tracked objects:
  3508 ;;		On entry : 0/0
  3509 ;;		On exit  : 0/0
  3510 ;;		Unchanged: 0/0
  3511 ;; Data sizes:     COMMON   BANK0   BANK1   BANK2
  3512 ;;      Params:         0       0       0       0
  3513 ;;      Locals:         0       0       0       0
  3514 ;;      Temps:          0       0       0       0
  3515 ;;      Totals:         0       0       0       0
  3516 ;;Total ram usage:        0 bytes
  3517 ;; Hardware stack levels used: 1
  3518 ;; This function calls:
  3519 ;;		Nothing
  3520 ;; This function is called by:
  3521 ;;		_main
  3522 ;; This function uses a non-reentrant model
  3523 ;;
  3524                           
  3525     0313                     _ADC_Initialize:	
  3526                           ;psect for function _ADC_Initialize
  3527                           
  3528     0313                     l830:	
  3529                           ;incstack = 0
  3530                           ; Regs used in _ADC_Initialize: [status,2]
  3531                           
  3532                           
  3533                           ;main.c: 131:     ADCON1 = 0xA0;
  3534     0313  30A0               	movlw	160
  3535     0314  0021               	movlb	1	; select bank1
  3536     0315  009E               	movwf	30	;volatile
  3537     0316                     l832:
  3538                           
  3539                           ;main.c: 134:     ADCON2 = 0x00;
  3540     0316  019F               	clrf	31	;volatile
  3541                           
  3542                           ;main.c: 137:     ADRESL = 0x00;
  3543     0317  019B               	clrf	27	;volatile
  3544                           
  3545                           ;main.c: 140:     ADRESH = 0x00;
  3546     0318  019C               	clrf	28	;volatile
  3547     0319                     l834:
  3548                           
  3549                           ;main.c: 143:     ADCON0 = 0x01;
  3550     0319  3001               	movlw	1
  3551     031A  009D               	movwf	29	;volatile
  3552     031B                     l85:
  3553     031B  0008               	return
  3554     031C                     __end_of_ADC_Initialize:
  3555     0000                     ___latbits      equ	0
  3556     007E                     btemp           set	126	;btemp
  3557     007E                     wtemp0          set	126
  3558                           
  3559                           	psect	idloc
  3560                           
  3561                           ;Config register IDLOC0 @ 0x8000
  3562                           ;	unspecified, using default values
  3563     8000                     	org	32768
  3564     8000  3FFF               	dw	16383
  3565                           
  3566                           ;Config register IDLOC1 @ 0x8001
  3567                           ;	unspecified, using default values
  3568     8001                     	org	32769
  3569     8001  3FFF               	dw	16383
  3570                           
  3571                           ;Config register IDLOC2 @ 0x8002
  3572                           ;	unspecified, using default values
  3573     8002                     	org	32770
  3574     8002  3FFF               	dw	16383
  3575                           
  3576                           ;Config register IDLOC3 @ 0x8003
  3577                           ;	unspecified, using default values
  3578     8003                     	org	32771
  3579     8003  3FFF               	dw	16383
  3580                           
  3581                           	psect	config
  3582                           
  3583                           ;Config register CONFIG1 @ 0x8007
  3584                           ;	
  3585                           ;	FOSC = INTOSC, INTOSC oscillator; I/O function on CLKIN pin
  3586                           ;	Watchdog Timer Enable
  3587                           ;	WDTE = OFF, WDT disabled
  3588                           ;	Power-up Timer Enable
  3589                           ;	PWRTE = OFF, PWRT disabled
  3590                           ;	MCLR Pin Function Select
  3591                           ;	MCLRE = ON, MCLR/VPP pin function is MCLR
  3592                           ;	Flash Program Memory Code Protection
  3593                           ;	CP = OFF, Program memory code protection is disabled
  3594                           ;	Brown-out Reset Enable
  3595                           ;	BOREN = ON, Brown-out Reset enabled
  3596                           ;	Clock Out Enable
  3597                           ;	CLKOUTEN = OFF, CLKOUT function is disabled. I/O or oscillator function on the CLKOUT 
      +                          pin
  3598     8007                     	org	32775
  3599     8007  3FE4               	dw	16356
  3600                           
  3601                           ;Config register CONFIG2 @ 0x8008
  3602                           ;	Flash Memory Self-Write Protection
  3603                           ;	WRT = OFF, Write protection off
  3604                           ;	PLL Enable
  3605                           ;	PLLEN = OFF, 4x PLL disabled
  3606                           ;	Stack Overflow/Underflow Reset Enable
  3607                           ;	STVREN = ON, Stack Overflow or Underflow will cause a Reset
  3608                           ;	Brown-out Reset Voltage Selection
  3609                           ;	BORV = LO, Brown-out Reset Voltage (Vbor), low trip point selected.
  3610                           ;	Low Power Brown-out Reset enable bit
  3611                           ;	LPBOREN = OFF, LPBOR is disabled
  3612                           ;	Low-Voltage Programming Enable
  3613                           ;	LVP = ON, Low-voltage programming enabled
  3614     8008                     	org	32776
  3615     8008  3EFF               	dw	16127

Data Sizes:
    Strings     563
    Constant    0
    Data        0
    BSS         1
    Persistent  43
    Stack       0

Auto Spaces:
    Space          Size  Autos    Used
    COMMON           14      8      14
    BANK0            80      0       6
    BANK1            80      0       0
    BANK2            80      0       0

Pointer List with Targets:

    EUSART_ErrorHandler	PTR FTN()void  size(2) Largest target is 1
		 -> EUSART_DefaultErrorHandler(), NULL(), 

    EUSART_FramingErrorHandler	PTR FTN()void  size(2) Largest target is 1
		 -> EUSART_DefaultFramingErrorHandler(), NULL(), 

    EUSART_OverrunErrorHandler	PTR FTN()void  size(2) Largest target is 1
		 -> EUSART_DefaultOverrunErrorHandler(), NULL(), 

    EUSART_SetErrorHandler@interruptHandler	PTR FTN()void  size(2) Largest target is 1
		 -> EUSART_DefaultErrorHandler(), 

    EUSART_SetFramingErrorHandler@interruptHandler	PTR FTN()void  size(2) Largest target is 1
		 -> EUSART_DefaultFramingErrorHandler(), 

    EUSART_SetOverrunErrorHandler@interruptHandler	PTR FTN()void  size(2) Largest target is 1
		 -> EUSART_DefaultOverrunErrorHandler(), 

    UART_SendString@str	PTR const unsigned char  size(2) Largest target is 55
		 -> STR_1(CODE[25]), STR_10(CODE[46]), STR_11(CODE[55]), STR_12(CODE[36]), 
		 -> STR_13(CODE[50]), STR_14(CODE[44]), STR_2(CODE[19]), STR_3(CODE[36]), 
		 -> STR_4(CODE[39]), STR_5(CODE[38]), STR_6(CODE[41]), STR_7(CODE[42]), 
		 -> STR_8(CODE[49]), STR_9(CODE[43]), 


Critical Paths under _main in COMMON

    _main->_test_INT_TC_09
    _main->_test_INT_TC_12
    _test_INT_TC_12->_UART_SendString
    _test_INT_TC_11->_UART_SendString
    _test_INT_TC_10->_UART_SendString
    _test_INT_TC_09->_UART_SendString
    _test_INT_TC_08->_UART_SendString
    _test_INT_TC_07->_UART_SendString
    _test_INT_TC_06->_UART_SendString
    _test_INT_TC_05->_UART_SendString
    _test_INT_TC_04->_UART_SendString
    _test_INT_TC_03->_UART_SendString
    _test_INT_TC_02->_UART_SendString
    _test_INT_TC_01->_UART_SendString
    _evaluate_and_act->_UART_SendString
    _UART_SendString->_EUSART_Write
    _EUSART_Initialize->_EUSART_SetErrorHandler
    _EUSART_Initialize->_EUSART_SetFramingErrorHandler
    _EUSART_Initialize->_EUSART_SetOverrunErrorHandler

Critical Paths under _main in BANK0

    None.

Critical Paths under _main in BANK1

    None.

Critical Paths under _main in BANK2

    None.

Call Graph Tables:

 ---------------------------------------------------------------------------------
 (Depth) Function   	        Calls       Base Space   Used Autos Params    Refs
 ---------------------------------------------------------------------------------
 (0) _main                                                 0     0      0    1937
                     _ADC_Initialize
                  _EUSART_Initialize
              _OSCILLATOR_Initialize
                    _PORT_Initialize
                     _test_INT_TC_01
                     _test_INT_TC_02
                     _test_INT_TC_03
                     _test_INT_TC_04
                     _test_INT_TC_05
                     _test_INT_TC_06
                     _test_INT_TC_07
                     _test_INT_TC_08
                     _test_INT_TC_09
                     _test_INT_TC_10
                     _test_INT_TC_11
                     _test_INT_TC_12
 ---------------------------------------------------------------------------------
 (1) _test_INT_TC_12                                       4     4      0     194
                                              4 COMMON     4     4      0
                           _ReadLDR1
                           _ReadLDR2
                            _ReadPIR
                    _UART_SendString
                   _evaluate_and_act
 ---------------------------------------------------------------------------------
 (1) _test_INT_TC_11                                       2     2      0     148
                                              4 COMMON     2     2      0
                           _ReadLDR1
                           _ReadLDR2
                            _ReadPIR
                    _UART_SendString
                   _evaluate_and_act
 ---------------------------------------------------------------------------------
 (1) _test_INT_TC_10                                       0     0      0     148
                           _ReadLDR1
                           _ReadLDR2
                            _ReadPIR
                    _UART_SendString
                   _evaluate_and_act
 ---------------------------------------------------------------------------------
 (1) _test_INT_TC_09                                       4     4      0     194
                                              4 COMMON     4     4      0
                           _ReadLDR1
                           _ReadLDR2
                            _ReadPIR
                    _UART_SendString
                   _evaluate_and_act
 ---------------------------------------------------------------------------------
 (1) _test_INT_TC_08                                       0     0      0     148
                           _ReadLDR1
                           _ReadLDR2
                            _ReadPIR
                    _UART_SendString
                   _evaluate_and_act
 ---------------------------------------------------------------------------------
 (1) _test_INT_TC_07                                       0     0      0     148
                           _ReadLDR1
                           _ReadLDR2
                            _ReadPIR
                    _UART_SendString
                   _evaluate_and_act
 ---------------------------------------------------------------------------------
 (1) _test_INT_TC_06                                       0     0      0     148
                           _ReadLDR1
                           _ReadLDR2
                            _ReadPIR
                    _UART_SendString
                   _evaluate_and_act
 ---------------------------------------------------------------------------------
 (1) _test_INT_TC_05                                       2     2      0     148
                                              4 COMMON     2     2      0
                           _ReadLDR1
                           _ReadLDR2
                            _ReadPIR
                    _UART_SendString
                   _evaluate_and_act
 ---------------------------------------------------------------------------------
 (1) _test_INT_TC_04                                       0     0      0     148
                           _ReadLDR1
                           _ReadLDR2
                            _ReadPIR
                    _UART_SendString
                   _evaluate_and_act
 ---------------------------------------------------------------------------------
 (1) _test_INT_TC_03                                       0     0      0     148
                           _ReadLDR1
                           _ReadLDR2
                            _ReadPIR
                    _UART_SendString
                   _evaluate_and_act
 ---------------------------------------------------------------------------------
 (1) _test_INT_TC_02                                       0     0      0     148
                           _ReadLDR1
                           _ReadLDR2
                            _ReadPIR
                    _UART_SendString
                   _evaluate_and_act
 ---------------------------------------------------------------------------------
 (1) _test_INT_TC_01                                       0     0      0     148
                           _ReadLDR1
                           _ReadLDR2
                            _ReadPIR
                    _UART_SendString
                   _evaluate_and_act
 ---------------------------------------------------------------------------------
 (2) _evaluate_and_act                                     0     0      0      74
                    _UART_SendString
 ---------------------------------------------------------------------------------
 (3) _UART_SendString                                      3     1      2      74
                                              1 COMMON     3     1      2
                       _EUSART_Write
                  _EUSART_is_tx_done
 ---------------------------------------------------------------------------------
 (4) _EUSART_is_tx_done                                    0     0      0       0
 ---------------------------------------------------------------------------------
 (4) _EUSART_Write                                         1     1      0      15
                                              0 COMMON     1     1      0
 ---------------------------------------------------------------------------------
 (2) _ReadPIR                                              0     0      0       0
 ---------------------------------------------------------------------------------
 (2) _ReadLDR2                                             2     0      2       0
                                              0 COMMON     2     0      2
 ---------------------------------------------------------------------------------
 (2) _ReadLDR1                                             2     0      2       0
                                              0 COMMON     2     0      2
 ---------------------------------------------------------------------------------
 (1) _PORT_Initialize                                      0     0      0       0
 ---------------------------------------------------------------------------------
 (1) _OSCILLATOR_Initialize                                0     0      0       0
 ---------------------------------------------------------------------------------
 (1) _EUSART_Initialize                                    0     0      0      69
             _EUSART_SetErrorHandler
      _EUSART_SetFramingErrorHandler
      _EUSART_SetOverrunErrorHandler
 ---------------------------------------------------------------------------------
 (2) _EUSART_SetOverrunErrorHandler                        2     0      2      23
                                              0 COMMON     2     0      2
 ---------------------------------------------------------------------------------
 (2) _EUSART_SetFramingErrorHandler                        2     0      2      23
                                              0 COMMON     2     0      2
 ---------------------------------------------------------------------------------
 (2) _EUSART_SetErrorHandler                               2     0      2      23
                                              0 COMMON     2     0      2
 ---------------------------------------------------------------------------------
 (1) _ADC_Initialize                                       0     0      0       0
 ---------------------------------------------------------------------------------
 Estimated maximum stack depth 4
 ---------------------------------------------------------------------------------

 Call Graph Graphs:

 _main (ROOT)
   _ADC_Initialize
   _EUSART_Initialize
     _EUSART_SetErrorHandler
     _EUSART_SetFramingErrorHandler
     _EUSART_SetOverrunErrorHandler
   _OSCILLATOR_Initialize
   _PORT_Initialize
   _test_INT_TC_01
     _ReadLDR1
     _ReadLDR2
     _ReadPIR
     _UART_SendString
       _EUSART_Write
       _EUSART_is_tx_done
     _evaluate_and_act
       _UART_SendString
   _test_INT_TC_02
     _ReadLDR1
     _ReadLDR2
     _ReadPIR
     _UART_SendString
     _evaluate_and_act
   _test_INT_TC_03
     _ReadLDR1
     _ReadLDR2
     _ReadPIR
     _UART_SendString
     _evaluate_and_act
   _test_INT_TC_04
     _ReadLDR1
     _ReadLDR2
     _ReadPIR
     _UART_SendString
     _evaluate_and_act
   _test_INT_TC_05
     _ReadLDR1
     _ReadLDR2
     _ReadPIR
     _UART_SendString
     _evaluate_and_act
   _test_INT_TC_06
     _ReadLDR1
     _ReadLDR2
     _ReadPIR
     _UART_SendString
     _evaluate_and_act
   _test_INT_TC_07
     _ReadLDR1
     _ReadLDR2
     _ReadPIR
     _UART_SendString
     _evaluate_and_act
   _test_INT_TC_08
     _ReadLDR1
     _ReadLDR2
     _ReadPIR
     _UART_SendString
     _evaluate_and_act
   _test_INT_TC_09
     _ReadLDR1
     _ReadLDR2
     _ReadPIR
     _UART_SendString
     _evaluate_and_act
   _test_INT_TC_10
     _ReadLDR1
     _ReadLDR2
     _ReadPIR
     _UART_SendString
     _evaluate_and_act
   _test_INT_TC_11
     _ReadLDR1
     _ReadLDR2
     _ReadPIR
     _UART_SendString
     _evaluate_and_act
   _test_INT_TC_12
     _ReadLDR1
     _ReadLDR2
     _ReadPIR
     _UART_SendString
     _evaluate_and_act

Address spaces:
Name               Size   Autos  Total    Usage
BITCOMMON           14      0       0      0.0%
BITBANK0            80      0       0      0.0%
BITBANK1            80      0       0      0.0%
BITBANK2            80      0       0      0.0%
BIGRAM             240      0       0      0.0%
COMMON              14      8      14    100.0%
BANK0               80      0       6      7.5%
BANK1               80      0       0      0.0%
BANK2               80      0       0      0.0%
STACK                0      0       0      0.0%
DATA                 0      0      20      0.0%


Microchip Technology PIC Macro Assembler V3.00 build 20241204225717 
Symbol Table                                                                                   Sat Jul 26 09:57:36 2025

                                           l70 032A                                             l55 038A  
                                           l73 0332                                             l58 0312  
                                           l82 02F9                                             l90 061E  
                                           l67 0491                                             l76 0339  
                                           l85 031B                                             l93 03A7  
                                           l79 0341                                             l96 03C4  
                                           l99 03E1                                             u10 0322  
                                           u11 0321                                            l102 03FE  
                                          l111 0438                                            l105 07FC  
                                          l114 0455                                            l122 0472  
                                          l130 07BE                                            l220 0305  
                                          l108 041B                                            l205 031D  
                                          l125 064C                                            l223 030B  
                                          l119 0782                                            l135 06DC  
                                          l208 0325                                            l136 06DC  
                                          l226 02FF                                            l181 04B2  
                                          l192 02F4                                            l820 0381  
                                          l830 0313                                            l822 0384  
                                          l814 036E                                            l832 0316  
                                          l824 0387                                            l816 037B  
                                          l752 031D                                            l834 0319  
                                          l826 030C                                            l818 037D  
                                          l754 0322                                            l828 030F  
                                          l756 02F1                                            l786 02F5  
                                          u200 0604                                            u201 0603  
                                          u210 0609                                            u211 0608  
                                          u220 077B                                            u221 077A  
                                          u150 0488                                            u230 07B7  
                                          u151 0487                                            u231 07B6  
                                          u160 0491                                            u161 0490  
                                          u225 0777                                            u170 032E  
                                          u171 032D                                            u235 07B3  
                                          u180 033D                                            u181 033C  
                                          u190 05FB                                            u191 05FA  
                                          u247 079F                                            u257 063B  
                                          u267 0763                                            u277 07D9  
                                          u287 07E9                 ?_EUSART_SetFramingErrorHandler 0070  
                                          wreg 0009                                           l1020 0473  
                                         l1100 07E0                                           l1030 0326  
                                         l1022 0474                                           l1110 07F5  
                                         l1102 07E1                                           l1032 0329  
                                         l1040 0338                                           l1024 047C  
                                         l1104 07E4                                           l1112 03FF  
                                         l1120 042E                                           l1200 06B5  
                                         l1034 032E                                           l1042 033D  
                                         l1026 0480                                           l1050 0604  
                                         l1106 07F0                                           l1114 0411  
                                         l1122 0431                                           l1130 0747  
                                         l1210 06C4                                           l1202 06B8  
                                         l1028 0488                                           l1060 061B  
                                         l1052 0609                                           l1108 07F2  
                                         l1116 0414                                           l1124 0439  
                                         l1140 075E                                           l1220 06D3  
                                         l1212 06C7                                           l1204 06BB  
                                         l1038 0333                                           l1062 061D  
                                         l1054 0610                                           l1046 05F2  
                                         l1070 038B                                           l1118 041C  
                                         l1126 044B                                           l1142 076A  
                                         l1150 0468                                           l1222 06D6  
                                         l1214 06CA                                           l1206 06BE  
                                         l1064 0300                                           l1056 0612  
                                         l1048 05FB                                           l1072 039D  
                                         l1080 03BD                                           l1128 044E  
                                         l1144 076E                                           l1136 0749  
                                         l1152 046B                                           l1160 0636  
                                         l1224 06D9                                           l1216 06CD  
                                         l1208 06C1                                           l1066 0306  
                                         l1058 0614                                           l1074 03A0  
                                         l1082 03C5                                           l1090 03F4  
                                         l1146 077B                                           l1138 075B  
                                         l1162 0641                                           l1154 061F  
                                         l1218 06D0                                           l1068 02FA  
                                         l1076 03A8                                           l1084 03D7  
                                         l1092 03F7                                           l1148 0456  
                                         l1164 0642                                           l1156 0631  
                                         l1180 07A6                                           l1190 049C  
                                         l1078 03BA                                           l1086 03DA  
                                         l1094 07BF                                           l1166 0645  
                                         l1158 0633                                           l1182 07AA  
                                         l1174 0785                                           l1192 04A3  
                                         l1088 03E2                                           l1096 07D1  
                                         l1184 07B7                                           l1176 0797  
                                         l1168 0783                                           l1194 04AA  
                                         l1186 0492                                           l1098 07D4  
                                         l1178 079A                                           l1196 04B1  
                                         l1188 049B                                           l1198 06AC  
                                         STR_1 0355                                           STR_2 0342  
                                         STR_3 04D7                                           STR_4 0521  
                                         STR_5 04FB                                           STR_6 0548  
                                         STR_7 0571                                           STR_8 067B  
                                         STR_9 059B                                           _WPUA 020C  
                                         _main 06AC                                           fsr0h 0005  
                                         indf0 0000                                           fsr0l 0004  
                                         btemp 007E                                           start 0001  
                              __end_of_ReadPIR 02FA                                  ?_EUSART_Write 0070  
                __end_of_OSCILLATOR_Initialize 0313                                          ?_main 0070  
                                        STR_10 064D                                          STR_11 0710  
                                        STR_12 04B3                                          STR_13 06DE  
                                        STR_14 05C6                                          _RCREG 0199  
                                        _RCSTA 019D                                          _TXREG 019A  
                                        _TXSTA 019E                               ?_UART_SendString 0071  
                                        status 0003                                          wtemp0 007E  
                            ??_PORT_Initialize 0070                                __initialization 07FD  
                                 __end_of_main 06DE                               __end_of_ReadLDR1 0333  
                             __end_of_ReadLDR2 0342                                 ??_EUSART_Write 0070  
                                       ??_main 0078              _EUSART_DefaultFramingErrorHandler 0000  
                                       _ADCON0 009D                                         _ADCON1 009E  
                                       _ADCON2 009F                     _EUSART_OverrunErrorHandler 0022  
                                       _ADRESH 009C                                         _ADRESL 009B  
                                       _APFCON 011D                                         _ANSELA 018C  
                                       _BORCON 0116                                         _ODCONA 028C  
                                       _INLVLA 038C                                         _OSCCON 0099  
                                       _SPBRGH 019C                                         _SPBRGL 019B  
                                    ??_ReadPIR 0070                        __end_of__initialization 07FE  
                               __pcstackCOMMON 0070                                 _OPTION_REGbits 0095  
              ??_EUSART_SetOverrunErrorHandler 0072                                      ?_ReadLDR1 0070  
                                    ?_ReadLDR2 0070                           __end_of_EUSART_Write 0326  
                                   __pnvCOMMON 0078                                     __pmaintext 06AC  
                                      _BAUDCON 019F                                _PORT_Initialize 036E  
                                      _OSCTUNE 0098                                        _SLRCONA 030C  
                     ??_EUSART_SetErrorHandler 0072                                     ??_ReadLDR1 0072  
                                   ??_ReadLDR2 0072                                        _ReadPIR 02F5  
                           UART_SendString@str 0071                                        __ptext1 0783  
                                      __ptext2 061F                                        __ptext3 0456  
                                      __ptext4 0747                                        __ptext5 0439  
                                      __ptext6 041C                                        __ptext7 03FF  
                                      __ptext8 07BF                                        __ptext9 03E2  
                        _OSCILLATOR_Initialize 030C                           end_of_initialization 07FE  
        __end_of_EUSART_SetOverrunErrorHandler 030C                  _EUSART_SetOverrunErrorHandler 0306  
                              test_INT_TC_12@i 0076                                test_INT_TC_09@i 0076  
                            _EUSART_Initialize 0492                               _evaluate_and_act 05F2  
                           ?_EUSART_Initialize 0070                                      _RCSTAbits 019D  
                          ??_EUSART_Initialize 0072                        __end_of_PORT_Initialize 038B  
                                    _PIR_State 007C                                      _PORTAbits 000C  
                                    _TRISAbits 008C                      __end_of_EUSART_Initialize 04B3  
                                    _TXSTAbits 019E                     _EUSART_DefaultErrorHandler 0000  
                                 _EUSART_Write 031C                                 _ADC_Initialize 0313  
                       ?_OSCILLATOR_Initialize 0070                            start_initialization 07FD  
                               _test_INT_TC_01 038B                                 _test_INT_TC_10 0456  
                               _test_INT_TC_02 03A8                                 _test_INT_TC_11 061F  
                               _test_INT_TC_03 03C5                                 _test_INT_TC_12 0783  
                               _test_INT_TC_04 03E2                                 _test_INT_TC_05 07BF  
                               _test_INT_TC_06 03FF                                 _test_INT_TC_07 041C  
                               _test_INT_TC_08 0439                                 _test_INT_TC_09 0747  
               ?_EUSART_SetOverrunErrorHandler 0070                     _EUSART_FramingErrorHandler 0024  
                       _EUSART_SetErrorHandler 02FA                         __end_of_ADC_Initialize 031C  
                            ??_UART_SendString 0073                               ?_PORT_Initialize 0070  
                                  __pbssCOMMON 007D                                      ___latbits 0000  
                       __end_of_test_INT_TC_01 03A8                         __end_of_test_INT_TC_02 03C5  
                       __end_of_test_INT_TC_10 0473                         __end_of_test_INT_TC_03 03E2  
                       __end_of_test_INT_TC_11 064D                         __end_of_test_INT_TC_04 03FF  
                       __end_of_test_INT_TC_12 07BF                         __end_of_test_INT_TC_05 07FD  
                       __end_of_test_INT_TC_06 041C                         __end_of_test_INT_TC_07 0439  
                       __end_of_test_INT_TC_08 0456                         __end_of_test_INT_TC_09 0783  
                                     ?_ReadPIR 0070                                      __pnvBANK0 0020  
                              ?_ADC_Initialize 0070                       __end_of_evaluate_and_act 061F  
                              ?_test_INT_TC_01 0070                                ?_test_INT_TC_10 0070  
                              ?_test_INT_TC_02 0070                                ?_test_INT_TC_11 0070  
                              ?_test_INT_TC_03 0070                                ?_test_INT_TC_12 0070  
                              ?_test_INT_TC_04 0070                                ?_test_INT_TC_05 0070  
                              ?_test_INT_TC_06 0070                                ?_test_INT_TC_07 0070  
                              ?_test_INT_TC_08 0070                                ?_test_INT_TC_09 0070  
                                     _LATAbits 010C         EUSART_SetErrorHandler@interruptHandler 0070  
                            _eusartRxLastError 007D                                       _PIR1bits 0011  
              ??_EUSART_SetFramingErrorHandler 0072                              _EUSART_is_tx_done 02F1  
            _EUSART_DefaultOverrunErrorHandler 0000                             ?_EUSART_is_tx_done 0070  
                                   _ADCON0bits 009D                            ??_EUSART_is_tx_done 0070  
                                     _ReadLDR1 0326                                       _ReadLDR2 0333  
                    __end_of_EUSART_is_tx_done 02F5                        ??_OSCILLATOR_Initialize 0070  
                          _EUSART_ErrorHandler 0020                                       __ptext10 03C5  
                                     __ptext11 03A8                                       __ptext20 036E  
                                     __ptext12 038B                                       __ptext21 030C  
                                     __ptext13 05F2                                       __ptext22 0492  
                                     __ptext14 0473                                       __ptext23 0306  
                                     __ptext15 02F1                                       __ptext24 0300  
                                     __ptext16 031C                                       __ptext25 02FA  
                                     __ptext17 02F5                                       __ptext26 0313  
                                     __ptext18 0333                                       __ptext19 0326  
                              _UART_SendString 0473                        ?_EUSART_SetErrorHandler 0070  
                                   _LDR1_Value 007A                                     _LDR2_Value 0078  
EUSART_SetOverrunErrorHandler@interruptHandler 0070          __end_of_EUSART_SetFramingErrorHandler 0306  
                _EUSART_SetFramingErrorHandler 0300                                 __pstringtext10 04FB  
                               __pstringtext11 04D7                                 __pstringtext12 04B3  
                               __pstringtext13 0355                                 __pstringtext14 0342  
                               __pstringtext15 0000                 __end_of_EUSART_SetErrorHandler 0300  
                             ??_ADC_Initialize 0070  EUSART_SetFramingErrorHandler@interruptHandler 0070  
                                __pstringtext1 0710                                  __pstringtext2 06DE  
                                __pstringtext3 067B                                  __pstringtext4 064D  
                                __pstringtext5 05C6                                  __pstringtext6 059B  
                                __pstringtext7 0571                                  __pstringtext8 0548  
                                __pstringtext9 0521                              ?_evaluate_and_act 0070  
                             ??_test_INT_TC_01 0074                               ??_test_INT_TC_10 0074  
                             ??_test_INT_TC_02 0074                               ??_test_INT_TC_11 0074  
                             ??_test_INT_TC_03 0074                               ??_test_INT_TC_12 0074  
                             ??_test_INT_TC_04 0074                               ??_test_INT_TC_05 0074  
                             ??_test_INT_TC_06 0074                               ??_test_INT_TC_07 0074  
                             ??_test_INT_TC_08 0074                               ??_test_INT_TC_09 0074  
                           ??_evaluate_and_act 0074                        __end_of_UART_SendString 0492  
                           EUSART_Write@txData 0070  
