

Microchip MPLAB XC8 Assembler V3.00 build 20241204225717 
                                                                                               Thu Jul 24 10:05:39 2025

Microchip MPLAB XC8 C Compiler v3.00 (Free license) build 20241204225717 Og1 
     1                           	processor	12F1572
     2                           	pagewidth 120
     3                           	opt	flic
     4                           	psect	nvBANK0,global,class=BANK0,space=1,delta=1,noexec
     5                           	psect	stringtext1,global,class=STRCODE,space=0,delta=2,noexec
     6                           	psect	stringtext2,global,class=STRCODE,space=0,delta=2,noexec
     7                           	psect	stringtext3,global,class=STRCODE,space=0,delta=2,noexec
     8                           	psect	stringtext4,global,class=STRCODE,space=0,delta=2,noexec
     9                           	psect	stringtext5,global,class=STRCODE,space=0,delta=2,noexec
    10                           	psect	stringtext6,global,class=STRCODE,space=0,delta=2,noexec
    11                           	psect	stringtext7,global,class=STRCODE,space=0,delta=2,noexec
    12                           	psect	stringtext8,global,class=STRCODE,space=0,delta=2,noexec
    13                           	psect	stringtext9,global,class=STRCODE,space=0,delta=2,noexec
    14                           	psect	stringtext10,global,class=STRCODE,space=0,delta=2,noexec
    15                           	psect	stringtext11,global,class=STRCODE,space=0,delta=2,noexec
    16                           	psect	stringtext12,global,class=STRCODE,space=0,delta=2,noexec
    17                           	psect	stringtext13,global,class=STRCODE,space=0,delta=2,noexec
    18                           	psect	stringtext14,global,class=STRCODE,space=0,delta=2,noexec
    19                           	psect	stringtext15,global,class=STRCODE,space=0,delta=2,noexec
    20                           	psect	stringtext16,global,class=STRCODE,space=0,delta=2,noexec
    21                           	psect	stringtext17,global,class=STRCODE,space=0,delta=2,noexec
    22                           	psect	stringtext18,global,class=STRCODE,space=0,delta=2,noexec
    23                           	psect	stringtext19,global,class=STRCODE,space=0,delta=2,noexec
    24                           	psect	stringtext20,global,class=STRCODE,space=0,delta=2,noexec
    25                           	psect	stringtext21,global,class=STRCODE,space=0,delta=2,noexec
    26                           	psect	stringtext22,global,class=STRCODE,space=0,delta=2,noexec
    27                           	psect	stringtext23,global,class=STRCODE,space=0,delta=2,noexec
    28                           	psect	stringtext24,global,class=STRCODE,space=0,delta=2,noexec
    29                           	psect	stringtext25,global,class=STRCODE,space=0,delta=2,noexec
    30                           	psect	stringtext26,global,class=STRCODE,space=0,delta=2,noexec
    31                           	psect	stringtext27,global,class=STRCODE,space=0,delta=2,noexec
    32                           	psect	stringtext28,global,class=STRCODE,space=0,delta=2,noexec
    33                           	psect	stringtext29,global,class=STRCODE,space=0,delta=2,noexec
    34                           	psect	cinit,global,class=CODE,space=0,merge=1,delta=2
    35                           	psect	bssBANK0,global,class=BANK0,space=1,delta=1,noexec
    36                           	psect	cstackCOMMON,global,class=COMMON,space=1,delta=1,noexec
    37                           	psect	cstackBANK0,global,class=BANK0,space=1,delta=1,noexec
    38                           	psect	maintext,global,class=CODE,space=0,merge=1,split=1,delta=2
    39                           	psect	text1,local,class=CODE,space=0,merge=1,delta=2
    40                           	psect	text2,local,class=CODE,space=0,merge=1,delta=2
    41                           	psect	text3,local,class=CODE,space=0,merge=1,delta=2
    42                           	psect	text4,local,class=CODE,space=0,merge=1,delta=2
    43                           	psect	text5,local,class=CODE,space=0,merge=1,delta=2
    44                           	psect	text6,local,class=CODE,space=0,merge=1,delta=2
    45                           	psect	text7,local,class=CODE,space=0,merge=1,delta=2
    46                           	psect	text8,local,class=CODE,space=0,merge=1,delta=2
    47                           	psect	text9,local,class=CODE,space=0,merge=1,delta=2
    48                           	psect	text10,local,class=CODE,space=0,merge=1,delta=2
    49                           	psect	text11,local,class=CODE,space=0,merge=1,delta=2
    50                           	psect	text12,local,class=CODE,space=0,merge=1,delta=2
    51                           	psect	text13,local,class=CODE,space=0,merge=1,delta=2
    52                           	psect	text14,local,class=CODE,space=0,merge=1,delta=2
    53                           	psect	text15,local,class=CODE,space=0,merge=1,delta=2
    54                           	psect	text16,local,class=CODE,space=0,merge=1,delta=2
    55                           	psect	text17,local,class=CODE,space=0,merge=1,delta=2
    56                           	psect	text18,local,class=CODE,space=0,merge=1,delta=2,group=1
    57                           	psect	text19,local,class=CODE,space=0,merge=1,delta=2
    58                           	psect	text20,local,class=CODE,space=0,merge=1,delta=2
    59                           	psect	text21,local,class=CODE,space=0,merge=1,delta=2
    60                           	psect	text22,local,class=CODE,space=0,merge=1,delta=2
    61                           	psect	text23,local,class=CODE,space=0,merge=1,delta=2
    62                           	psect	text24,local,class=CODE,space=0,merge=1,delta=2
    63                           	psect	text25,local,class=CODE,space=0,merge=1,delta=2
    64                           	psect	text26,local,class=CODE,space=0,merge=1,delta=2
    65                           	psect	idloc,global,abs,ovrld,class=IDLOC,space=5,delta=2,noexec
    66                           	psect	config,global,abs,ovrld,class=CONFIG,space=4,delta=2,noexec
    67                           	dabs	1,0x7E,2
    68     0000                     
    69                           ; Version 2.40
    70                           ; Generated 17/11/2021 GMT
    71                           ; 
    72                           ; Copyright © 2021, Microchip Technology Inc. and its subsidiaries ("Microchip")
    73                           ; All rights reserved.
    74                           ; 
    75                           ; This software is developed by Microchip Technology Inc. and its subsidiaries ("Microch
      +                          ip").
    76                           ; 
    77                           ; Redistribution and use in source and binary forms, with or without modification, are
    78                           ; permitted provided that the following conditions are met:
    79                           ; 
    80                           ;     1. Redistributions of source code must retain the above copyright notice, this lis
      +                          t of
    81                           ;        conditions and the following disclaimer.
    82                           ; 
    83                           ;     2. Redistributions in binary form must reproduce the above copyright notice, this 
      +                          list
    84                           ;        of conditions and the following disclaimer in the documentation and/or other
    85                           ;        materials provided with the distribution. Publication is not required when
    86                           ;        this file is used in an embedded application.
    87                           ; 
    88                           ;     3. Microchip's name may not be used to endorse or promote products derived from th
      +                          is
    89                           ;        software without specific prior written permission.
    90                           ; 
    91                           ; THIS SOFTWARE IS PROVIDED BY MICROCHIP "AS IS" AND ANY EXPRESS OR IMPLIED WARRANTIES,
    92                           ; INCLUDING, BUT NOT LIMITED TO, THE IMPLIED WARRANTIES OF MERCHANTABILITY AND FITNESS F
      +                          OR
    93                           ; PURPOSE ARE DISCLAIMED.  IN NO EVENT SHALL MICROCHIP BE LIABLE FOR ANY DIRECT, INDIREC
      +                          T,
    94                           ; INCIDENTAL, SPECIAL, EXEMPLARY, OR CONSEQUENTIAL DAMAGES (INCLUDING BUT NOT LIMITED TO
    95                           ; PROCUREMENT OF SUBSTITUTE GOODS OR SERVICES; LOSS OF USE, DATA OR PROFITS; OR BUSINESS
    96                           ; INTERRUPTION) HOWSOEVER CAUSED AND ON ANY THEORY OF LIABILITY, WHETHER IN CONTRACT, ST
      +                          RICT
    97                           ; LIABILITY, OR TORT (INCLUDING NEGLIGENCE OR OTHERWISE) ARISING IN ANY WAY OUT OF THE U
      +                          SE OF
    98                           ; THIS SOFTWARE, EVEN IF ADVISED OF THE POSSIBILITY OF SUCH DAMAGE.
    99                           ; 
   100                           ; 
   101                           ; Code-generator required, PIC12F1572 Definitions
   102                           ; 
   103                           ; SFR Addresses
   104     0008                     bsr             equ	8
   105     0005                     fsr0h           equ	5
   106     0004                     fsr0l           equ	4
   107     0007                     fsr1h           equ	7
   108     0006                     fsr1l           equ	6
   109     0000                     indf            equ	0
   110     0000                     indf0           equ	0
   111     0001                     indf1           equ	1
   112     000B                     intcon          equ	11
   113     0002                     pc              equ	2
   114     0002                     pcl             equ	2
   115     000A                     pclath          equ	10
   116     0003                     status          equ	3
   117     0009                     wreg            equ	9
   118     0000                     INDF0           equ	0	;# 
   119     0001                     INDF1           equ	1	;# 
   120     0002                     PCL             equ	2	;# 
   121     0003                     STATUS          equ	3	;# 
   122     0004                     FSR0L           equ	4	;# 
   123     0005                     FSR0H           equ	5	;# 
   124     0006                     FSR1L           equ	6	;# 
   125     0007                     FSR1H           equ	7	;# 
   126     0008                     BSR             equ	8	;# 
   127     0009                     WREG            equ	9	;# 
   128     000A                     PCLATH          equ	10	;# 
   129     000B                     INTCON          equ	11	;# 
   130     000C                     PORTA           equ	12	;# 
   131     0011                     PIR1            equ	17	;# 
   132     0012                     PIR2            equ	18	;# 
   133     0013                     PIR3            equ	19	;# 
   134     0015                     TMR0            equ	21	;# 
   135     0016                     TMR1            equ	22	;# 
   136     0016                     TMR1L           equ	22	;# 
   137     0017                     TMR1H           equ	23	;# 
   138     0018                     T1CON           equ	24	;# 
   139     0019                     T1GCON          equ	25	;# 
   140     001A                     TMR2            equ	26	;# 
   141     001B                     PR2             equ	27	;# 
   142     001C                     T2CON           equ	28	;# 
   143     008C                     TRISA           equ	140	;# 
   144     0091                     PIE1            equ	145	;# 
   145     0092                     PIE2            equ	146	;# 
   146     0093                     PIE3            equ	147	;# 
   147     0095                     OPTION_REG      equ	149	;# 
   148     0096                     PCON            equ	150	;# 
   149     0097                     WDTCON          equ	151	;# 
   150     0098                     OSCTUNE         equ	152	;# 
   151     0099                     OSCCON          equ	153	;# 
   152     009A                     OSCSTAT         equ	154	;# 
   153     009B                     ADRES           equ	155	;# 
   154     009B                     ADRESL          equ	155	;# 
   155     009C                     ADRESH          equ	156	;# 
   156     009D                     ADCON0          equ	157	;# 
   157     009E                     ADCON1          equ	158	;# 
   158     009F                     ADCON2          equ	159	;# 
   159     010C                     LATA            equ	268	;# 
   160     0111                     CM1CON0         equ	273	;# 
   161     0112                     CM1CON1         equ	274	;# 
   162     0115                     CMOUT           equ	277	;# 
   163     0116                     BORCON          equ	278	;# 
   164     0117                     FVRCON          equ	279	;# 
   165     0118                     DACCON0         equ	280	;# 
   166     0119                     DACCON1         equ	281	;# 
   167     011D                     APFCON          equ	285	;# 
   168     011D                     APFCON0         equ	285	;# 
   169     018C                     ANSELA          equ	396	;# 
   170     0191                     PMADR           equ	401	;# 
   171     0191                     PMADRL          equ	401	;# 
   172     0192                     PMADRH          equ	402	;# 
   173     0193                     PMDAT           equ	403	;# 
   174     0193                     PMDATL          equ	403	;# 
   175     0194                     PMDATH          equ	404	;# 
   176     0195                     PMCON1          equ	405	;# 
   177     0196                     PMCON2          equ	406	;# 
   178     0197                     VREGCON         equ	407	;# 
   179     0199                     RCREG           equ	409	;# 
   180     019A                     TXREG           equ	410	;# 
   181     019B                     SPBRG           equ	411	;# 
   182     019B                     SPBRGL          equ	411	;# 
   183     019C                     SPBRGH          equ	412	;# 
   184     019D                     RCSTA           equ	413	;# 
   185     019E                     TXSTA           equ	414	;# 
   186     019F                     BAUDCON         equ	415	;# 
   187     020C                     WPUA            equ	524	;# 
   188     028C                     ODCONA          equ	652	;# 
   189     030C                     SLRCONA         equ	780	;# 
   190     038C                     INLVLA          equ	908	;# 
   191     0391                     IOCAP           equ	913	;# 
   192     0392                     IOCAN           equ	914	;# 
   193     0393                     IOCAF           equ	915	;# 
   194     0691                     CWG1DBR         equ	1681	;# 
   195     0692                     CWG1DBF         equ	1682	;# 
   196     0693                     CWG1CON0        equ	1683	;# 
   197     0694                     CWG1CON1        equ	1684	;# 
   198     0695                     CWG1CON2        equ	1685	;# 
   199     0D8E                     PWMEN           equ	3470	;# 
   200     0D8F                     PWMLD           equ	3471	;# 
   201     0D90                     PWMOUT          equ	3472	;# 
   202     0D91                     PWM1PH          equ	3473	;# 
   203     0D91                     PWM1PHL         equ	3473	;# 
   204     0D92                     PWM1PHH         equ	3474	;# 
   205     0D93                     PWM1DC          equ	3475	;# 
   206     0D93                     PWM1DCL         equ	3475	;# 
   207     0D94                     PWM1DCH         equ	3476	;# 
   208     0D95                     PWM1PR          equ	3477	;# 
   209     0D95                     PWM1PRL         equ	3477	;# 
   210     0D96                     PWM1PRH         equ	3478	;# 
   211     0D97                     PWM1OF          equ	3479	;# 
   212     0D97                     PWM1OFL         equ	3479	;# 
   213     0D98                     PWM1OFH         equ	3480	;# 
   214     0D99                     PWM1TMR         equ	3481	;# 
   215     0D99                     PWM1TMRL        equ	3481	;# 
   216     0D9A                     PWM1TMRH        equ	3482	;# 
   217     0D9B                     PWM1CON         equ	3483	;# 
   218     0D9C                     PWM1INTE        equ	3484	;# 
   219     0D9C                     PWM1INTCON      equ	3484	;# 
   220     0D9D                     PWM1INTF        equ	3485	;# 
   221     0D9D                     PWM1INTFLG      equ	3485	;# 
   222     0D9E                     PWM1CLKCON      equ	3486	;# 
   223     0D9F                     PWM1LDCON       equ	3487	;# 
   224     0DA0                     PWM1OFCON       equ	3488	;# 
   225     0DA1                     PWM2PH          equ	3489	;# 
   226     0DA1                     PWM2PHL         equ	3489	;# 
   227     0DA2                     PWM2PHH         equ	3490	;# 
   228     0DA3                     PWM2DC          equ	3491	;# 
   229     0DA3                     PWM2DCL         equ	3491	;# 
   230     0DA4                     PWM2DCH         equ	3492	;# 
   231     0DA5                     PWM2PR          equ	3493	;# 
   232     0DA5                     PWM2PRL         equ	3493	;# 
   233     0DA6                     PWM2PRH         equ	3494	;# 
   234     0DA7                     PWM2OF          equ	3495	;# 
   235     0DA7                     PWM2OFL         equ	3495	;# 
   236     0DA8                     PWM2OFH         equ	3496	;# 
   237     0DA9                     PWM2TMR         equ	3497	;# 
   238     0DA9                     PWM2TMRL        equ	3497	;# 
   239     0DAA                     PWM2TMRH        equ	3498	;# 
   240     0DAB                     PWM2CON         equ	3499	;# 
   241     0DAC                     PWM2INTE        equ	3500	;# 
   242     0DAC                     PWM2INTCON      equ	3500	;# 
   243     0DAD                     PWM2INTF        equ	3501	;# 
   244     0DAD                     PWM2INTFLG      equ	3501	;# 
   245     0DAE                     PWM2CLKCON      equ	3502	;# 
   246     0DAF                     PWM2LDCON       equ	3503	;# 
   247     0DB0                     PWM2OFCON       equ	3504	;# 
   248     0DB1                     PWM3PH          equ	3505	;# 
   249     0DB1                     PWM3PHL         equ	3505	;# 
   250     0DB2                     PWM3PHH         equ	3506	;# 
   251     0DB3                     PWM3DC          equ	3507	;# 
   252     0DB3                     PWM3DCL         equ	3507	;# 
   253     0DB4                     PWM3DCH         equ	3508	;# 
   254     0DB5                     PWM3PR          equ	3509	;# 
   255     0DB5                     PWM3PRL         equ	3509	;# 
   256     0DB6                     PWM3PRH         equ	3510	;# 
   257     0DB7                     PWM3OF          equ	3511	;# 
   258     0DB7                     PWM3OFL         equ	3511	;# 
   259     0DB8                     PWM3OFH         equ	3512	;# 
   260     0DB9                     PWM3TMR         equ	3513	;# 
   261     0DB9                     PWM3TMRL        equ	3513	;# 
   262     0DBA                     PWM3TMRH        equ	3514	;# 
   263     0DBB                     PWM3CON         equ	3515	;# 
   264     0DBC                     PWM3INTE        equ	3516	;# 
   265     0DBC                     PWM3INTCON      equ	3516	;# 
   266     0DBD                     PWM3INTF        equ	3517	;# 
   267     0DBD                     PWM3INTFLG      equ	3517	;# 
   268     0DBE                     PWM3CLKCON      equ	3518	;# 
   269     0DBF                     PWM3LDCON       equ	3519	;# 
   270     0DC0                     PWM3OFCON       equ	3520	;# 
   271     0FE4                     STATUS_SHAD     equ	4068	;# 
   272     0FE5                     WREG_SHAD       equ	4069	;# 
   273     0FE6                     BSR_SHAD        equ	4070	;# 
   274     0FE7                     PCLATH_SHAD     equ	4071	;# 
   275     0FE8                     FSR0_SHAD       equ	4072	;# 
   276     0FE8                     FSR0L_SHAD      equ	4072	;# 
   277     0FE9                     FSR0H_SHAD      equ	4073	;# 
   278     0FEA                     FSR1_SHAD       equ	4074	;# 
   279     0FEA                     FSR1L_SHAD      equ	4074	;# 
   280     0FEB                     FSR1H_SHAD      equ	4075	;# 
   281     0FED                     STKPTR          equ	4077	;# 
   282     0FEE                     TOS             equ	4078	;# 
   283     0FEE                     TOSL            equ	4078	;# 
   284     0FEF                     TOSH            equ	4079	;# 
   285     0000                     INDF0           equ	0	;# 
   286     0001                     INDF1           equ	1	;# 
   287     0002                     PCL             equ	2	;# 
   288     0003                     STATUS          equ	3	;# 
   289     0004                     FSR0L           equ	4	;# 
   290     0005                     FSR0H           equ	5	;# 
   291     0006                     FSR1L           equ	6	;# 
   292     0007                     FSR1H           equ	7	;# 
   293     0008                     BSR             equ	8	;# 
   294     0009                     WREG            equ	9	;# 
   295     000A                     PCLATH          equ	10	;# 
   296     000B                     INTCON          equ	11	;# 
   297     000C                     PORTA           equ	12	;# 
   298     0011                     PIR1            equ	17	;# 
   299     0012                     PIR2            equ	18	;# 
   300     0013                     PIR3            equ	19	;# 
   301     0015                     TMR0            equ	21	;# 
   302     0016                     TMR1            equ	22	;# 
   303     0016                     TMR1L           equ	22	;# 
   304     0017                     TMR1H           equ	23	;# 
   305     0018                     T1CON           equ	24	;# 
   306     0019                     T1GCON          equ	25	;# 
   307     001A                     TMR2            equ	26	;# 
   308     001B                     PR2             equ	27	;# 
   309     001C                     T2CON           equ	28	;# 
   310     008C                     TRISA           equ	140	;# 
   311     0091                     PIE1            equ	145	;# 
   312     0092                     PIE2            equ	146	;# 
   313     0093                     PIE3            equ	147	;# 
   314     0095                     OPTION_REG      equ	149	;# 
   315     0096                     PCON            equ	150	;# 
   316     0097                     WDTCON          equ	151	;# 
   317     0098                     OSCTUNE         equ	152	;# 
   318     0099                     OSCCON          equ	153	;# 
   319     009A                     OSCSTAT         equ	154	;# 
   320     009B                     ADRES           equ	155	;# 
   321     009B                     ADRESL          equ	155	;# 
   322     009C                     ADRESH          equ	156	;# 
   323     009D                     ADCON0          equ	157	;# 
   324     009E                     ADCON1          equ	158	;# 
   325     009F                     ADCON2          equ	159	;# 
   326     010C                     LATA            equ	268	;# 
   327     0111                     CM1CON0         equ	273	;# 
   328     0112                     CM1CON1         equ	274	;# 
   329     0115                     CMOUT           equ	277	;# 
   330     0116                     BORCON          equ	278	;# 
   331     0117                     FVRCON          equ	279	;# 
   332     0118                     DACCON0         equ	280	;# 
   333     0119                     DACCON1         equ	281	;# 
   334     011D                     APFCON          equ	285	;# 
   335     011D                     APFCON0         equ	285	;# 
   336     018C                     ANSELA          equ	396	;# 
   337     0191                     PMADR           equ	401	;# 
   338     0191                     PMADRL          equ	401	;# 
   339     0192                     PMADRH          equ	402	;# 
   340     0193                     PMDAT           equ	403	;# 
   341     0193                     PMDATL          equ	403	;# 
   342     0194                     PMDATH          equ	404	;# 
   343     0195                     PMCON1          equ	405	;# 
   344     0196                     PMCON2          equ	406	;# 
   345     0197                     VREGCON         equ	407	;# 
   346     0199                     RCREG           equ	409	;# 
   347     019A                     TXREG           equ	410	;# 
   348     019B                     SPBRG           equ	411	;# 
   349     019B                     SPBRGL          equ	411	;# 
   350     019C                     SPBRGH          equ	412	;# 
   351     019D                     RCSTA           equ	413	;# 
   352     019E                     TXSTA           equ	414	;# 
   353     019F                     BAUDCON         equ	415	;# 
   354     020C                     WPUA            equ	524	;# 
   355     028C                     ODCONA          equ	652	;# 
   356     030C                     SLRCONA         equ	780	;# 
   357     038C                     INLVLA          equ	908	;# 
   358     0391                     IOCAP           equ	913	;# 
   359     0392                     IOCAN           equ	914	;# 
   360     0393                     IOCAF           equ	915	;# 
   361     0691                     CWG1DBR         equ	1681	;# 
   362     0692                     CWG1DBF         equ	1682	;# 
   363     0693                     CWG1CON0        equ	1683	;# 
   364     0694                     CWG1CON1        equ	1684	;# 
   365     0695                     CWG1CON2        equ	1685	;# 
   366     0D8E                     PWMEN           equ	3470	;# 
   367     0D8F                     PWMLD           equ	3471	;# 
   368     0D90                     PWMOUT          equ	3472	;# 
   369     0D91                     PWM1PH          equ	3473	;# 
   370     0D91                     PWM1PHL         equ	3473	;# 
   371     0D92                     PWM1PHH         equ	3474	;# 
   372     0D93                     PWM1DC          equ	3475	;# 
   373     0D93                     PWM1DCL         equ	3475	;# 
   374     0D94                     PWM1DCH         equ	3476	;# 
   375     0D95                     PWM1PR          equ	3477	;# 
   376     0D95                     PWM1PRL         equ	3477	;# 
   377     0D96                     PWM1PRH         equ	3478	;# 
   378     0D97                     PWM1OF          equ	3479	;# 
   379     0D97                     PWM1OFL         equ	3479	;# 
   380     0D98                     PWM1OFH         equ	3480	;# 
   381     0D99                     PWM1TMR         equ	3481	;# 
   382     0D99                     PWM1TMRL        equ	3481	;# 
   383     0D9A                     PWM1TMRH        equ	3482	;# 
   384     0D9B                     PWM1CON         equ	3483	;# 
   385     0D9C                     PWM1INTE        equ	3484	;# 
   386     0D9C                     PWM1INTCON      equ	3484	;# 
   387     0D9D                     PWM1INTF        equ	3485	;# 
   388     0D9D                     PWM1INTFLG      equ	3485	;# 
   389     0D9E                     PWM1CLKCON      equ	3486	;# 
   390     0D9F                     PWM1LDCON       equ	3487	;# 
   391     0DA0                     PWM1OFCON       equ	3488	;# 
   392     0DA1                     PWM2PH          equ	3489	;# 
   393     0DA1                     PWM2PHL         equ	3489	;# 
   394     0DA2                     PWM2PHH         equ	3490	;# 
   395     0DA3                     PWM2DC          equ	3491	;# 
   396     0DA3                     PWM2DCL         equ	3491	;# 
   397     0DA4                     PWM2DCH         equ	3492	;# 
   398     0DA5                     PWM2PR          equ	3493	;# 
   399     0DA5                     PWM2PRL         equ	3493	;# 
   400     0DA6                     PWM2PRH         equ	3494	;# 
   401     0DA7                     PWM2OF          equ	3495	;# 
   402     0DA7                     PWM2OFL         equ	3495	;# 
   403     0DA8                     PWM2OFH         equ	3496	;# 
   404     0DA9                     PWM2TMR         equ	3497	;# 
   405     0DA9                     PWM2TMRL        equ	3497	;# 
   406     0DAA                     PWM2TMRH        equ	3498	;# 
   407     0DAB                     PWM2CON         equ	3499	;# 
   408     0DAC                     PWM2INTE        equ	3500	;# 
   409     0DAC                     PWM2INTCON      equ	3500	;# 
   410     0DAD                     PWM2INTF        equ	3501	;# 
   411     0DAD                     PWM2INTFLG      equ	3501	;# 
   412     0DAE                     PWM2CLKCON      equ	3502	;# 
   413     0DAF                     PWM2LDCON       equ	3503	;# 
   414     0DB0                     PWM2OFCON       equ	3504	;# 
   415     0DB1                     PWM3PH          equ	3505	;# 
   416     0DB1                     PWM3PHL         equ	3505	;# 
   417     0DB2                     PWM3PHH         equ	3506	;# 
   418     0DB3                     PWM3DC          equ	3507	;# 
   419     0DB3                     PWM3DCL         equ	3507	;# 
   420     0DB4                     PWM3DCH         equ	3508	;# 
   421     0DB5                     PWM3PR          equ	3509	;# 
   422     0DB5                     PWM3PRL         equ	3509	;# 
   423     0DB6                     PWM3PRH         equ	3510	;# 
   424     0DB7                     PWM3OF          equ	3511	;# 
   425     0DB7                     PWM3OFL         equ	3511	;# 
   426     0DB8                     PWM3OFH         equ	3512	;# 
   427     0DB9                     PWM3TMR         equ	3513	;# 
   428     0DB9                     PWM3TMRL        equ	3513	;# 
   429     0DBA                     PWM3TMRH        equ	3514	;# 
   430     0DBB                     PWM3CON         equ	3515	;# 
   431     0DBC                     PWM3INTE        equ	3516	;# 
   432     0DBC                     PWM3INTCON      equ	3516	;# 
   433     0DBD                     PWM3INTF        equ	3517	;# 
   434     0DBD                     PWM3INTFLG      equ	3517	;# 
   435     0DBE                     PWM3CLKCON      equ	3518	;# 
   436     0DBF                     PWM3LDCON       equ	3519	;# 
   437     0DC0                     PWM3OFCON       equ	3520	;# 
   438     0FE4                     STATUS_SHAD     equ	4068	;# 
   439     0FE5                     WREG_SHAD       equ	4069	;# 
   440     0FE6                     BSR_SHAD        equ	4070	;# 
   441     0FE7                     PCLATH_SHAD     equ	4071	;# 
   442     0FE8                     FSR0_SHAD       equ	4072	;# 
   443     0FE8                     FSR0L_SHAD      equ	4072	;# 
   444     0FE9                     FSR0H_SHAD      equ	4073	;# 
   445     0FEA                     FSR1_SHAD       equ	4074	;# 
   446     0FEA                     FSR1L_SHAD      equ	4074	;# 
   447     0FEB                     FSR1H_SHAD      equ	4075	;# 
   448     0FED                     STKPTR          equ	4077	;# 
   449     0FEE                     TOS             equ	4078	;# 
   450     0FEE                     TOSL            equ	4078	;# 
   451     0FEF                     TOSH            equ	4079	;# 
   452                           
   453 ;; Function _EUSART_DefaultFramingErrorHandler is unused but had its address taken
   454     0000                     _EUSART_DefaultFramingErrorHandler equ	0
   455                           
   456 ;; Function _EUSART_DefaultOverrunErrorHandler is unused but had its address taken
   457     0000                     _EUSART_DefaultOverrunErrorHandler equ	0
   458                           
   459 ;; Function _EUSART_DefaultErrorHandler is unused but had its address taken
   460     0000                     _EUSART_DefaultErrorHandler equ	0
   461                           
   462                           	psect	nvBANK0
   463     0028                     __pnvBANK0:
   464     0028                     _EUSART_ErrorHandler:
   465     0028                     	ds	2
   466     002A                     _EUSART_OverrunErrorHandler:
   467     002A                     	ds	2
   468     002C                     _EUSART_FramingErrorHandler:
   469     002C                     	ds	2
   470     0011                     _PIR1bits       set	17
   471     0097                     _WDTCON         set	151
   472     0098                     _OSCTUNE        set	152
   473     0099                     _OSCCON         set	153
   474     0095                     _OPTION_REGbits set	149
   475     008C                     _TRISAbits      set	140
   476     0116                     _BORCON         set	278
   477     011D                     _APFCON         set	285
   478     010C                     _LATAbits       set	268
   479     019A                     _TXREG          set	410
   480     0199                     _RCREG          set	409
   481     019D                     _RCSTAbits      set	413
   482     019E                     _TXSTAbits      set	414
   483     019C                     _SPBRGH         set	412
   484     019B                     _SPBRGL         set	411
   485     019E                     _TXSTA          set	414
   486     019D                     _RCSTA          set	413
   487     019F                     _BAUDCON        set	415
   488     018C                     _ANSELA         set	396
   489     020C                     _WPUA           set	524
   490     028C                     _ODCONA         set	652
   491     030C                     _SLRCONA        set	780
   492     038C                     _INLVLA         set	908
   493                           
   494                           	psect	stringtext1
   495     0665                     __pstringtext1:
   496     0665                     STR_25:
   497     0665  343F               	retlw	63	;'?'
   498     0666  3420               	retlw	32	;' '
   499     0667  344C               	retlw	76	;'L'
   500     0668  3444               	retlw	68	;'D'
   501     0669  3452               	retlw	82	;'R'
   502     066A  345F               	retlw	95	;'_'
   503     066B  3454               	retlw	84	;'T'
   504     066C  3443               	retlw	67	;'C'
   505     066D  345F               	retlw	95	;'_'
   506     066E  3431               	retlw	49	;'1'
   507     066F  3433               	retlw	51	;'3'
   508     0670  3420               	retlw	32	;' '
   509     0671  3450               	retlw	80	;'P'
   510     0672  3461               	retlw	97	;'a'
   511     0673  3473               	retlw	115	;'s'
   512     0674  3473               	retlw	115	;'s'
   513     0675  3465               	retlw	101	;'e'
   514     0676  3464               	retlw	100	;'d'
   515     0677  343A               	retlw	58	;':'
   516     0678  3420               	retlw	32	;' '
   517     0679  3444               	retlw	68	;'D'
   518     067A  3461               	retlw	97	;'a'
   519     067B  3472               	retlw	114	;'r'
   520     067C  346B               	retlw	107	;'k'
   521     067D  346E               	retlw	110	;'n'
   522     067E  3465               	retlw	101	;'e'
   523     067F  3473               	retlw	115	;'s'
   524     0680  3473               	retlw	115	;'s'
   525     0681  3420               	retlw	32	;' '
   526     0682  3454               	retlw	84	;'T'
   527     0683  3468               	retlw	104	;'h'
   528     0684  3472               	retlw	114	;'r'
   529     0685  3465               	retlw	101	;'e'
   530     0686  3473               	retlw	115	;'s'
   531     0687  3468               	retlw	104	;'h'
   532     0688  346F               	retlw	111	;'o'
   533     0689  346C               	retlw	108	;'l'
   534     068A  3464               	retlw	100	;'d'
   535     068B  3420               	retlw	32	;' '
   536     068C  344C               	retlw	76	;'L'
   537     068D  346F               	retlw	111	;'o'
   538     068E  3467               	retlw	103	;'g'
   539     068F  3469               	retlw	105	;'i'
   540     0690  3463               	retlw	99	;'c'
   541     0691  3420               	retlw	32	;' '
   542     0692  3454               	retlw	84	;'T'
   543     0693  3472               	retlw	114	;'r'
   544     0694  3469               	retlw	105	;'i'
   545     0695  3467               	retlw	103	;'g'
   546     0696  3467               	retlw	103	;'g'
   547     0697  3465               	retlw	101	;'e'
   548     0698  3472               	retlw	114	;'r'
   549     0699  3465               	retlw	101	;'e'
   550     069A  3464               	retlw	100	;'d'
   551     069B  340D               	retlw	13
   552     069C  3400               	retlw	0
   553                           
   554                           	psect	stringtext2
   555     0634                     __pstringtext2:
   556     0634                     STR_19:
   557     0634  343F               	retlw	63	;'?'
   558     0635  3420               	retlw	32	;' '
   559     0636  344C               	retlw	76	;'L'
   560     0637  3444               	retlw	68	;'D'
   561     0638  3452               	retlw	82	;'R'
   562     0639  345F               	retlw	95	;'_'
   563     063A  3454               	retlw	84	;'T'
   564     063B  3443               	retlw	67	;'C'
   565     063C  345F               	retlw	95	;'_'
   566     063D  3431               	retlw	49	;'1'
   567     063E  3430               	retlw	48	;'0'
   568     063F  3420               	retlw	32	;' '
   569     0640  3450               	retlw	80	;'P'
   570     0641  3461               	retlw	97	;'a'
   571     0642  3473               	retlw	115	;'s'
   572     0643  3473               	retlw	115	;'s'
   573     0644  3465               	retlw	101	;'e'
   574     0645  3464               	retlw	100	;'d'
   575     0646  343A               	retlw	58	;':'
   576     0647  3420               	retlw	32	;' '
   577     0648  3444               	retlw	68	;'D'
   578     0649  3472               	retlw	114	;'r'
   579     064A  3469               	retlw	105	;'i'
   580     064B  3466               	retlw	102	;'f'
   581     064C  3474               	retlw	116	;'t'
   582     064D  3420               	retlw	32	;' '
   583     064E  3443               	retlw	67	;'C'
   584     064F  3461               	retlw	97	;'a'
   585     0650  346C               	retlw	108	;'l'
   586     0651  3469               	retlw	105	;'i'
   587     0652  3462               	retlw	98	;'b'
   588     0653  3472               	retlw	114	;'r'
   589     0654  3461               	retlw	97	;'a'
   590     0655  3474               	retlw	116	;'t'
   591     0656  3469               	retlw	105	;'i'
   592     0657  346F               	retlw	111	;'o'
   593     0658  346E               	retlw	110	;'n'
   594     0659  3420               	retlw	32	;' '
   595     065A  3454               	retlw	84	;'T'
   596     065B  346F               	retlw	111	;'o'
   597     065C  346C               	retlw	108	;'l'
   598     065D  3465               	retlw	101	;'e'
   599     065E  3472               	retlw	114	;'r'
   600     065F  3461               	retlw	97	;'a'
   601     0660  346E               	retlw	110	;'n'
   602     0661  3463               	retlw	99	;'c'
   603     0662  3465               	retlw	101	;'e'
   604     0663  340D               	retlw	13
   605     0664  3400               	retlw	0
   606                           
   607                           	psect	stringtext3
   608     0604                     __pstringtext3:
   609     0604                     STR_21:
   610     0604  343F               	retlw	63	;'?'
   611     0605  3420               	retlw	32	;' '
   612     0606  344C               	retlw	76	;'L'
   613     0607  3444               	retlw	68	;'D'
   614     0608  3452               	retlw	82	;'R'
   615     0609  345F               	retlw	95	;'_'
   616     060A  3454               	retlw	84	;'T'
   617     060B  3443               	retlw	67	;'C'
   618     060C  345F               	retlw	95	;'_'
   619     060D  3431               	retlw	49	;'1'
   620     060E  3431               	retlw	49	;'1'
   621     060F  3420               	retlw	32	;' '
   622     0610  3450               	retlw	80	;'P'
   623     0611  3461               	retlw	97	;'a'
   624     0612  3473               	retlw	115	;'s'
   625     0613  3473               	retlw	115	;'s'
   626     0614  3465               	retlw	101	;'e'
   627     0615  3464               	retlw	100	;'d'
   628     0616  343A               	retlw	58	;':'
   629     0617  3420               	retlw	32	;' '
   630     0618  344F               	retlw	79	;'O'
   631     0619  346E               	retlw	110	;'n'
   632     061A  3465               	retlw	101	;'e'
   633     061B  3420               	retlw	32	;' '
   634     061C  3446               	retlw	70	;'F'
   635     061D  3461               	retlw	97	;'a'
   636     061E  3475               	retlw	117	;'u'
   637     061F  346C               	retlw	108	;'l'
   638     0620  3474               	retlw	116	;'t'
   639     0621  3479               	retlw	121	;'y'
   640     0622  3420               	retlw	32	;' '
   641     0623  3453               	retlw	83	;'S'
   642     0624  3465               	retlw	101	;'e'
   643     0625  346E               	retlw	110	;'n'
   644     0626  3473               	retlw	115	;'s'
   645     0627  346F               	retlw	111	;'o'
   646     0628  3472               	retlw	114	;'r'
   647     0629  3420               	retlw	32	;' '
   648     062A  3444               	retlw	68	;'D'
   649     062B  3465               	retlw	101	;'e'
   650     062C  3474               	retlw	116	;'t'
   651     062D  3465               	retlw	101	;'e'
   652     062E  3463               	retlw	99	;'c'
   653     062F  3474               	retlw	116	;'t'
   654     0630  3465               	retlw	101	;'e'
   655     0631  3464               	retlw	100	;'d'
   656     0632  340D               	retlw	13
   657     0633  3400               	retlw	0
   658                           
   659                           	psect	stringtext4
   660     05D5                     __pstringtext4:
   661     05D5                     STR_17:
   662     05D5  343F               	retlw	63	;'?'
   663     05D6  3420               	retlw	32	;' '
   664     05D7  344C               	retlw	76	;'L'
   665     05D8  3444               	retlw	68	;'D'
   666     05D9  3452               	retlw	82	;'R'
   667     05DA  345F               	retlw	95	;'_'
   668     05DB  3454               	retlw	84	;'T'
   669     05DC  3443               	retlw	67	;'C'
   670     05DD  345F               	retlw	95	;'_'
   671     05DE  3430               	retlw	48	;'0'
   672     05DF  3439               	retlw	57	;'9'
   673     05E0  3420               	retlw	32	;' '
   674     05E1  3450               	retlw	80	;'P'
   675     05E2  3461               	retlw	97	;'a'
   676     05E3  3473               	retlw	115	;'s'
   677     05E4  3473               	retlw	115	;'s'
   678     05E5  3465               	retlw	101	;'e'
   679     05E6  3464               	retlw	100	;'d'
   680     05E7  343A               	retlw	58	;':'
   681     05E8  3420               	retlw	32	;' '
   682     05E9  3449               	retlw	73	;'I'
   683     05EA  346E               	retlw	110	;'n'
   684     05EB  3474               	retlw	116	;'t'
   685     05EC  3465               	retlw	101	;'e'
   686     05ED  3472               	retlw	114	;'r'
   687     05EE  346D               	retlw	109	;'m'
   688     05EF  3469               	retlw	105	;'i'
   689     05F0  3474               	retlw	116	;'t'
   690     05F1  3474               	retlw	116	;'t'
   691     05F2  3465               	retlw	101	;'e'
   692     05F3  346E               	retlw	110	;'n'
   693     05F4  3474               	retlw	116	;'t'
   694     05F5  3420               	retlw	32	;' '
   695     05F6  344C               	retlw	76	;'L'
   696     05F7  3469               	retlw	105	;'i'
   697     05F8  3467               	retlw	103	;'g'
   698     05F9  3468               	retlw	104	;'h'
   699     05FA  3474               	retlw	116	;'t'
   700     05FB  3420               	retlw	32	;' '
   701     05FC  3453               	retlw	83	;'S'
   702     05FD  346F               	retlw	111	;'o'
   703     05FE  3475               	retlw	117	;'u'
   704     05FF  3472               	retlw	114	;'r'
   705     0600  3463               	retlw	99	;'c'
   706     0601  3465               	retlw	101	;'e'
   707     0602  340D               	retlw	13
   708     0603  3400               	retlw	0
   709                           
   710                           	psect	stringtext5
   711     0373                     __pstringtext5:
   712     0373                     STR_1:
   713     0373  343F               	retlw	63	;'?'
   714     0374  3420               	retlw	32	;' '
   715     0375  344C               	retlw	76	;'L'
   716     0376  3444               	retlw	68	;'D'
   717     0377  3452               	retlw	82	;'R'
   718     0378  345F               	retlw	95	;'_'
   719     0379  3454               	retlw	84	;'T'
   720     037A  3443               	retlw	67	;'C'
   721     037B  345F               	retlw	95	;'_'
   722     037C  3430               	retlw	48	;'0'
   723     037D  3431               	retlw	49	;'1'
   724     037E  3420               	retlw	32	;' '
   725     037F  3450               	retlw	80	;'P'
   726     0380  3461               	retlw	97	;'a'
   727     0381  3473               	retlw	115	;'s'
   728     0382  3473               	retlw	115	;'s'
   729     0383  3465               	retlw	101	;'e'
   730     0384  3464               	retlw	100	;'d'
   731     0385  343A               	retlw	58	;':'
   732     0386  3420               	retlw	32	;' '
   733     0387  3445               	retlw	69	;'E'
   734     0388  3471               	retlw	113	;'q'
   735     0389  3475               	retlw	117	;'u'
   736     038A  3461               	retlw	97	;'a'
   737     038B  346C               	retlw	108	;'l'
   738     038C  3420               	retlw	32	;' '
   739     038D  344C               	retlw	76	;'L'
   740     038E  3469               	retlw	105	;'i'
   741     038F  3467               	retlw	103	;'g'
   742     0390  3468               	retlw	104	;'h'
   743     0391  3474               	retlw	116	;'t'
   744     0392  3420               	retlw	32	;' '
   745     0393  346F               	retlw	111	;'o'
   746     0394  346E               	retlw	110	;'n'
   747     0395  3420               	retlw	32	;' '
   748     0396  3442               	retlw	66	;'B'
   749     0397  346F               	retlw	111	;'o'
   750     0398  3474               	retlw	116	;'t'
   751     0399  3468               	retlw	104	;'h'
   752     039A  3420               	retlw	32	;' '
   753     039B  344C               	retlw	76	;'L'
   754     039C  3444               	retlw	68	;'D'
   755     039D  3452               	retlw	82	;'R'
   756     039E  3473               	retlw	115	;'s'
   757     039F  340D               	retlw	13
   758     03A0  3400               	retlw	0
   759                           
   760                           	psect	stringtext6
   761     0346                     __pstringtext6:
   762     0346                     STR_9:
   763     0346  343F               	retlw	63	;'?'
   764     0347  3420               	retlw	32	;' '
   765     0348  344C               	retlw	76	;'L'
   766     0349  3444               	retlw	68	;'D'
   767     034A  3452               	retlw	82	;'R'
   768     034B  345F               	retlw	95	;'_'
   769     034C  3454               	retlw	84	;'T'
   770     034D  3443               	retlw	67	;'C'
   771     034E  345F               	retlw	95	;'_'
   772     034F  3430               	retlw	48	;'0'
   773     0350  3435               	retlw	53	;'5'
   774     0351  3420               	retlw	32	;' '
   775     0352  3450               	retlw	80	;'P'
   776     0353  3461               	retlw	97	;'a'
   777     0354  3473               	retlw	115	;'s'
   778     0355  3473               	retlw	115	;'s'
   779     0356  3465               	retlw	101	;'e'
   780     0357  3464               	retlw	100	;'d'
   781     0358  343A               	retlw	58	;':'
   782     0359  3420               	retlw	32	;' '
   783     035A  3442               	retlw	66	;'B'
   784     035B  346F               	retlw	111	;'o'
   785     035C  3474               	retlw	116	;'t'
   786     035D  3468               	retlw	104	;'h'
   787     035E  3420               	retlw	32	;' '
   788     035F  344C               	retlw	76	;'L'
   789     0360  3444               	retlw	68	;'D'
   790     0361  3452               	retlw	82	;'R'
   791     0362  3473               	retlw	115	;'s'
   792     0363  3420               	retlw	32	;' '
   793     0364  3469               	retlw	105	;'i'
   794     0365  346E               	retlw	110	;'n'
   795     0366  3420               	retlw	32	;' '
   796     0367  3442               	retlw	66	;'B'
   797     0368  3472               	retlw	114	;'r'
   798     0369  3469               	retlw	105	;'i'
   799     036A  3467               	retlw	103	;'g'
   800     036B  3468               	retlw	104	;'h'
   801     036C  3474               	retlw	116	;'t'
   802     036D  346E               	retlw	110	;'n'
   803     036E  3465               	retlw	101	;'e'
   804     036F  3473               	retlw	115	;'s'
   805     0370  3473               	retlw	115	;'s'
   806     0371  340D               	retlw	13
   807     0372  3400               	retlw	0
   808                           
   809                           	psect	stringtext7
   810     031A                     __pstringtext7:
   811     031A                     STR_13:
   812     031A  343F               	retlw	63	;'?'
   813     031B  3420               	retlw	32	;' '
   814     031C  344C               	retlw	76	;'L'
   815     031D  3444               	retlw	68	;'D'
   816     031E  3452               	retlw	82	;'R'
   817     031F  345F               	retlw	95	;'_'
   818     0320  3454               	retlw	84	;'T'
   819     0321  3443               	retlw	67	;'C'
   820     0322  345F               	retlw	95	;'_'
   821     0323  3430               	retlw	48	;'0'
   822     0324  3437               	retlw	55	;'7'
   823     0325  3420               	retlw	32	;' '
   824     0326  3450               	retlw	80	;'P'
   825     0327  3461               	retlw	97	;'a'
   826     0328  3473               	retlw	115	;'s'
   827     0329  3473               	retlw	115	;'s'
   828     032A  3465               	retlw	101	;'e'
   829     032B  3464               	retlw	100	;'d'
   830     032C  343A               	retlw	58	;':'
   831     032D  3420               	retlw	32	;' '
   832     032E  3453               	retlw	83	;'S'
   833     032F  3465               	retlw	101	;'e'
   834     0330  346E               	retlw	110	;'n'
   835     0331  3473               	retlw	115	;'s'
   836     0332  346F               	retlw	111	;'o'
   837     0333  3472               	retlw	114	;'r'
   838     0334  3420               	retlw	32	;' '
   839     0335  344E               	retlw	78	;'N'
   840     0336  346F               	retlw	111	;'o'
   841     0337  3469               	retlw	105	;'i'
   842     0338  3473               	retlw	115	;'s'
   843     0339  3465               	retlw	101	;'e'
   844     033A  3420               	retlw	32	;' '
   845     033B  3454               	retlw	84	;'T'
   846     033C  346F               	retlw	111	;'o'
   847     033D  346C               	retlw	108	;'l'
   848     033E  3465               	retlw	101	;'e'
   849     033F  3472               	retlw	114	;'r'
   850     0340  3461               	retlw	97	;'a'
   851     0341  346E               	retlw	110	;'n'
   852     0342  3463               	retlw	99	;'c'
   853     0343  3465               	retlw	101	;'e'
   854     0344  340D               	retlw	13
   855     0345  3400               	retlw	0
   856                           
   857                           	psect	stringtext8
   858     02EE                     __pstringtext8:
   859     02EE                     STR_5:
   860     02EE  343F               	retlw	63	;'?'
   861     02EF  3420               	retlw	32	;' '
   862     02F0  344C               	retlw	76	;'L'
   863     02F1  3444               	retlw	68	;'D'
   864     02F2  3452               	retlw	82	;'R'
   865     02F3  345F               	retlw	95	;'_'
   866     02F4  3454               	retlw	84	;'T'
   867     02F5  3443               	retlw	67	;'C'
   868     02F6  345F               	retlw	95	;'_'
   869     02F7  3430               	retlw	48	;'0'
   870     02F8  3433               	retlw	51	;'3'
   871     02F9  3420               	retlw	32	;' '
   872     02FA  3450               	retlw	80	;'P'
   873     02FB  3461               	retlw	97	;'a'
   874     02FC  3473               	retlw	115	;'s'
   875     02FD  3473               	retlw	115	;'s'
   876     02FE  3465               	retlw	101	;'e'
   877     02FF  3464               	retlw	100	;'d'
   878     0300  343A               	retlw	58	;':'
   879     0301  3420               	retlw	32	;' '
   880     0302  344C               	retlw	76	;'L'
   881     0303  3444               	retlw	68	;'D'
   882     0304  3452               	retlw	82	;'R'
   883     0305  3431               	retlw	49	;'1'
   884     0306  3420               	retlw	32	;' '
   885     0307  3442               	retlw	66	;'B'
   886     0308  3472               	retlw	114	;'r'
   887     0309  3469               	retlw	105	;'i'
   888     030A  3467               	retlw	103	;'g'
   889     030B  3468               	retlw	104	;'h'
   890     030C  3474               	retlw	116	;'t'
   891     030D  342C               	retlw	44	;','
   892     030E  3420               	retlw	32	;' '
   893     030F  344C               	retlw	76	;'L'
   894     0310  3444               	retlw	68	;'D'
   895     0311  3452               	retlw	82	;'R'
   896     0312  3432               	retlw	50	;'2'
   897     0313  3420               	retlw	32	;' '
   898     0314  3444               	retlw	68	;'D'
   899     0315  3461               	retlw	97	;'a'
   900     0316  3472               	retlw	114	;'r'
   901     0317  346B               	retlw	107	;'k'
   902     0318  340D               	retlw	13
   903     0319  3400               	retlw	0
   904                           
   905                           	psect	stringtext9
   906     02C2                     __pstringtext9:
   907     02C2                     STR_3:
   908     02C2  343F               	retlw	63	;'?'
   909     02C3  3420               	retlw	32	;' '
   910     02C4  344C               	retlw	76	;'L'
   911     02C5  3444               	retlw	68	;'D'
   912     02C6  3452               	retlw	82	;'R'
   913     02C7  345F               	retlw	95	;'_'
   914     02C8  3454               	retlw	84	;'T'
   915     02C9  3443               	retlw	67	;'C'
   916     02CA  345F               	retlw	95	;'_'
   917     02CB  3430               	retlw	48	;'0'
   918     02CC  3432               	retlw	50	;'2'
   919     02CD  3420               	retlw	32	;' '
   920     02CE  3450               	retlw	80	;'P'
   921     02CF  3461               	retlw	97	;'a'
   922     02D0  3473               	retlw	115	;'s'
   923     02D1  3473               	retlw	115	;'s'
   924     02D2  3465               	retlw	101	;'e'
   925     02D3  3464               	retlw	100	;'d'
   926     02D4  343A               	retlw	58	;':'
   927     02D5  3420               	retlw	32	;' '
   928     02D6  344C               	retlw	76	;'L'
   929     02D7  3444               	retlw	68	;'D'
   930     02D8  3452               	retlw	82	;'R'
   931     02D9  3431               	retlw	49	;'1'
   932     02DA  3420               	retlw	32	;' '
   933     02DB  3444               	retlw	68	;'D'
   934     02DC  3461               	retlw	97	;'a'
   935     02DD  3472               	retlw	114	;'r'
   936     02DE  346B               	retlw	107	;'k'
   937     02DF  342C               	retlw	44	;','
   938     02E0  3420               	retlw	32	;' '
   939     02E1  344C               	retlw	76	;'L'
   940     02E2  3444               	retlw	68	;'D'
   941     02E3  3452               	retlw	82	;'R'
   942     02E4  3432               	retlw	50	;'2'
   943     02E5  3420               	retlw	32	;' '
   944     02E6  3442               	retlw	66	;'B'
   945     02E7  3472               	retlw	114	;'r'
   946     02E8  3469               	retlw	105	;'i'
   947     02E9  3467               	retlw	103	;'g'
   948     02EA  3468               	retlw	104	;'h'
   949     02EB  3474               	retlw	116	;'t'
   950     02EC  340D               	retlw	13
   951     02ED  3400               	retlw	0
   952                           
   953                           	psect	stringtext10
   954     0297                     __pstringtext10:
   955     0297                     STR_24:
   956     0297  343F               	retlw	63	;'?'
   957     0298  3420               	retlw	32	;' '
   958     0299  344C               	retlw	76	;'L'
   959     029A  3444               	retlw	68	;'D'
   960     029B  3452               	retlw	82	;'R'
   961     029C  345F               	retlw	95	;'_'
   962     029D  3454               	retlw	84	;'T'
   963     029E  3443               	retlw	67	;'C'
   964     029F  345F               	retlw	95	;'_'
   965     02A0  3431               	retlw	49	;'1'
   966     02A1  3432               	retlw	50	;'2'
   967     02A2  3420               	retlw	32	;' '
   968     02A3  3450               	retlw	80	;'P'
   969     02A4  3461               	retlw	97	;'a'
   970     02A5  3473               	retlw	115	;'s'
   971     02A6  3473               	retlw	115	;'s'
   972     02A7  3465               	retlw	101	;'e'
   973     02A8  3464               	retlw	100	;'d'
   974     02A9  343A               	retlw	58	;':'
   975     02AA  3420               	retlw	32	;' '
   976     02AB  3446               	retlw	70	;'F'
   977     02AC  3469               	retlw	105	;'i'
   978     02AD  3478               	retlw	120	;'x'
   979     02AE  3465               	retlw	101	;'e'
   980     02AF  3464               	retlw	100	;'d'
   981     02B0  3420               	retlw	32	;' '
   982     02B1  3476               	retlw	118	;'v'
   983     02B2  3473               	retlw	115	;'s'
   984     02B3  3420               	retlw	32	;' '
   985     02B4  3443               	retlw	67	;'C'
   986     02B5  3468               	retlw	104	;'h'
   987     02B6  3461               	retlw	97	;'a'
   988     02B7  346E               	retlw	110	;'n'
   989     02B8  3467               	retlw	103	;'g'
   990     02B9  3469               	retlw	105	;'i'
   991     02BA  346E               	retlw	110	;'n'
   992     02BB  3467               	retlw	103	;'g'
   993     02BC  3420               	retlw	32	;' '
   994     02BD  344C               	retlw	76	;'L'
   995     02BE  3444               	retlw	68	;'D'
   996     02BF  3452               	retlw	82	;'R'
   997     02C0  340D               	retlw	13
   998     02C1  3400               	retlw	0
   999                           
  1000                           	psect	stringtext11
  1001     026C                     __pstringtext11:
  1002     026C                     STR_7:
  1003     026C  343F               	retlw	63	;'?'
  1004     026D  3420               	retlw	32	;' '
  1005     026E  344C               	retlw	76	;'L'
  1006     026F  3444               	retlw	68	;'D'
  1007     0270  3452               	retlw	82	;'R'
  1008     0271  345F               	retlw	95	;'_'
  1009     0272  3454               	retlw	84	;'T'
  1010     0273  3443               	retlw	67	;'C'
  1011     0274  345F               	retlw	95	;'_'
  1012     0275  3430               	retlw	48	;'0'
  1013     0276  3434               	retlw	52	;'4'
  1014     0277  3420               	retlw	32	;' '
  1015     0278  3450               	retlw	80	;'P'
  1016     0279  3461               	retlw	97	;'a'
  1017     027A  3473               	retlw	115	;'s'
  1018     027B  3473               	retlw	115	;'s'
  1019     027C  3465               	retlw	101	;'e'
  1020     027D  3464               	retlw	100	;'d'
  1021     027E  343A               	retlw	58	;':'
  1022     027F  3420               	retlw	32	;' '
  1023     0280  3442               	retlw	66	;'B'
  1024     0281  346F               	retlw	111	;'o'
  1025     0282  3474               	retlw	116	;'t'
  1026     0283  3468               	retlw	104	;'h'
  1027     0284  3420               	retlw	32	;' '
  1028     0285  344C               	retlw	76	;'L'
  1029     0286  3444               	retlw	68	;'D'
  1030     0287  3452               	retlw	82	;'R'
  1031     0288  3473               	retlw	115	;'s'
  1032     0289  3420               	retlw	32	;' '
  1033     028A  3469               	retlw	105	;'i'
  1034     028B  346E               	retlw	110	;'n'
  1035     028C  3420               	retlw	32	;' '
  1036     028D  3444               	retlw	68	;'D'
  1037     028E  3461               	retlw	97	;'a'
  1038     028F  3472               	retlw	114	;'r'
  1039     0290  346B               	retlw	107	;'k'
  1040     0291  346E               	retlw	110	;'n'
  1041     0292  3465               	retlw	101	;'e'
  1042     0293  3473               	retlw	115	;'s'
  1043     0294  3473               	retlw	115	;'s'
  1044     0295  340D               	retlw	13
  1045     0296  3400               	retlw	0
  1046                           
  1047                           	psect	stringtext12
  1048     0242                     __pstringtext12:
  1049     0242                     STR_15:
  1050     0242  343F               	retlw	63	;'?'
  1051     0243  3420               	retlw	32	;' '
  1052     0244  344C               	retlw	76	;'L'
  1053     0245  3444               	retlw	68	;'D'
  1054     0246  3452               	retlw	82	;'R'
  1055     0247  345F               	retlw	95	;'_'
  1056     0248  3454               	retlw	84	;'T'
  1057     0249  3443               	retlw	67	;'C'
  1058     024A  345F               	retlw	95	;'_'
  1059     024B  3430               	retlw	48	;'0'
  1060     024C  3438               	retlw	56	;'8'
  1061     024D  3420               	retlw	32	;' '
  1062     024E  3450               	retlw	80	;'P'
  1063     024F  3461               	retlw	97	;'a'
  1064     0250  3473               	retlw	115	;'s'
  1065     0251  3473               	retlw	115	;'s'
  1066     0252  3465               	retlw	101	;'e'
  1067     0253  3464               	retlw	100	;'d'
  1068     0254  343A               	retlw	58	;':'
  1069     0255  3420               	retlw	32	;' '
  1070     0256  3447               	retlw	71	;'G'
  1071     0257  3472               	retlw	114	;'r'
  1072     0258  3461               	retlw	97	;'a'
  1073     0259  3464               	retlw	100	;'d'
  1074     025A  3475               	retlw	117	;'u'
  1075     025B  3461               	retlw	97	;'a'
  1076     025C  346C               	retlw	108	;'l'
  1077     025D  3420               	retlw	32	;' '
  1078     025E  344C               	retlw	76	;'L'
  1079     025F  3469               	retlw	105	;'i'
  1080     0260  3467               	retlw	103	;'g'
  1081     0261  3468               	retlw	104	;'h'
  1082     0262  3474               	retlw	116	;'t'
  1083     0263  3420               	retlw	32	;' '
  1084     0264  3443               	retlw	67	;'C'
  1085     0265  3468               	retlw	104	;'h'
  1086     0266  3461               	retlw	97	;'a'
  1087     0267  346E               	retlw	110	;'n'
  1088     0268  3467               	retlw	103	;'g'
  1089     0269  3465               	retlw	101	;'e'
  1090     026A  340D               	retlw	13
  1091     026B  3400               	retlw	0
  1092                           
  1093                           	psect	stringtext13
  1094     021A                     __pstringtext13:
  1095     021A                     STR_11:
  1096     021A  343F               	retlw	63	;'?'
  1097     021B  3420               	retlw	32	;' '
  1098     021C  344C               	retlw	76	;'L'
  1099     021D  3444               	retlw	68	;'D'
  1100     021E  3452               	retlw	82	;'R'
  1101     021F  345F               	retlw	95	;'_'
  1102     0220  3454               	retlw	84	;'T'
  1103     0221  3443               	retlw	67	;'C'
  1104     0222  345F               	retlw	95	;'_'
  1105     0223  3430               	retlw	48	;'0'
  1106     0224  3436               	retlw	54	;'6'
  1107     0225  3420               	retlw	32	;' '
  1108     0226  3450               	retlw	80	;'P'
  1109     0227  3461               	retlw	97	;'a'
  1110     0228  3473               	retlw	115	;'s'
  1111     0229  3473               	retlw	115	;'s'
  1112     022A  3465               	retlw	101	;'e'
  1113     022B  3464               	retlw	100	;'d'
  1114     022C  343A               	retlw	58	;':'
  1115     022D  3420               	retlw	32	;' '
  1116     022E  344F               	retlw	79	;'O'
  1117     022F  346E               	retlw	110	;'n'
  1118     0230  3465               	retlw	101	;'e'
  1119     0231  3420               	retlw	32	;' '
  1120     0232  344C               	retlw	76	;'L'
  1121     0233  3444               	retlw	68	;'D'
  1122     0234  3452               	retlw	82	;'R'
  1123     0235  3420               	retlw	32	;' '
  1124     0236  344F               	retlw	79	;'O'
  1125     0237  3462               	retlw	98	;'b'
  1126     0238  3473               	retlw	115	;'s'
  1127     0239  3474               	retlw	116	;'t'
  1128     023A  3472               	retlw	114	;'r'
  1129     023B  3475               	retlw	117	;'u'
  1130     023C  3463               	retlw	99	;'c'
  1131     023D  3474               	retlw	116	;'t'
  1132     023E  3465               	retlw	101	;'e'
  1133     023F  3464               	retlw	100	;'d'
  1134     0240  340D               	retlw	13
  1135     0241  3400               	retlw	0
  1136                           
  1137                           	psect	stringtext14
  1138     01D9                     __pstringtext14:
  1139     01D9                     STR_27:
  1140     01D9  3420               	retlw	32	;' '
  1141     01DA  3454               	retlw	84	;'T'
  1142     01DB  3465               	retlw	101	;'e'
  1143     01DC  3473               	retlw	115	;'s'
  1144     01DD  3474               	retlw	116	;'t'
  1145     01DE  3420               	retlw	32	;' '
  1146     01DF  3443               	retlw	67	;'C'
  1147     01E0  3461               	retlw	97	;'a'
  1148     01E1  3473               	retlw	115	;'s'
  1149     01E2  3465               	retlw	101	;'e'
  1150     01E3  3420               	retlw	32	;' '
  1151     01E4  3453               	retlw	83	;'S'
  1152     01E5  3465               	retlw	101	;'e'
  1153     01E6  346C               	retlw	108	;'l'
  1154     01E7  3465               	retlw	101	;'e'
  1155     01E8  3463               	retlw	99	;'c'
  1156     01E9  3474               	retlw	116	;'t'
  1157     01EA  3469               	retlw	105	;'i'
  1158     01EB  346F               	retlw	111	;'o'
  1159     01EC  346E               	retlw	110	;'n'
  1160     01ED  3420               	retlw	32	;' '
  1161     01EE  3428               	retlw	40	;'('
  1162     01EF  3431               	retlw	49	;'1'
  1163     01F0  342D               	retlw	45	;'-'
  1164     01F1  3431               	retlw	49	;'1'
  1165     01F2  3433               	retlw	51	;'3'
  1166     01F3  3429               	retlw	41	;')'
  1167     01F4  343A               	retlw	58	;':'
  1168     01F5  3420               	retlw	32	;' '
  1169     01F6  340D               	retlw	13
  1170     01F7  3400               	retlw	0
  1171                           
  1172                           	psect	stringtext15
  1173     017B                     __pstringtext15:
  1174     017B                     STR_20:
  1175     017B  344C               	retlw	76	;'L'
  1176     017C  3444               	retlw	68	;'D'
  1177     017D  3452               	retlw	82	;'R'
  1178     017E  345F               	retlw	95	;'_'
  1179     017F  3454               	retlw	84	;'T'
  1180     0180  3443               	retlw	67	;'C'
  1181     0181  345F               	retlw	95	;'_'
  1182     0182  3431               	retlw	49	;'1'
  1183     0183  3430               	retlw	48	;'0'
  1184     0184  3420               	retlw	32	;' '
  1185     0185  3446               	retlw	70	;'F'
  1186     0186  3461               	retlw	97	;'a'
  1187     0187  3469               	retlw	105	;'i'
  1188     0188  346C               	retlw	108	;'l'
  1189     0189  3465               	retlw	101	;'e'
  1190     018A  3464               	retlw	100	;'d'
  1191     018B  340D               	retlw	13
  1192     018C  3400               	retlw	0
  1193                           
  1194                           	psect	stringtext16
  1195     0169                     __pstringtext16:
  1196     0169                     STR_2:
  1197     0169  344C               	retlw	76	;'L'
  1198     016A  3444               	retlw	68	;'D'
  1199     016B  3452               	retlw	82	;'R'
  1200     016C  345F               	retlw	95	;'_'
  1201     016D  3454               	retlw	84	;'T'
  1202     016E  3443               	retlw	67	;'C'
  1203     016F  345F               	retlw	95	;'_'
  1204     0170  3430               	retlw	48	;'0'
  1205     0171  3431               	retlw	49	;'1'
  1206     0172  3420               	retlw	32	;' '
  1207     0173  3446               	retlw	70	;'F'
  1208     0174  3461               	retlw	97	;'a'
  1209     0175  3469               	retlw	105	;'i'
  1210     0176  346C               	retlw	108	;'l'
  1211     0177  3465               	retlw	101	;'e'
  1212     0178  3464               	retlw	100	;'d'
  1213     0179  340D               	retlw	13
  1214     017A  3400               	retlw	0
  1215                           
  1216                           	psect	stringtext17
  1217     0157                     __pstringtext17:
  1218     0157                     STR_22:
  1219     0157  344C               	retlw	76	;'L'
  1220     0158  3444               	retlw	68	;'D'
  1221     0159  3452               	retlw	82	;'R'
  1222     015A  345F               	retlw	95	;'_'
  1223     015B  3454               	retlw	84	;'T'
  1224     015C  3443               	retlw	67	;'C'
  1225     015D  345F               	retlw	95	;'_'
  1226     015E  3431               	retlw	49	;'1'
  1227     015F  3431               	retlw	49	;'1'
  1228     0160  3420               	retlw	32	;' '
  1229     0161  3446               	retlw	70	;'F'
  1230     0162  3461               	retlw	97	;'a'
  1231     0163  3469               	retlw	105	;'i'
  1232     0164  346C               	retlw	108	;'l'
  1233     0165  3465               	retlw	101	;'e'
  1234     0166  3464               	retlw	100	;'d'
  1235     0167  340D               	retlw	13
  1236     0168  3400               	retlw	0
  1237                           
  1238                           	psect	stringtext18
  1239     0145                     __pstringtext18:
  1240     0145                     STR_4:
  1241     0145  344C               	retlw	76	;'L'
  1242     0146  3444               	retlw	68	;'D'
  1243     0147  3452               	retlw	82	;'R'
  1244     0148  345F               	retlw	95	;'_'
  1245     0149  3454               	retlw	84	;'T'
  1246     014A  3443               	retlw	67	;'C'
  1247     014B  345F               	retlw	95	;'_'
  1248     014C  3430               	retlw	48	;'0'
  1249     014D  3432               	retlw	50	;'2'
  1250     014E  3420               	retlw	32	;' '
  1251     014F  3446               	retlw	70	;'F'
  1252     0150  3461               	retlw	97	;'a'
  1253     0151  3469               	retlw	105	;'i'
  1254     0152  346C               	retlw	108	;'l'
  1255     0153  3465               	retlw	101	;'e'
  1256     0154  3464               	retlw	100	;'d'
  1257     0155  340D               	retlw	13
  1258     0156  3400               	retlw	0
  1259                           
  1260                           	psect	stringtext19
  1261     0133                     __pstringtext19:
  1262     0133                     STR_23:
  1263     0133  344C               	retlw	76	;'L'
  1264     0134  3444               	retlw	68	;'D'
  1265     0135  3452               	retlw	82	;'R'
  1266     0136  345F               	retlw	95	;'_'
  1267     0137  3454               	retlw	84	;'T'
  1268     0138  3443               	retlw	67	;'C'
  1269     0139  345F               	retlw	95	;'_'
  1270     013A  3431               	retlw	49	;'1'
  1271     013B  3432               	retlw	50	;'2'
  1272     013C  3420               	retlw	32	;' '
  1273     013D  3446               	retlw	70	;'F'
  1274     013E  3461               	retlw	97	;'a'
  1275     013F  3469               	retlw	105	;'i'
  1276     0140  346C               	retlw	108	;'l'
  1277     0141  3465               	retlw	101	;'e'
  1278     0142  3464               	retlw	100	;'d'
  1279     0143  340D               	retlw	13
  1280     0144  3400               	retlw	0
  1281                           
  1282                           	psect	stringtext20
  1283     0121                     __pstringtext20:
  1284     0121                     STR_6:
  1285     0121  344C               	retlw	76	;'L'
  1286     0122  3444               	retlw	68	;'D'
  1287     0123  3452               	retlw	82	;'R'
  1288     0124  345F               	retlw	95	;'_'
  1289     0125  3454               	retlw	84	;'T'
  1290     0126  3443               	retlw	67	;'C'
  1291     0127  345F               	retlw	95	;'_'
  1292     0128  3430               	retlw	48	;'0'
  1293     0129  3433               	retlw	51	;'3'
  1294     012A  3420               	retlw	32	;' '
  1295     012B  3446               	retlw	70	;'F'
  1296     012C  3461               	retlw	97	;'a'
  1297     012D  3469               	retlw	105	;'i'
  1298     012E  346C               	retlw	108	;'l'
  1299     012F  3465               	retlw	101	;'e'
  1300     0130  3464               	retlw	100	;'d'
  1301     0131  340D               	retlw	13
  1302     0132  3400               	retlw	0
  1303                           
  1304                           	psect	stringtext21
  1305     010F                     __pstringtext21:
  1306     010F                     STR_26:
  1307     010F  344C               	retlw	76	;'L'
  1308     0110  3444               	retlw	68	;'D'
  1309     0111  3452               	retlw	82	;'R'
  1310     0112  345F               	retlw	95	;'_'
  1311     0113  3454               	retlw	84	;'T'
  1312     0114  3443               	retlw	67	;'C'
  1313     0115  345F               	retlw	95	;'_'
  1314     0116  3431               	retlw	49	;'1'
  1315     0117  3433               	retlw	51	;'3'
  1316     0118  3420               	retlw	32	;' '
  1317     0119  3446               	retlw	70	;'F'
  1318     011A  3461               	retlw	97	;'a'
  1319     011B  3469               	retlw	105	;'i'
  1320     011C  346C               	retlw	108	;'l'
  1321     011D  3465               	retlw	101	;'e'
  1322     011E  3464               	retlw	100	;'d'
  1323     011F  340D               	retlw	13
  1324     0120  3400               	retlw	0
  1325                           
  1326                           	psect	stringtext22
  1327     00FD                     __pstringtext22:
  1328     00FD                     STR_8:
  1329     00FD  344C               	retlw	76	;'L'
  1330     00FE  3444               	retlw	68	;'D'
  1331     00FF  3452               	retlw	82	;'R'
  1332     0100  345F               	retlw	95	;'_'
  1333     0101  3454               	retlw	84	;'T'
  1334     0102  3443               	retlw	67	;'C'
  1335     0103  345F               	retlw	95	;'_'
  1336     0104  3430               	retlw	48	;'0'
  1337     0105  3434               	retlw	52	;'4'
  1338     0106  3420               	retlw	32	;' '
  1339     0107  3446               	retlw	70	;'F'
  1340     0108  3461               	retlw	97	;'a'
  1341     0109  3469               	retlw	105	;'i'
  1342     010A  346C               	retlw	108	;'l'
  1343     010B  3465               	retlw	101	;'e'
  1344     010C  3464               	retlw	100	;'d'
  1345     010D  340D               	retlw	13
  1346     010E  3400               	retlw	0
  1347                           
  1348                           	psect	stringtext23
  1349     00EB                     __pstringtext23:
  1350     00EB                     STR_10:
  1351     00EB  344C               	retlw	76	;'L'
  1352     00EC  3444               	retlw	68	;'D'
  1353     00ED  3452               	retlw	82	;'R'
  1354     00EE  345F               	retlw	95	;'_'
  1355     00EF  3454               	retlw	84	;'T'
  1356     00F0  3443               	retlw	67	;'C'
  1357     00F1  345F               	retlw	95	;'_'
  1358     00F2  3430               	retlw	48	;'0'
  1359     00F3  3435               	retlw	53	;'5'
  1360     00F4  3420               	retlw	32	;' '
  1361     00F5  3446               	retlw	70	;'F'
  1362     00F6  3461               	retlw	97	;'a'
  1363     00F7  3469               	retlw	105	;'i'
  1364     00F8  346C               	retlw	108	;'l'
  1365     00F9  3465               	retlw	101	;'e'
  1366     00FA  3464               	retlw	100	;'d'
  1367     00FB  340D               	retlw	13
  1368     00FC  3400               	retlw	0
  1369                           
  1370                           	psect	stringtext24
  1371     00D9                     __pstringtext24:
  1372     00D9                     STR_12:
  1373     00D9  344C               	retlw	76	;'L'
  1374     00DA  3444               	retlw	68	;'D'
  1375     00DB  3452               	retlw	82	;'R'
  1376     00DC  345F               	retlw	95	;'_'
  1377     00DD  3454               	retlw	84	;'T'
  1378     00DE  3443               	retlw	67	;'C'
  1379     00DF  345F               	retlw	95	;'_'
  1380     00E0  3430               	retlw	48	;'0'
  1381     00E1  3436               	retlw	54	;'6'
  1382     00E2  3420               	retlw	32	;' '
  1383     00E3  3446               	retlw	70	;'F'
  1384     00E4  3461               	retlw	97	;'a'
  1385     00E5  3469               	retlw	105	;'i'
  1386     00E6  346C               	retlw	108	;'l'
  1387     00E7  3465               	retlw	101	;'e'
  1388     00E8  3464               	retlw	100	;'d'
  1389     00E9  340D               	retlw	13
  1390     00EA  3400               	retlw	0
  1391                           
  1392                           	psect	stringtext25
  1393     00C7                     __pstringtext25:
  1394     00C7                     STR_14:
  1395     00C7  344C               	retlw	76	;'L'
  1396     00C8  3444               	retlw	68	;'D'
  1397     00C9  3452               	retlw	82	;'R'
  1398     00CA  345F               	retlw	95	;'_'
  1399     00CB  3454               	retlw	84	;'T'
  1400     00CC  3443               	retlw	67	;'C'
  1401     00CD  345F               	retlw	95	;'_'
  1402     00CE  3430               	retlw	48	;'0'
  1403     00CF  3437               	retlw	55	;'7'
  1404     00D0  3420               	retlw	32	;' '
  1405     00D1  3446               	retlw	70	;'F'
  1406     00D2  3461               	retlw	97	;'a'
  1407     00D3  3469               	retlw	105	;'i'
  1408     00D4  346C               	retlw	108	;'l'
  1409     00D5  3465               	retlw	101	;'e'
  1410     00D6  3464               	retlw	100	;'d'
  1411     00D7  340D               	retlw	13
  1412     00D8  3400               	retlw	0
  1413                           
  1414                           	psect	stringtext26
  1415     00B5                     __pstringtext26:
  1416     00B5                     STR_16:
  1417     00B5  344C               	retlw	76	;'L'
  1418     00B6  3444               	retlw	68	;'D'
  1419     00B7  3452               	retlw	82	;'R'
  1420     00B8  345F               	retlw	95	;'_'
  1421     00B9  3454               	retlw	84	;'T'
  1422     00BA  3443               	retlw	67	;'C'
  1423     00BB  345F               	retlw	95	;'_'
  1424     00BC  3430               	retlw	48	;'0'
  1425     00BD  3438               	retlw	56	;'8'
  1426     00BE  3420               	retlw	32	;' '
  1427     00BF  3446               	retlw	70	;'F'
  1428     00C0  3461               	retlw	97	;'a'
  1429     00C1  3469               	retlw	105	;'i'
  1430     00C2  346C               	retlw	108	;'l'
  1431     00C3  3465               	retlw	101	;'e'
  1432     00C4  3464               	retlw	100	;'d'
  1433     00C5  340D               	retlw	13
  1434     00C6  3400               	retlw	0
  1435                           
  1436                           	psect	stringtext27
  1437     00A3                     __pstringtext27:
  1438     00A3                     STR_18:
  1439     00A3  344C               	retlw	76	;'L'
  1440     00A4  3444               	retlw	68	;'D'
  1441     00A5  3452               	retlw	82	;'R'
  1442     00A6  345F               	retlw	95	;'_'
  1443     00A7  3454               	retlw	84	;'T'
  1444     00A8  3443               	retlw	67	;'C'
  1445     00A9  345F               	retlw	95	;'_'
  1446     00AA  3430               	retlw	48	;'0'
  1447     00AB  3439               	retlw	57	;'9'
  1448     00AC  3420               	retlw	32	;' '
  1449     00AD  3446               	retlw	70	;'F'
  1450     00AE  3461               	retlw	97	;'a'
  1451     00AF  3469               	retlw	105	;'i'
  1452     00B0  346C               	retlw	108	;'l'
  1453     00B1  3465               	retlw	101	;'e'
  1454     00B2  3464               	retlw	100	;'d'
  1455     00B3  340D               	retlw	13
  1456     00B4  3400               	retlw	0
  1457                           
  1458                           	psect	stringtext28
  1459     0086                     __pstringtext28:
  1460     0086                     STR_28:
  1461     0086  3420               	retlw	32	;' '
  1462     0087  3477               	retlw	119	;'w'
  1463     0088  3472               	retlw	114	;'r'
  1464     0089  346F               	retlw	111	;'o'
  1465     008A  346E               	retlw	110	;'n'
  1466     008B  3467               	retlw	103	;'g'
  1467     008C  3420               	retlw	32	;' '
  1468     008D  3469               	retlw	105	;'i'
  1469     008E  346E               	retlw	110	;'n'
  1470     008F  3470               	retlw	112	;'p'
  1471     0090  3475               	retlw	117	;'u'
  1472     0091  3474               	retlw	116	;'t'
  1473     0092  340D               	retlw	13
  1474     0093  3400               	retlw	0
  1475                           
  1476                           	psect	stringtext29
  1477     0000                     __pstringtext29:
  1478                           
  1479                           	psect	cinit
  1480     07F5                     start_initialization:	
  1481                           ; #config settings
  1482                           
  1483     07F5                     __initialization:
  1484                           
  1485                           ; Clear objects allocated to BANK0
  1486     07F5  0020               	movlb	0	; select bank0
  1487     07F6  01A0               	clrf	__pbssBANK0& (0+127)
  1488     07F7  01A1               	clrf	(__pbssBANK0+1)& (0+127)
  1489     07F8  01A2               	clrf	(__pbssBANK0+2)& (0+127)
  1490     07F9  01A3               	clrf	(__pbssBANK0+3)& (0+127)
  1491     07FA  01A4               	clrf	(__pbssBANK0+4)& (0+127)
  1492     07FB  01A5               	clrf	(__pbssBANK0+5)& (0+127)
  1493     07FC  01A6               	clrf	(__pbssBANK0+6)& (0+127)
  1494     07FD  01A7               	clrf	(__pbssBANK0+7)& (0+127)
  1495     07FE                     end_of_initialization:	
  1496                           ;End of C runtime variable initialization code
  1497                           
  1498     07FE                     __end_of__initialization:
  1499     07FE  0020               	movlb	0
  1500     07FF  2F24               	ljmp	_main	;jump to C main() function
  1501                           
  1502                           	psect	bssBANK0
  1503     0020                     __pbssBANK0:
  1504     0020                     main@F3283:
  1505     0020                     	ds	3
  1506     0023                     _LDR2_Value:
  1507     0023                     	ds	2
  1508     0025                     _LDR1_Value:
  1509     0025                     	ds	2
  1510     0027                     _eusartRxLastError:
  1511     0027                     	ds	1
  1512                           
  1513                           	psect	cstackCOMMON
  1514     0070                     __pcstackCOMMON:
  1515     0070                     ?_EUSART_Write:
  1516     0070                     ?_EUSART_is_tx_done:	
  1517                           ; 1 bytes @ 0x0
  1518                           
  1519     0070                     ?_EUSART_Initialize:	
  1520                           ; 1 bytes @ 0x0
  1521                           
  1522     0070                     ?_EUSART_Read:	
  1523                           ; 1 bytes @ 0x0
  1524                           
  1525     0070                     ?_EUSART_SetFramingErrorHandler:	
  1526                           ; 1 bytes @ 0x0
  1527                           
  1528     0070                     ?_EUSART_SetOverrunErrorHandler:	
  1529                           ; 1 bytes @ 0x0
  1530                           
  1531     0070                     ?_EUSART_SetErrorHandler:	
  1532                           ; 1 bytes @ 0x0
  1533                           
  1534     0070                     ?_PORT_Initialize:	
  1535                           ; 1 bytes @ 0x0
  1536                           
  1537     0070                     ?_OSCILLATOR_Initialize:	
  1538                           ; 1 bytes @ 0x0
  1539                           
  1540     0070                     ?_WDT_Initialize:	
  1541                           ; 1 bytes @ 0x0
  1542                           
  1543     0070                     ?_ADC_Compare:	
  1544                           ; 1 bytes @ 0x0
  1545                           
  1546     0070                     ?_test_LDR_equal_light:	
  1547                           ; 1 bytes @ 0x0
  1548                           
  1549     0070                     ?_test_LDR1_dark_LDR2_bright:	
  1550                           ; 1 bytes @ 0x0
  1551                           
  1552     0070                     ?_test_LDR1_bright_LDR2_dark:	
  1553                           ; 1 bytes @ 0x0
  1554                           
  1555     0070                     ?_test_LDR_both_dark:	
  1556                           ; 1 bytes @ 0x0
  1557                           
  1558     0070                     ?_test_LDR_both_bright:	
  1559                           ; 1 bytes @ 0x0
  1560                           
  1561     0070                     ?_test_LDR_one_obstructed:	
  1562                           ; 1 bytes @ 0x0
  1563                           
  1564     0070                     ?_test_LDR_noise_tolerance:	
  1565                           ; 1 bytes @ 0x0
  1566                           
  1567     0070                     ?_test_LDR_gradual_light_change:	
  1568                           ; 1 bytes @ 0x0
  1569                           
  1570     0070                     ?_test_LDR_intermittent_light:	
  1571                           ; 1 bytes @ 0x0
  1572                           
  1573     0070                     ?_test_LDR_calibration_drift:	
  1574                           ; 1 bytes @ 0x0
  1575                           
  1576     0070                     ?_test_LDR_faulty_sensor:	
  1577                           ; 1 bytes @ 0x0
  1578                           
  1579     0070                     ?_test_LDR_fixed_vs_changing:	
  1580                           ; 1 bytes @ 0x0
  1581                           
  1582     0070                     ?_test_LDR_darkness_trigger_logic:	
  1583                           ; 1 bytes @ 0x0
  1584                           
  1585     0070                     ?___bmul:	
  1586                           ; 1 bytes @ 0x0
  1587                           
  1588     0070                     ?_main:	
  1589                           ; 1 bytes @ 0x0
  1590                           
  1591     0070                     EUSART_Write@txData:	
  1592                           ; 2 bytes @ 0x0
  1593                           
  1594     0070                     ___bmul@multiplicand:	
  1595                           ; 1 bytes @ 0x0
  1596                           
  1597     0070                     ADC_Compare@a:	
  1598                           ; 1 bytes @ 0x0
  1599                           
  1600     0070                     EUSART_SetFramingErrorHandler@interruptHandler:	
  1601                           ; 2 bytes @ 0x0
  1602                           
  1603     0070                     EUSART_SetOverrunErrorHandler@interruptHandler:	
  1604                           ; 2 bytes @ 0x0
  1605                           
  1606     0070                     EUSART_SetErrorHandler@interruptHandler:	
  1607                           ; 2 bytes @ 0x0
  1608                           
  1609     0070                     ??_EUSART_Write:	
  1610                           ; 2 bytes @ 0x0
  1611                           
  1612     0070                     ??_EUSART_is_tx_done:	
  1613                           ; 1 bytes @ 0x0
  1614                           
  1615     0070                     ??_EUSART_Read:	
  1616                           ; 1 bytes @ 0x0
  1617                           
  1618     0070                     ??_PORT_Initialize:	
  1619                           ; 1 bytes @ 0x0
  1620                           
  1621     0070                     ??_OSCILLATOR_Initialize:	
  1622                           ; 1 bytes @ 0x0
  1623                           
  1624     0070                     ??_WDT_Initialize:	
  1625                           ; 1 bytes @ 0x0
  1626                           
  1627                           
  1628                           ; 1 bytes @ 0x0
  1629     0070                     	ds	1
  1630     0071                     ?_UART_SendString:
  1631     0071                     ___bmul@product:	
  1632                           ; 1 bytes @ 0x1
  1633                           
  1634     0071                     UART_SendString@str:	
  1635                           ; 1 bytes @ 0x1
  1636                           
  1637     0071                     ??___bmul:	
  1638                           ; 2 bytes @ 0x1
  1639                           
  1640                           
  1641                           ; 1 bytes @ 0x1
  1642     0071                     	ds	1
  1643     0072                     ___bmul@multiplier:
  1644     0072                     ADC_Compare@b:	
  1645                           ; 1 bytes @ 0x2
  1646                           
  1647     0072                     ??_EUSART_Initialize:	
  1648                           ; 2 bytes @ 0x2
  1649                           
  1650     0072                     ??_EUSART_SetFramingErrorHandler:	
  1651                           ; 1 bytes @ 0x2
  1652                           
  1653     0072                     ??_EUSART_SetOverrunErrorHandler:	
  1654                           ; 1 bytes @ 0x2
  1655                           
  1656     0072                     ??_EUSART_SetErrorHandler:	
  1657                           ; 1 bytes @ 0x2
  1658                           
  1659                           
  1660                           ; 1 bytes @ 0x2
  1661     0072                     	ds	1
  1662     0073                     ??_UART_SendString:
  1663                           
  1664                           ; 1 bytes @ 0x3
  1665     0073                     	ds	1
  1666     0074                     ADC_Compare@tol:
  1667     0074                     ??_test_LDR_darkness_trigger_logic:	
  1668                           ; 1 bytes @ 0x4
  1669                           
  1670                           
  1671                           ; 1 bytes @ 0x4
  1672     0074                     	ds	1
  1673     0075                     ??_ADC_Compare:
  1674                           
  1675                           ; 1 bytes @ 0x5
  1676     0075                     	ds	5
  1677     007A                     _ADC_Compare$156:
  1678                           
  1679                           ; 2 bytes @ 0xA
  1680     007A                     	ds	2
  1681     007C                     test_LDR_fixed_vs_changing@i:
  1682     007C                     ??_test_LDR_equal_light:	
  1683                           ; 2 bytes @ 0xC
  1684                           
  1685     007C                     ??_test_LDR1_dark_LDR2_bright:	
  1686                           ; 1 bytes @ 0xC
  1687                           
  1688     007C                     ??_test_LDR1_bright_LDR2_dark:	
  1689                           ; 1 bytes @ 0xC
  1690                           
  1691     007C                     ??_test_LDR_both_dark:	
  1692                           ; 1 bytes @ 0xC
  1693                           
  1694     007C                     ??_test_LDR_both_bright:	
  1695                           ; 1 bytes @ 0xC
  1696                           
  1697     007C                     ??_test_LDR_one_obstructed:	
  1698                           ; 1 bytes @ 0xC
  1699                           
  1700     007C                     ??_test_LDR_noise_tolerance:	
  1701                           ; 1 bytes @ 0xC
  1702                           
  1703     007C                     ??_test_LDR_gradual_light_change:	
  1704                           ; 1 bytes @ 0xC
  1705                           
  1706     007C                     ??_test_LDR_intermittent_light:	
  1707                           ; 1 bytes @ 0xC
  1708                           
  1709     007C                     ??_test_LDR_calibration_drift:	
  1710                           ; 1 bytes @ 0xC
  1711                           
  1712     007C                     ??_test_LDR_faulty_sensor:	
  1713                           ; 1 bytes @ 0xC
  1714                           
  1715     007C                     ??_test_LDR_fixed_vs_changing:	
  1716                           ; 1 bytes @ 0xC
  1717                           
  1718                           
  1719                           ; 1 bytes @ 0xC
  1720     007C                     	ds	2
  1721     007E                     ??_main:
  1722                           
  1723                           	psect	cstackBANK0
  1724     002E                     __pcstackBANK0:	
  1725                           ; 1 bytes @ 0xE
  1726                           
  1727     002E                     main@TestcaseSel:
  1728                           
  1729                           ; 1 bytes @ 0x0
  1730     002E                     	ds	1
  1731     002F                     main@rxdata:
  1732                           
  1733                           ; 3 bytes @ 0x1
  1734     002F                     	ds	3
  1735     0032                     main@index:
  1736                           
  1737                           ; 1 bytes @ 0x4
  1738     0032                     	ds	1
  1739                           
  1740                           	psect	maintext
  1741     0724                     __pmaintext:	
  1742 ;;
  1743 ;;Main: autosize = 0, tempsize = 0, incstack = 0, save=0
  1744 ;;
  1745 ;; *************** function _main *****************
  1746 ;; Defined at:
  1747 ;;		line 279 in file "main.c"
  1748 ;; Parameters:    Size  Location     Type
  1749 ;;		None
  1750 ;; Auto vars:     Size  Location     Type
  1751 ;;  rxdata          3    1[BANK0 ] unsigned char [3]
  1752 ;;  index           1    4[BANK0 ] unsigned char 
  1753 ;;  TestcaseSel     1    0[BANK0 ] unsigned char 
  1754 ;; Return value:  Size  Location     Type
  1755 ;;                  2  133[None  ] int 
  1756 ;; Registers used:
  1757 ;;		wreg, fsr0l, fsr0h, fsr1l, fsr1h, status,2, status,0, pclath, cstack
  1758 ;; Tracked objects:
  1759 ;;		On entry : B1F/0
  1760 ;;		On exit  : 0/0
  1761 ;;		Unchanged: 0/0
  1762 ;; Data sizes:     COMMON   BANK0   BANK1   BANK2
  1763 ;;      Params:         0       0       0       0
  1764 ;;      Locals:         0       5       0       0
  1765 ;;      Temps:          0       0       0       0
  1766 ;;      Totals:         0       5       0       0
  1767 ;;Total ram usage:        5 bytes
  1768 ;; Hardware stack levels required when called: 3
  1769 ;; This function calls:
  1770 ;;		_EUSART_Initialize
  1771 ;;		_EUSART_Read
  1772 ;;		_OSCILLATOR_Initialize
  1773 ;;		_PORT_Initialize
  1774 ;;		_UART_SendString
  1775 ;;		_WDT_Initialize
  1776 ;;		___bmul
  1777 ;;		_test_LDR1_bright_LDR2_dark
  1778 ;;		_test_LDR1_dark_LDR2_bright
  1779 ;;		_test_LDR_both_bright
  1780 ;;		_test_LDR_both_dark
  1781 ;;		_test_LDR_calibration_drift
  1782 ;;		_test_LDR_darkness_trigger_logic
  1783 ;;		_test_LDR_equal_light
  1784 ;;		_test_LDR_faulty_sensor
  1785 ;;		_test_LDR_fixed_vs_changing
  1786 ;;		_test_LDR_gradual_light_change
  1787 ;;		_test_LDR_intermittent_light
  1788 ;;		_test_LDR_noise_tolerance
  1789 ;;		_test_LDR_one_obstructed
  1790 ;; This function is called by:
  1791 ;;		Startup code after reset
  1792 ;; This function uses a non-reentrant model
  1793 ;;
  1794                           
  1795     0724                     _main:	
  1796                           ;psect for function _main
  1797                           
  1798     0724                     l1372:	
  1799                           ;incstack = 0
  1800                           ; Regs used in _main: [wreg-fsr1h+status,2+status,0+pclath+cstack]
  1801                           
  1802     0724                     l1374:
  1803     0724  3000               	movlw	0
  1804     0725  0020               	movlb	0	; select bank0
  1805     0726  00AF               	movwf	main@rxdata
  1806     0727  3000               	movlw	0
  1807     0728  00B0               	movwf	main@rxdata+1
  1808     0729  3000               	movlw	0
  1809     072A  00B1               	movwf	main@rxdata+2
  1810     072B                     l1376:
  1811     072B                     l1378:
  1812                           
  1813                           ;main.c: 282:     PORT_Initialize();
  1814     072B  3181  21A0  3187   	fcall	_PORT_Initialize
  1815     072E                     l1380:
  1816                           
  1817                           ;main.c: 283:     OSCILLATOR_Initialize();
  1818     072E  3180  2075  3187   	fcall	_OSCILLATOR_Initialize
  1819     0731                     l1382:
  1820                           
  1821                           ;main.c: 284:     WDT_Initialize();
  1822     0731  3180  205B  3187   	fcall	_WDT_Initialize
  1823                           
  1824                           ;main.c: 285:     EUSART_Initialize();
  1825     0734  3181  21F8  3187   	fcall	_EUSART_Initialize
  1826     0737                     l1384:
  1827                           
  1828                           ;main.c: 288:         rxdata[0] = 0;
  1829     0737  0020               	movlb	0	; select bank0
  1830     0738  01AF               	clrf	main@rxdata
  1831     0739                     l1386:
  1832                           
  1833                           ;main.c: 289:         rxdata[1] = 0;
  1834     0739  01B0               	clrf	main@rxdata+1
  1835     073A                     l1388:
  1836                           
  1837                           ;main.c: 290:         rxdata[2] = 0;
  1838     073A  01B1               	clrf	main@rxdata+2
  1839     073B                     l1390:
  1840                           
  1841                           ;main.c: 291:         index = 0;
  1842     073B  01B2               	clrf	main@index
  1843     073C                     l1392:
  1844                           
  1845                           ;main.c: 292:         UART_SendString(" Test Case Selection (1-13): \r");
  1846     073C  30D9               	movlw	low (STR_27| (0+32768))
  1847     073D  00F1               	movwf	UART_SendString@str
  1848     073E  3081               	movlw	high (STR_27| (0+32768))
  1849     073F  00F2               	movwf	UART_SendString@str+1
  1850     0740  3181  21BA  3187   	fcall	_UART_SendString
  1851     0743                     l1394:
  1852                           
  1853                           ;main.c: 295:             rxdata[index] = EUSART_Read();
  1854     0743  0020               	movlb	0	; select bank0
  1855     0744  0832               	movf	main@index,w
  1856     0745  3E2F               	addlw	(low (main@rxdata| 0))& (0+255)
  1857     0746  0086               	movwf	6
  1858     0747  0187               	clrf	7
  1859     0748  3180  2094  3187   	fcall	_EUSART_Read
  1860     074B  0081               	movwf	1
  1861     074C                     l1396:
  1862                           
  1863                           ;main.c: 296:             if (((rxdata[index] > '0') && (rxdata[index] <= '9')) || (rxda
      +                          ta[index] == 'a'))
  1864     074C  0020               	movlb	0	; select bank0
  1865     074D  0832               	movf	main@index,w
  1866     074E  3E2F               	addlw	(low (main@rxdata| 0))& (0+255)
  1867     074F  0086               	movwf	6
  1868     0750  0187               	clrf	7
  1869     0751  3031               	movlw	49
  1870     0752  0201               	subwf	1,w
  1871     0753  1C03               	skipc
  1872     0754  2F56               	goto	u661
  1873     0755  2F57               	goto	u660
  1874     0756                     u661:
  1875     0756  2F61               	goto	l1400
  1876     0757                     u660:
  1877     0757                     l1398:
  1878     0757  0832               	movf	main@index,w
  1879     0758  3E2F               	addlw	(low (main@rxdata| 0))& (0+255)
  1880     0759  0086               	movwf	6
  1881     075A  0187               	clrf	7
  1882     075B  303A               	movlw	58
  1883     075C  0201               	subwf	1,w
  1884     075D  1C03               	skipc
  1885     075E  2F60               	goto	u671
  1886     075F  2F61               	goto	u670
  1887     0760                     u671:
  1888     0760  2F6B               	goto	l1402
  1889     0761                     u670:
  1890     0761                     l1400:
  1891     0761  0832               	movf	main@index,w
  1892     0762  3E2F               	addlw	(low (main@rxdata| 0))& (0+255)
  1893     0763  0086               	movwf	6
  1894     0764  0187               	clrf	7
  1895     0765  3061               	movlw	97
  1896     0766  0601               	xorwf	1,w
  1897     0767  1D03               	btfss	3,2
  1898     0768  2F6A               	goto	u681
  1899     0769  2F6B               	goto	u680
  1900     076A                     u681:
  1901     076A  2F6D               	goto	l1404
  1902     076B                     u680:
  1903     076B                     l1402:
  1904                           
  1905                           ;main.c: 297:                 index++;
  1906     076B  3001               	movlw	1
  1907     076C  07B2               	addwf	main@index,f
  1908     076D                     l1404:
  1909                           
  1910                           ;main.c: 298:         } while (rxdata[index - 1] != 'a');
  1911     076D  0832               	movf	main@index,w
  1912     076E  3EFF               	addlw	255
  1913     076F  3E2F               	addlw	(low (main@rxdata| 0))& (0+255)
  1914     0770  0086               	movwf	6
  1915     0771  0187               	clrf	7
  1916     0772  3061               	movlw	97
  1917     0773  0601               	xorwf	1,w
  1918     0774  1D03               	btfss	3,2
  1919     0775  2F77               	goto	u691
  1920     0776  2F78               	goto	u690
  1921     0777                     u691:
  1922     0777  2F43               	goto	l1394
  1923     0778                     u690:
  1924     0778                     l1406:
  1925                           
  1926                           ;main.c: 300:         if (rxdata[1] == 'a')
  1927     0778  3061               	movlw	97
  1928     0779  0630               	xorwf	main@rxdata+1,w
  1929     077A  1D03               	btfss	3,2
  1930     077B  2F7D               	goto	u701
  1931     077C  2F7E               	goto	u700
  1932     077D                     u701:
  1933     077D  2F82               	goto	l1410
  1934     077E                     u700:
  1935     077E                     l1408:
  1936                           
  1937                           ;main.c: 301:             TestcaseSel = rxdata[0] - '0';
  1938     077E  082F               	movf	main@rxdata,w
  1939     077F  3ED0               	addlw	208
  1940     0780  00AE               	movwf	main@TestcaseSel
  1941     0781  2FCB               	goto	l1444
  1942     0782                     l1410:
  1943                           
  1944                           ;main.c: 303:             TestcaseSel = ((rxdata[0] - '0') * 10 + (rxdata[1] - '0'));
  1945     0782  300A               	movlw	10
  1946     0783  00F0               	movwf	___bmul@multiplicand
  1947     0784  082F               	movf	main@rxdata,w
  1948     0785  3181  218D  3187   	fcall	___bmul
  1949     0788  0020               	movlb	0	; select bank0
  1950     0789  0730               	addwf	main@rxdata+1,w
  1951     078A  3EF0               	addlw	240
  1952     078B  00AE               	movwf	main@TestcaseSel
  1953     078C  2FCB               	goto	l1444
  1954     078D                     l1412:
  1955     078D  3184  24BB  3187   	fcall	_test_LDR_equal_light
  1956     0790  2F37               	goto	l1384
  1957     0791                     l1414:
  1958     0791  3183  23D0  3187   	fcall	_test_LDR1_dark_LDR2_bright
  1959     0794  2F37               	goto	l1384
  1960     0795                     l1416:
  1961     0795  3183  23A1  3187   	fcall	_test_LDR1_bright_LDR2_dark
  1962     0798  2F37               	goto	l1384
  1963     0799                     l1418:
  1964     0799  3184  242E  3187   	fcall	_test_LDR_both_dark
  1965     079C  2F37               	goto	l1384
  1966     079D                     l1420:
  1967     079D  3183  23FF  3187   	fcall	_test_LDR_both_bright
  1968     07A0  2F37               	goto	l1384
  1969     07A1                     l1422:
  1970     07A1  3185  25A6  3187   	fcall	_test_LDR_one_obstructed
  1971     07A4  2F37               	goto	l1384
  1972     07A5                     l1424:
  1973     07A5  3185  2577  3187   	fcall	_test_LDR_noise_tolerance
  1974     07A8  2F37               	goto	l1384
  1975     07A9                     l1426:
  1976     07A9  3185  2519  3187   	fcall	_test_LDR_gradual_light_change
  1977     07AC  2F37               	goto	l1384
  1978     07AD                     l1428:
  1979     07AD  3185  2548  3187   	fcall	_test_LDR_intermittent_light
  1980     07B0  2F37               	goto	l1384
  1981     07B1                     l1430:
  1982     07B1  3184  245D  3187   	fcall	_test_LDR_calibration_drift
  1983     07B4  2F37               	goto	l1384
  1984     07B5                     l1432:
  1985     07B5  3184  24EA  3187   	fcall	_test_LDR_faulty_sensor
  1986     07B8  2F37               	goto	l1384
  1987     07B9                     l1434:
  1988     07B9  3186  269D  3187   	fcall	_test_LDR_fixed_vs_changing
  1989     07BC  2F37               	goto	l1384
  1990     07BD                     l1436:
  1991     07BD  3184  248C  3187   	fcall	_test_LDR_darkness_trigger_logic
  1992     07C0  2F37               	goto	l1384
  1993     07C1                     l1438:
  1994     07C1  3086               	movlw	low (STR_28| (0+32768))
  1995     07C2  00F1               	movwf	UART_SendString@str
  1996     07C3  3080               	movlw	high (STR_28| (0+32768))
  1997     07C4  00F2               	movwf	UART_SendString@str+1
  1998     07C5  3181  21BA  3187   	fcall	_UART_SendString
  1999     07C8                     l1440:
  2000     07C8  0022               	movlb	2	; select bank2
  2001     07C9  110C               	bcf	12,2	;volatile
  2002     07CA  2F37               	goto	l1384
  2003     07CB                     l1444:
  2004     07CB  082E               	movf	main@TestcaseSel,w
  2005                           
  2006                           ; Switch size 1, requested type "simple"
  2007                           ; Number of cases is 13, Range of values is 1 to 13
  2008                           ; switch strategies available:
  2009                           ; Name         Instructions Cycles
  2010                           ; direct_byte           35     9 (fixed)
  2011                           ; simple_byte           40    21 (average)
  2012                           ; jumptable            263     9 (fixed)
  2013                           ;	Chosen strategy is simple_byte
  2014     07CC  3A01               	xorlw	1	; case 1
  2015     07CD  1903               	skipnz
  2016     07CE  2F8D               	goto	l1412
  2017     07CF  3A03               	xorlw	3	; case 2
  2018     07D0  1903               	skipnz
  2019     07D1  2F91               	goto	l1414
  2020     07D2  3A01               	xorlw	1	; case 3
  2021     07D3  1903               	skipnz
  2022     07D4  2F95               	goto	l1416
  2023     07D5  3A07               	xorlw	7	; case 4
  2024     07D6  1903               	skipnz
  2025     07D7  2F99               	goto	l1418
  2026     07D8  3A01               	xorlw	1	; case 5
  2027     07D9  1903               	skipnz
  2028     07DA  2F9D               	goto	l1420
  2029     07DB  3A03               	xorlw	3	; case 6
  2030     07DC  1903               	skipnz
  2031     07DD  2FA1               	goto	l1422
  2032     07DE  3A01               	xorlw	1	; case 7
  2033     07DF  1903               	skipnz
  2034     07E0  2FA5               	goto	l1424
  2035     07E1  3A0F               	xorlw	15	; case 8
  2036     07E2  1903               	skipnz
  2037     07E3  2FA9               	goto	l1426
  2038     07E4  3A01               	xorlw	1	; case 9
  2039     07E5  1903               	skipnz
  2040     07E6  2FAD               	goto	l1428
  2041     07E7  3A03               	xorlw	3	; case 10
  2042     07E8  1903               	skipnz
  2043     07E9  2FB1               	goto	l1430
  2044     07EA  3A01               	xorlw	1	; case 11
  2045     07EB  1903               	skipnz
  2046     07EC  2FB5               	goto	l1432
  2047     07ED  3A07               	xorlw	7	; case 12
  2048     07EE  1903               	skipnz
  2049     07EF  2FB9               	goto	l1434
  2050     07F0  3A01               	xorlw	1	; case 13
  2051     07F1  1903               	skipnz
  2052     07F2  2FBD               	goto	l1436
  2053     07F3  2FC1               	goto	l1438
  2054     07F4  2801               	ljmp	start
  2055     07F5                     __end_of_main:
  2056                           
  2057                           	psect	text1
  2058     05A6                     __ptext1:	
  2059 ;; *************** function _test_LDR_one_obstructed *****************
  2060 ;; Defined at:
  2061 ;;		line 181 in file "main.c"
  2062 ;; Parameters:    Size  Location     Type
  2063 ;;		None
  2064 ;; Auto vars:     Size  Location     Type
  2065 ;;		None
  2066 ;; Return value:  Size  Location     Type
  2067 ;;                  1    wreg      void 
  2068 ;; Registers used:
  2069 ;;		wreg, fsr0l, fsr0h, status,2, status,0, pclath, cstack
  2070 ;; Tracked objects:
  2071 ;;		On entry : 0/0
  2072 ;;		On exit  : 0/0
  2073 ;;		Unchanged: 0/0
  2074 ;; Data sizes:     COMMON   BANK0   BANK1   BANK2
  2075 ;;      Params:         0       0       0       0
  2076 ;;      Locals:         0       0       0       0
  2077 ;;      Temps:          0       0       0       0
  2078 ;;      Totals:         0       0       0       0
  2079 ;;Total ram usage:        0 bytes
  2080 ;; Hardware stack levels used: 1
  2081 ;; Hardware stack levels required when called: 2
  2082 ;; This function calls:
  2083 ;;		_ADC_Compare
  2084 ;;		_UART_SendString
  2085 ;; This function is called by:
  2086 ;;		_main
  2087 ;; This function uses a non-reentrant model
  2088 ;;
  2089                           
  2090     05A6                     _test_LDR_one_obstructed:	
  2091                           ;psect for function _test_LDR_one_obstructed
  2092                           
  2093     05A6                     l1230:	
  2094                           ;incstack = 0
  2095                           ; Regs used in _test_LDR_one_obstructed: [wreg-fsr0h+status,2+status,0+pclath+cstack]
  2096                           
  2097                           
  2098                           ;main.c: 182:     LDR1_Value = 950;
  2099     05A6  30B6               	movlw	182
  2100     05A7  0020               	movlb	0	; select bank0
  2101     05A8  00A5               	movwf	_LDR1_Value
  2102     05A9  3003               	movlw	3
  2103     05AA  00A6               	movwf	_LDR1_Value+1
  2104                           
  2105                           ;main.c: 183:     LDR2_Value = 300;
  2106     05AB  302C               	movlw	44
  2107     05AC  00A3               	movwf	_LDR2_Value
  2108     05AD  3001               	movlw	1
  2109     05AE  00A4               	movwf	_LDR2_Value+1
  2110     05AF                     l1232:
  2111                           
  2112                           ;main.c: 184:     if (((!ADC_Compare(LDR1_Value, LDR2_Value, 5)) ? 1 : 0)) {
  2113     05AF  0826               	movf	_LDR1_Value+1,w
  2114     05B0  00F1               	movwf	ADC_Compare@a+1
  2115     05B1  0825               	movf	_LDR1_Value,w
  2116     05B2  00F0               	movwf	ADC_Compare@a
  2117     05B3  0824               	movf	_LDR2_Value+1,w
  2118     05B4  00F3               	movwf	ADC_Compare@b+1
  2119     05B5  0823               	movf	_LDR2_Value,w
  2120     05B6  00F2               	movwf	ADC_Compare@b
  2121     05B7  3005               	movlw	5
  2122     05B8  00F4               	movwf	ADC_Compare@tol
  2123     05B9  3186  26DE  3185   	fcall	_ADC_Compare
  2124     05BC  3A00               	xorlw	0
  2125     05BD  1D03               	skipz
  2126     05BE  2DC0               	goto	u521
  2127     05BF  2DC1               	goto	u520
  2128     05C0                     u521:
  2129     05C0  2DCB               	goto	l1238
  2130     05C1                     u520:
  2131     05C1                     l1234:
  2132                           
  2133                           ;main.c: 185:         UART_SendString("? LDR_TC_06 Passed: One LDR Obstructed\r");
  2134     05C1  301A               	movlw	low (STR_11| (0+32768))
  2135     05C2  00F1               	movwf	UART_SendString@str
  2136     05C3  3082               	movlw	high (STR_11| (0+32768))
  2137     05C4  00F2               	movwf	UART_SendString@str+1
  2138     05C5  3181  21BA  3185   	fcall	_UART_SendString
  2139     05C8                     l1236:
  2140                           
  2141                           ;main.c: 186:         (LATAbits.LATA2 = 1);
  2142     05C8  0022               	movlb	2	; select bank2
  2143     05C9  150C               	bsf	12,2	;volatile
  2144                           
  2145                           ;main.c: 187:     } else {
  2146     05CA  2DD4               	goto	l93
  2147     05CB                     l1238:
  2148                           
  2149                           ;main.c: 188:         UART_SendString("LDR_TC_06 Failed\r");
  2150     05CB  30D9               	movlw	low (STR_12| (0+32768))
  2151     05CC  00F1               	movwf	UART_SendString@str
  2152     05CD  3080               	movlw	high (STR_12| (0+32768))
  2153     05CE  00F2               	movwf	UART_SendString@str+1
  2154     05CF  3181  21BA  3185   	fcall	_UART_SendString
  2155     05D2                     l1240:
  2156                           
  2157                           ;main.c: 189:         (LATAbits.LATA2 = 0);
  2158     05D2  0022               	movlb	2	; select bank2
  2159     05D3  110C               	bcf	12,2	;volatile
  2160     05D4                     l93:
  2161     05D4  0008               	return
  2162     05D5                     __end_of_test_LDR_one_obstructed:
  2163                           
  2164                           	psect	text2
  2165     0577                     __ptext2:	
  2166 ;; *************** function _test_LDR_noise_tolerance *****************
  2167 ;; Defined at:
  2168 ;;		line 193 in file "main.c"
  2169 ;; Parameters:    Size  Location     Type
  2170 ;;		None
  2171 ;; Auto vars:     Size  Location     Type
  2172 ;;		None
  2173 ;; Return value:  Size  Location     Type
  2174 ;;                  1    wreg      void 
  2175 ;; Registers used:
  2176 ;;		wreg, fsr0l, fsr0h, status,2, status,0, pclath, cstack
  2177 ;; Tracked objects:
  2178 ;;		On entry : 0/0
  2179 ;;		On exit  : 0/0
  2180 ;;		Unchanged: 0/0
  2181 ;; Data sizes:     COMMON   BANK0   BANK1   BANK2
  2182 ;;      Params:         0       0       0       0
  2183 ;;      Locals:         0       0       0       0
  2184 ;;      Temps:          0       0       0       0
  2185 ;;      Totals:         0       0       0       0
  2186 ;;Total ram usage:        0 bytes
  2187 ;; Hardware stack levels used: 1
  2188 ;; Hardware stack levels required when called: 2
  2189 ;; This function calls:
  2190 ;;		_ADC_Compare
  2191 ;;		_UART_SendString
  2192 ;; This function is called by:
  2193 ;;		_main
  2194 ;; This function uses a non-reentrant model
  2195 ;;
  2196                           
  2197     0577                     _test_LDR_noise_tolerance:	
  2198                           ;psect for function _test_LDR_noise_tolerance
  2199                           
  2200     0577                     l1242:	
  2201                           ;incstack = 0
  2202                           ; Regs used in _test_LDR_noise_tolerance: [wreg-fsr0h+status,2+status,0+pclath+cstack]
  2203                           
  2204                           
  2205                           ;main.c: 194:     LDR1_Value = 100;
  2206     0577  3064               	movlw	100
  2207     0578  0020               	movlb	0	; select bank0
  2208     0579  00A5               	movwf	_LDR1_Value
  2209     057A  3000               	movlw	0
  2210     057B  00A6               	movwf	_LDR1_Value+1
  2211                           
  2212                           ;main.c: 195:     LDR2_Value = 104;
  2213     057C  3068               	movlw	104
  2214     057D  00A3               	movwf	_LDR2_Value
  2215     057E  3000               	movlw	0
  2216     057F  00A4               	movwf	_LDR2_Value+1
  2217     0580                     l1244:
  2218                           
  2219                           ;main.c: 196:     if (((ADC_Compare(LDR1_Value, LDR2_Value, 5)) ? 1 : 0)) {
  2220     0580  0826               	movf	_LDR1_Value+1,w
  2221     0581  00F1               	movwf	ADC_Compare@a+1
  2222     0582  0825               	movf	_LDR1_Value,w
  2223     0583  00F0               	movwf	ADC_Compare@a
  2224     0584  0824               	movf	_LDR2_Value+1,w
  2225     0585  00F3               	movwf	ADC_Compare@b+1
  2226     0586  0823               	movf	_LDR2_Value,w
  2227     0587  00F2               	movwf	ADC_Compare@b
  2228     0588  3005               	movlw	5
  2229     0589  00F4               	movwf	ADC_Compare@tol
  2230     058A  3186  26DE  3185   	fcall	_ADC_Compare
  2231     058D  3A00               	xorlw	0
  2232     058E  1903               	skipnz
  2233     058F  2D91               	goto	u531
  2234     0590  2D92               	goto	u530
  2235     0591                     u531:
  2236     0591  2D9C               	goto	l1250
  2237     0592                     u530:
  2238     0592                     l1246:
  2239                           
  2240                           ;main.c: 197:         UART_SendString("? LDR_TC_07 Passed: Sensor Noise Tolerance\r");
  2241     0592  301A               	movlw	low (STR_13| (0+32768))
  2242     0593  00F1               	movwf	UART_SendString@str
  2243     0594  3083               	movlw	high (STR_13| (0+32768))
  2244     0595  00F2               	movwf	UART_SendString@str+1
  2245     0596  3181  21BA  3185   	fcall	_UART_SendString
  2246     0599                     l1248:
  2247                           
  2248                           ;main.c: 198:         (LATAbits.LATA2 = 1);
  2249     0599  0022               	movlb	2	; select bank2
  2250     059A  150C               	bsf	12,2	;volatile
  2251                           
  2252                           ;main.c: 199:     } else {
  2253     059B  2DA5               	goto	l98
  2254     059C                     l1250:
  2255                           
  2256                           ;main.c: 200:         UART_SendString("LDR_TC_07 Failed\r");
  2257     059C  30C7               	movlw	low (STR_14| (0+32768))
  2258     059D  00F1               	movwf	UART_SendString@str
  2259     059E  3080               	movlw	high (STR_14| (0+32768))
  2260     059F  00F2               	movwf	UART_SendString@str+1
  2261     05A0  3181  21BA  3185   	fcall	_UART_SendString
  2262     05A3                     l1252:
  2263                           
  2264                           ;main.c: 201:         (LATAbits.LATA2 = 0);
  2265     05A3  0022               	movlb	2	; select bank2
  2266     05A4  110C               	bcf	12,2	;volatile
  2267     05A5                     l98:
  2268     05A5  0008               	return
  2269     05A6                     __end_of_test_LDR_noise_tolerance:
  2270                           
  2271                           	psect	text3
  2272     0548                     __ptext3:	
  2273 ;; *************** function _test_LDR_intermittent_light *****************
  2274 ;; Defined at:
  2275 ;;		line 217 in file "main.c"
  2276 ;; Parameters:    Size  Location     Type
  2277 ;;		None
  2278 ;; Auto vars:     Size  Location     Type
  2279 ;;		None
  2280 ;; Return value:  Size  Location     Type
  2281 ;;                  1    wreg      void 
  2282 ;; Registers used:
  2283 ;;		wreg, fsr0l, fsr0h, status,2, status,0, pclath, cstack
  2284 ;; Tracked objects:
  2285 ;;		On entry : 0/0
  2286 ;;		On exit  : 0/0
  2287 ;;		Unchanged: 0/0
  2288 ;; Data sizes:     COMMON   BANK0   BANK1   BANK2
  2289 ;;      Params:         0       0       0       0
  2290 ;;      Locals:         0       0       0       0
  2291 ;;      Temps:          0       0       0       0
  2292 ;;      Totals:         0       0       0       0
  2293 ;;Total ram usage:        0 bytes
  2294 ;; Hardware stack levels used: 1
  2295 ;; Hardware stack levels required when called: 2
  2296 ;; This function calls:
  2297 ;;		_ADC_Compare
  2298 ;;		_UART_SendString
  2299 ;; This function is called by:
  2300 ;;		_main
  2301 ;; This function uses a non-reentrant model
  2302 ;;
  2303                           
  2304     0548                     _test_LDR_intermittent_light:	
  2305                           ;psect for function _test_LDR_intermittent_light
  2306                           
  2307     0548                     l1266:	
  2308                           ;incstack = 0
  2309                           ; Regs used in _test_LDR_intermittent_light: [wreg-fsr0h+status,2+status,0+pclath+cstack
      +                          ]
  2310                           
  2311                           
  2312                           ;main.c: 218:     LDR1_Value = 200;
  2313     0548  30C8               	movlw	200
  2314     0549  0020               	movlb	0	; select bank0
  2315     054A  00A5               	movwf	_LDR1_Value
  2316     054B  3000               	movlw	0
  2317     054C  00A6               	movwf	_LDR1_Value+1
  2318                           
  2319                           ;main.c: 219:     LDR2_Value = 198;
  2320     054D  30C6               	movlw	198
  2321     054E  00A3               	movwf	_LDR2_Value
  2322     054F  3000               	movlw	0
  2323     0550  00A4               	movwf	_LDR2_Value+1
  2324     0551                     l1268:
  2325                           
  2326                           ;main.c: 220:     if (((ADC_Compare(LDR1_Value, LDR2_Value, 5)) ? 1 : 0)) {
  2327     0551  0826               	movf	_LDR1_Value+1,w
  2328     0552  00F1               	movwf	ADC_Compare@a+1
  2329     0553  0825               	movf	_LDR1_Value,w
  2330     0554  00F0               	movwf	ADC_Compare@a
  2331     0555  0824               	movf	_LDR2_Value+1,w
  2332     0556  00F3               	movwf	ADC_Compare@b+1
  2333     0557  0823               	movf	_LDR2_Value,w
  2334     0558  00F2               	movwf	ADC_Compare@b
  2335     0559  3005               	movlw	5
  2336     055A  00F4               	movwf	ADC_Compare@tol
  2337     055B  3186  26DE  3185   	fcall	_ADC_Compare
  2338     055E  3A00               	xorlw	0
  2339     055F  1903               	skipnz
  2340     0560  2D62               	goto	u551
  2341     0561  2D63               	goto	u550
  2342     0562                     u551:
  2343     0562  2D6D               	goto	l1274
  2344     0563                     u550:
  2345     0563                     l1270:
  2346                           
  2347                           ;main.c: 221:         UART_SendString("? LDR_TC_09 Passed: Intermittent Light Source\r")
      +                          ;
  2348     0563  30D5               	movlw	low (STR_17| (0+32768))
  2349     0564  00F1               	movwf	UART_SendString@str
  2350     0565  3085               	movlw	high (STR_17| (0+32768))
  2351     0566  00F2               	movwf	UART_SendString@str+1
  2352     0567  3181  21BA  3185   	fcall	_UART_SendString
  2353     056A                     l1272:
  2354                           
  2355                           ;main.c: 222:         (LATAbits.LATA2 = 1);
  2356     056A  0022               	movlb	2	; select bank2
  2357     056B  150C               	bsf	12,2	;volatile
  2358                           
  2359                           ;main.c: 223:     } else {
  2360     056C  2D76               	goto	l108
  2361     056D                     l1274:
  2362                           
  2363                           ;main.c: 224:         UART_SendString("LDR_TC_09 Failed\r");
  2364     056D  30A3               	movlw	low (STR_18| (0+32768))
  2365     056E  00F1               	movwf	UART_SendString@str
  2366     056F  3080               	movlw	high (STR_18| (0+32768))
  2367     0570  00F2               	movwf	UART_SendString@str+1
  2368     0571  3181  21BA  3185   	fcall	_UART_SendString
  2369     0574                     l1276:
  2370                           
  2371                           ;main.c: 225:         (LATAbits.LATA2 = 0);
  2372     0574  0022               	movlb	2	; select bank2
  2373     0575  110C               	bcf	12,2	;volatile
  2374     0576                     l108:
  2375     0576  0008               	return
  2376     0577                     __end_of_test_LDR_intermittent_light:
  2377                           
  2378                           	psect	text4
  2379     0519                     __ptext4:	
  2380 ;; *************** function _test_LDR_gradual_light_change *****************
  2381 ;; Defined at:
  2382 ;;		line 205 in file "main.c"
  2383 ;; Parameters:    Size  Location     Type
  2384 ;;		None
  2385 ;; Auto vars:     Size  Location     Type
  2386 ;;		None
  2387 ;; Return value:  Size  Location     Type
  2388 ;;                  1    wreg      void 
  2389 ;; Registers used:
  2390 ;;		wreg, fsr0l, fsr0h, status,2, status,0, pclath, cstack
  2391 ;; Tracked objects:
  2392 ;;		On entry : 0/0
  2393 ;;		On exit  : 0/0
  2394 ;;		Unchanged: 0/0
  2395 ;; Data sizes:     COMMON   BANK0   BANK1   BANK2
  2396 ;;      Params:         0       0       0       0
  2397 ;;      Locals:         0       0       0       0
  2398 ;;      Temps:          0       0       0       0
  2399 ;;      Totals:         0       0       0       0
  2400 ;;Total ram usage:        0 bytes
  2401 ;; Hardware stack levels used: 1
  2402 ;; Hardware stack levels required when called: 2
  2403 ;; This function calls:
  2404 ;;		_ADC_Compare
  2405 ;;		_UART_SendString
  2406 ;; This function is called by:
  2407 ;;		_main
  2408 ;; This function uses a non-reentrant model
  2409 ;;
  2410                           
  2411     0519                     _test_LDR_gradual_light_change:	
  2412                           ;psect for function _test_LDR_gradual_light_change
  2413                           
  2414     0519                     l1254:	
  2415                           ;incstack = 0
  2416                           ; Regs used in _test_LDR_gradual_light_change: [wreg-fsr0h+status,2+status,0+pclath+csta
      +                          ck]
  2417                           
  2418                           
  2419                           ;main.c: 206:     LDR1_Value = 400;
  2420     0519  3090               	movlw	144
  2421     051A  0020               	movlb	0	; select bank0
  2422     051B  00A5               	movwf	_LDR1_Value
  2423     051C  3001               	movlw	1
  2424     051D  00A6               	movwf	_LDR1_Value+1
  2425                           
  2426                           ;main.c: 207:     LDR2_Value = 405;
  2427     051E  3095               	movlw	149
  2428     051F  00A3               	movwf	_LDR2_Value
  2429     0520  3001               	movlw	1
  2430     0521  00A4               	movwf	_LDR2_Value+1
  2431     0522                     l1256:
  2432                           
  2433                           ;main.c: 208:     if (((ADC_Compare(LDR1_Value, LDR2_Value, 5)) ? 1 : 0)) {
  2434     0522  0826               	movf	_LDR1_Value+1,w
  2435     0523  00F1               	movwf	ADC_Compare@a+1
  2436     0524  0825               	movf	_LDR1_Value,w
  2437     0525  00F0               	movwf	ADC_Compare@a
  2438     0526  0824               	movf	_LDR2_Value+1,w
  2439     0527  00F3               	movwf	ADC_Compare@b+1
  2440     0528  0823               	movf	_LDR2_Value,w
  2441     0529  00F2               	movwf	ADC_Compare@b
  2442     052A  3005               	movlw	5
  2443     052B  00F4               	movwf	ADC_Compare@tol
  2444     052C  3186  26DE  3185   	fcall	_ADC_Compare
  2445     052F  3A00               	xorlw	0
  2446     0530  1903               	skipnz
  2447     0531  2D33               	goto	u541
  2448     0532  2D34               	goto	u540
  2449     0533                     u541:
  2450     0533  2D3E               	goto	l1262
  2451     0534                     u540:
  2452     0534                     l1258:
  2453                           
  2454                           ;main.c: 209:         UART_SendString("? LDR_TC_08 Passed: Gradual Light Change\r");
  2455     0534  3042               	movlw	low (STR_15| (0+32768))
  2456     0535  00F1               	movwf	UART_SendString@str
  2457     0536  3082               	movlw	high (STR_15| (0+32768))
  2458     0537  00F2               	movwf	UART_SendString@str+1
  2459     0538  3181  21BA  3185   	fcall	_UART_SendString
  2460     053B                     l1260:
  2461                           
  2462                           ;main.c: 210:         (LATAbits.LATA2 = 1);
  2463     053B  0022               	movlb	2	; select bank2
  2464     053C  150C               	bsf	12,2	;volatile
  2465                           
  2466                           ;main.c: 211:     } else {
  2467     053D  2D47               	goto	l103
  2468     053E                     l1262:
  2469                           
  2470                           ;main.c: 212:         UART_SendString("LDR_TC_08 Failed\r");
  2471     053E  30B5               	movlw	low (STR_16| (0+32768))
  2472     053F  00F1               	movwf	UART_SendString@str
  2473     0540  3080               	movlw	high (STR_16| (0+32768))
  2474     0541  00F2               	movwf	UART_SendString@str+1
  2475     0542  3181  21BA  3185   	fcall	_UART_SendString
  2476     0545                     l1264:
  2477                           
  2478                           ;main.c: 213:         (LATAbits.LATA2 = 0);
  2479     0545  0022               	movlb	2	; select bank2
  2480     0546  110C               	bcf	12,2	;volatile
  2481     0547                     l103:
  2482     0547  0008               	return
  2483     0548                     __end_of_test_LDR_gradual_light_change:
  2484                           
  2485                           	psect	text5
  2486     069D                     __ptext5:	
  2487 ;; *************** function _test_LDR_fixed_vs_changing *****************
  2488 ;; Defined at:
  2489 ;;		line 253 in file "main.c"
  2490 ;; Parameters:    Size  Location     Type
  2491 ;;		None
  2492 ;; Auto vars:     Size  Location     Type
  2493 ;;  i               2   12[COMMON] unsigned short 
  2494 ;; Return value:  Size  Location     Type
  2495 ;;                  1    wreg      void 
  2496 ;; Registers used:
  2497 ;;		wreg, fsr0l, fsr0h, status,2, status,0, pclath, cstack
  2498 ;; Tracked objects:
  2499 ;;		On entry : 0/0
  2500 ;;		On exit  : 0/0
  2501 ;;		Unchanged: 0/0
  2502 ;; Data sizes:     COMMON   BANK0   BANK1   BANK2
  2503 ;;      Params:         0       0       0       0
  2504 ;;      Locals:         2       0       0       0
  2505 ;;      Temps:          0       0       0       0
  2506 ;;      Totals:         2       0       0       0
  2507 ;;Total ram usage:        2 bytes
  2508 ;; Hardware stack levels used: 1
  2509 ;; Hardware stack levels required when called: 2
  2510 ;; This function calls:
  2511 ;;		_ADC_Compare
  2512 ;;		_UART_SendString
  2513 ;; This function is called by:
  2514 ;;		_main
  2515 ;; This function uses a non-reentrant model
  2516 ;;
  2517                           
  2518     069D                     _test_LDR_fixed_vs_changing:	
  2519                           ;psect for function _test_LDR_fixed_vs_changing
  2520                           
  2521     069D                     l1302:	
  2522                           ;incstack = 0
  2523                           ; Regs used in _test_LDR_fixed_vs_changing: [wreg-fsr0h+status,2+status,0+pclath+cstack]
  2524                           
  2525                           
  2526                           ;main.c: 254:     LDR2_Value = 500;
  2527     069D  30F4               	movlw	244
  2528     069E  0020               	movlb	0	; select bank0
  2529     069F  00A3               	movwf	_LDR2_Value
  2530     06A0  3001               	movlw	1
  2531     06A1  00A4               	movwf	_LDR2_Value+1
  2532                           
  2533                           ;main.c: 255:     for (uint16_t i = 495; i <= 505; i++) {
  2534     06A2  30EF               	movlw	239
  2535     06A3  00FC               	movwf	test_LDR_fixed_vs_changing@i
  2536     06A4  3001               	movlw	1
  2537     06A5  00FD               	movwf	test_LDR_fixed_vs_changing@i+1
  2538     06A6                     l1306:
  2539                           
  2540                           ;main.c: 256:         LDR1_Value = i;
  2541     06A6  087D               	movf	test_LDR_fixed_vs_changing@i+1,w
  2542     06A7  0020               	movlb	0	; select bank0
  2543     06A8  00A6               	movwf	_LDR1_Value+1
  2544     06A9  087C               	movf	test_LDR_fixed_vs_changing@i,w
  2545     06AA  00A5               	movwf	_LDR1_Value
  2546     06AB                     l1308:
  2547                           
  2548                           ;main.c: 257:         if (!((ADC_Compare(LDR1_Value, LDR2_Value, 3)) ? 1 : 0)) {
  2549     06AB  0826               	movf	_LDR1_Value+1,w
  2550     06AC  00F1               	movwf	ADC_Compare@a+1
  2551     06AD  0825               	movf	_LDR1_Value,w
  2552     06AE  00F0               	movwf	ADC_Compare@a
  2553     06AF  0824               	movf	_LDR2_Value+1,w
  2554     06B0  00F3               	movwf	ADC_Compare@b+1
  2555     06B1  0823               	movf	_LDR2_Value,w
  2556     06B2  00F2               	movwf	ADC_Compare@b
  2557     06B3  3003               	movlw	3
  2558     06B4  00F4               	movwf	ADC_Compare@tol
  2559     06B5  3186  26DE  3186   	fcall	_ADC_Compare
  2560     06B8  3A00               	xorlw	0
  2561     06B9  1D03               	skipz
  2562     06BA  2EBC               	goto	u581
  2563     06BB  2EBD               	goto	u580
  2564     06BC                     u581:
  2565     06BC  2EC7               	goto	l1316
  2566     06BD                     u580:
  2567     06BD                     l1310:
  2568                           
  2569                           ;main.c: 258:             UART_SendString("LDR_TC_12 Failed\r");
  2570     06BD  3033               	movlw	low (STR_23| (0+32768))
  2571     06BE  00F1               	movwf	UART_SendString@str
  2572     06BF  3081               	movlw	high (STR_23| (0+32768))
  2573     06C0  00F2               	movwf	UART_SendString@str+1
  2574     06C1  3181  21BA  3186   	fcall	_UART_SendString
  2575     06C4                     l1312:
  2576                           
  2577                           ;main.c: 259:             (LATAbits.LATA2 = 0);
  2578     06C4  0022               	movlb	2	; select bank2
  2579     06C5  110C               	bcf	12,2	;volatile
  2580     06C6  2EDD               	goto	l124
  2581     06C7                     l1316:
  2582                           
  2583                           ;main.c: 262:     }
  2584     06C7  3001               	movlw	1
  2585     06C8  07FC               	addwf	test_LDR_fixed_vs_changing@i,f
  2586     06C9  3000               	movlw	0
  2587     06CA  3DFD               	addwfc	test_LDR_fixed_vs_changing@i+1,f
  2588     06CB  3001               	movlw	1
  2589     06CC  027D               	subwf	test_LDR_fixed_vs_changing@i+1,w
  2590     06CD  30FA               	movlw	250
  2591     06CE  1903               	skipnz
  2592     06CF  027C               	subwf	test_LDR_fixed_vs_changing@i,w
  2593     06D0  1C03               	skipc
  2594     06D1  2ED3               	goto	u591
  2595     06D2  2ED4               	goto	u590
  2596     06D3                     u591:
  2597     06D3  2EA6               	goto	l1306
  2598     06D4                     u590:
  2599     06D4                     l1318:
  2600                           
  2601                           ;main.c: 263:     UART_SendString("? LDR_TC_12 Passed: Fixed vs Changing LDR\r");
  2602     06D4  3097               	movlw	low (STR_24| (0+32768))
  2603     06D5  00F1               	movwf	UART_SendString@str
  2604     06D6  3082               	movlw	high (STR_24| (0+32768))
  2605     06D7  00F2               	movwf	UART_SendString@str+1
  2606     06D8  3181  21BA  3186   	fcall	_UART_SendString
  2607     06DB                     l1320:
  2608                           
  2609                           ;main.c: 264:     (LATAbits.LATA2 = 1);
  2610     06DB  0022               	movlb	2	; select bank2
  2611     06DC  150C               	bsf	12,2	;volatile
  2612     06DD                     l124:
  2613     06DD  0008               	return
  2614     06DE                     __end_of_test_LDR_fixed_vs_changing:
  2615                           
  2616                           	psect	text6
  2617     04EA                     __ptext6:	
  2618 ;; *************** function _test_LDR_faulty_sensor *****************
  2619 ;; Defined at:
  2620 ;;		line 241 in file "main.c"
  2621 ;; Parameters:    Size  Location     Type
  2622 ;;		None
  2623 ;; Auto vars:     Size  Location     Type
  2624 ;;		None
  2625 ;; Return value:  Size  Location     Type
  2626 ;;                  1    wreg      void 
  2627 ;; Registers used:
  2628 ;;		wreg, fsr0l, fsr0h, status,2, status,0, pclath, cstack
  2629 ;; Tracked objects:
  2630 ;;		On entry : 0/0
  2631 ;;		On exit  : 0/0
  2632 ;;		Unchanged: 0/0
  2633 ;; Data sizes:     COMMON   BANK0   BANK1   BANK2
  2634 ;;      Params:         0       0       0       0
  2635 ;;      Locals:         0       0       0       0
  2636 ;;      Temps:          0       0       0       0
  2637 ;;      Totals:         0       0       0       0
  2638 ;;Total ram usage:        0 bytes
  2639 ;; Hardware stack levels used: 1
  2640 ;; Hardware stack levels required when called: 2
  2641 ;; This function calls:
  2642 ;;		_ADC_Compare
  2643 ;;		_UART_SendString
  2644 ;; This function is called by:
  2645 ;;		_main
  2646 ;; This function uses a non-reentrant model
  2647 ;;
  2648                           
  2649     04EA                     _test_LDR_faulty_sensor:	
  2650                           ;psect for function _test_LDR_faulty_sensor
  2651                           
  2652     04EA                     l1290:	
  2653                           ;incstack = 0
  2654                           ; Regs used in _test_LDR_faulty_sensor: [wreg-fsr0h+status,2+status,0+pclath+cstack]
  2655                           
  2656                           
  2657                           ;main.c: 242:     LDR1_Value = 500;
  2658     04EA  30F4               	movlw	244
  2659     04EB  0020               	movlb	0	; select bank0
  2660     04EC  00A5               	movwf	_LDR1_Value
  2661     04ED  3001               	movlw	1
  2662     04EE  00A6               	movwf	_LDR1_Value+1
  2663                           
  2664                           ;main.c: 243:     LDR2_Value = 1023;
  2665     04EF  30FF               	movlw	255
  2666     04F0  00A3               	movwf	_LDR2_Value
  2667     04F1  3003               	movlw	3
  2668     04F2  00A4               	movwf	_LDR2_Value+1
  2669     04F3                     l1292:
  2670                           
  2671                           ;main.c: 244:     if (((!ADC_Compare(LDR1_Value, LDR2_Value, 5)) ? 1 : 0)) {
  2672     04F3  0826               	movf	_LDR1_Value+1,w
  2673     04F4  00F1               	movwf	ADC_Compare@a+1
  2674     04F5  0825               	movf	_LDR1_Value,w
  2675     04F6  00F0               	movwf	ADC_Compare@a
  2676     04F7  0824               	movf	_LDR2_Value+1,w
  2677     04F8  00F3               	movwf	ADC_Compare@b+1
  2678     04F9  0823               	movf	_LDR2_Value,w
  2679     04FA  00F2               	movwf	ADC_Compare@b
  2680     04FB  3005               	movlw	5
  2681     04FC  00F4               	movwf	ADC_Compare@tol
  2682     04FD  3186  26DE  3184   	fcall	_ADC_Compare
  2683     0500  3A00               	xorlw	0
  2684     0501  1D03               	skipz
  2685     0502  2D04               	goto	u571
  2686     0503  2D05               	goto	u570
  2687     0504                     u571:
  2688     0504  2D0F               	goto	l1298
  2689     0505                     u570:
  2690     0505                     l1294:
  2691                           
  2692                           ;main.c: 245:         UART_SendString("? LDR_TC_11 Passed: One Faulty Sensor Detected\r"
      +                          );
  2693     0505  3004               	movlw	low (STR_21| (0+32768))
  2694     0506  00F1               	movwf	UART_SendString@str
  2695     0507  3086               	movlw	high (STR_21| (0+32768))
  2696     0508  00F2               	movwf	UART_SendString@str+1
  2697     0509  3181  21BA  3184   	fcall	_UART_SendString
  2698     050C                     l1296:
  2699                           
  2700                           ;main.c: 246:         (LATAbits.LATA2 = 1);
  2701     050C  0022               	movlb	2	; select bank2
  2702     050D  150C               	bsf	12,2	;volatile
  2703                           
  2704                           ;main.c: 247:     } else {
  2705     050E  2D18               	goto	l118
  2706     050F                     l1298:
  2707                           
  2708                           ;main.c: 248:         UART_SendString("LDR_TC_11 Failed\r");
  2709     050F  3057               	movlw	low (STR_22| (0+32768))
  2710     0510  00F1               	movwf	UART_SendString@str
  2711     0511  3081               	movlw	high (STR_22| (0+32768))
  2712     0512  00F2               	movwf	UART_SendString@str+1
  2713     0513  3181  21BA  3184   	fcall	_UART_SendString
  2714     0516                     l1300:
  2715                           
  2716                           ;main.c: 249:         (LATAbits.LATA2 = 0);
  2717     0516  0022               	movlb	2	; select bank2
  2718     0517  110C               	bcf	12,2	;volatile
  2719     0518                     l118:
  2720     0518  0008               	return
  2721     0519                     __end_of_test_LDR_faulty_sensor:
  2722                           
  2723                           	psect	text7
  2724     04BB                     __ptext7:	
  2725 ;; *************** function _test_LDR_equal_light *****************
  2726 ;; Defined at:
  2727 ;;		line 121 in file "main.c"
  2728 ;; Parameters:    Size  Location     Type
  2729 ;;		None
  2730 ;; Auto vars:     Size  Location     Type
  2731 ;;		None
  2732 ;; Return value:  Size  Location     Type
  2733 ;;                  1    wreg      void 
  2734 ;; Registers used:
  2735 ;;		wreg, fsr0l, fsr0h, status,2, status,0, pclath, cstack
  2736 ;; Tracked objects:
  2737 ;;		On entry : 0/0
  2738 ;;		On exit  : 0/0
  2739 ;;		Unchanged: 0/0
  2740 ;; Data sizes:     COMMON   BANK0   BANK1   BANK2
  2741 ;;      Params:         0       0       0       0
  2742 ;;      Locals:         0       0       0       0
  2743 ;;      Temps:          0       0       0       0
  2744 ;;      Totals:         0       0       0       0
  2745 ;;Total ram usage:        0 bytes
  2746 ;; Hardware stack levels used: 1
  2747 ;; Hardware stack levels required when called: 2
  2748 ;; This function calls:
  2749 ;;		_ADC_Compare
  2750 ;;		_UART_SendString
  2751 ;; This function is called by:
  2752 ;;		_main
  2753 ;; This function uses a non-reentrant model
  2754 ;;
  2755                           
  2756     04BB                     _test_LDR_equal_light:	
  2757                           ;psect for function _test_LDR_equal_light
  2758                           
  2759     04BB                     l1170:	
  2760                           ;incstack = 0
  2761                           ; Regs used in _test_LDR_equal_light: [wreg-fsr0h+status,2+status,0+pclath+cstack]
  2762                           
  2763                           
  2764                           ;main.c: 122:     LDR1_Value = 500;
  2765     04BB  30F4               	movlw	244
  2766     04BC  0020               	movlb	0	; select bank0
  2767     04BD  00A5               	movwf	_LDR1_Value
  2768     04BE  3001               	movlw	1
  2769     04BF  00A6               	movwf	_LDR1_Value+1
  2770                           
  2771                           ;main.c: 123:     LDR2_Value = 500;
  2772     04C0  30F4               	movlw	244
  2773     04C1  00A3               	movwf	_LDR2_Value
  2774     04C2  3001               	movlw	1
  2775     04C3  00A4               	movwf	_LDR2_Value+1
  2776     04C4                     l1172:
  2777                           
  2778                           ;main.c: 124:     if (((ADC_Compare(LDR1_Value, LDR2_Value, 5)) ? 1 : 0)) {
  2779     04C4  0826               	movf	_LDR1_Value+1,w
  2780     04C5  00F1               	movwf	ADC_Compare@a+1
  2781     04C6  0825               	movf	_LDR1_Value,w
  2782     04C7  00F0               	movwf	ADC_Compare@a
  2783     04C8  0824               	movf	_LDR2_Value+1,w
  2784     04C9  00F3               	movwf	ADC_Compare@b+1
  2785     04CA  0823               	movf	_LDR2_Value,w
  2786     04CB  00F2               	movwf	ADC_Compare@b
  2787     04CC  3005               	movlw	5
  2788     04CD  00F4               	movwf	ADC_Compare@tol
  2789     04CE  3186  26DE  3184   	fcall	_ADC_Compare
  2790     04D1  3A00               	xorlw	0
  2791     04D2  1903               	skipnz
  2792     04D3  2CD5               	goto	u471
  2793     04D4  2CD6               	goto	u470
  2794     04D5                     u471:
  2795     04D5  2CE0               	goto	l1178
  2796     04D6                     u470:
  2797     04D6                     l1174:
  2798                           
  2799                           ;main.c: 125:         UART_SendString("? LDR_TC_01 Passed: Equal Light on Both LDRs\r");
  2800     04D6  3073               	movlw	low (STR_1| (0+32768))
  2801     04D7  00F1               	movwf	UART_SendString@str
  2802     04D8  3083               	movlw	high (STR_1| (0+32768))
  2803     04D9  00F2               	movwf	UART_SendString@str+1
  2804     04DA  3181  21BA  3184   	fcall	_UART_SendString
  2805     04DD                     l1176:
  2806                           
  2807                           ;main.c: 126:         (LATAbits.LATA2 = 1);
  2808     04DD  0022               	movlb	2	; select bank2
  2809     04DE  150C               	bsf	12,2	;volatile
  2810                           
  2811                           ;main.c: 127:     } else {
  2812     04DF  2CE9               	goto	l68
  2813     04E0                     l1178:
  2814                           
  2815                           ;main.c: 128:         UART_SendString("LDR_TC_01 Failed\r");
  2816     04E0  3069               	movlw	low (STR_2| (0+32768))
  2817     04E1  00F1               	movwf	UART_SendString@str
  2818     04E2  3081               	movlw	high (STR_2| (0+32768))
  2819     04E3  00F2               	movwf	UART_SendString@str+1
  2820     04E4  3181  21BA  3184   	fcall	_UART_SendString
  2821     04E7                     l1180:
  2822                           
  2823                           ;main.c: 129:         (LATAbits.LATA2 = 0);
  2824     04E7  0022               	movlb	2	; select bank2
  2825     04E8  110C               	bcf	12,2	;volatile
  2826     04E9                     l68:
  2827     04E9  0008               	return
  2828     04EA                     __end_of_test_LDR_equal_light:
  2829                           
  2830                           	psect	text8
  2831     048C                     __ptext8:	
  2832 ;; *************** function _test_LDR_darkness_trigger_logic *****************
  2833 ;; Defined at:
  2834 ;;		line 267 in file "main.c"
  2835 ;; Parameters:    Size  Location     Type
  2836 ;;		None
  2837 ;; Auto vars:     Size  Location     Type
  2838 ;;		None
  2839 ;; Return value:  Size  Location     Type
  2840 ;;                  1    wreg      void 
  2841 ;; Registers used:
  2842 ;;		wreg, fsr0l, fsr0h, status,2, status,0, pclath, cstack
  2843 ;; Tracked objects:
  2844 ;;		On entry : 0/0
  2845 ;;		On exit  : 0/0
  2846 ;;		Unchanged: 0/0
  2847 ;; Data sizes:     COMMON   BANK0   BANK1   BANK2
  2848 ;;      Params:         0       0       0       0
  2849 ;;      Locals:         0       0       0       0
  2850 ;;      Temps:          0       0       0       0
  2851 ;;      Totals:         0       0       0       0
  2852 ;;Total ram usage:        0 bytes
  2853 ;; Hardware stack levels used: 1
  2854 ;; Hardware stack levels required when called: 2
  2855 ;; This function calls:
  2856 ;;		_UART_SendString
  2857 ;; This function is called by:
  2858 ;;		_main
  2859 ;; This function uses a non-reentrant model
  2860 ;;
  2861                           
  2862     048C                     _test_LDR_darkness_trigger_logic:	
  2863                           ;psect for function _test_LDR_darkness_trigger_logic
  2864                           
  2865     048C                     l1322:	
  2866                           ;incstack = 0
  2867                           ; Regs used in _test_LDR_darkness_trigger_logic: [wreg-fsr0h+status,2+status,0+pclath+cs
      +                          tack]
  2868                           
  2869                           
  2870                           ;main.c: 268:     LDR1_Value = 850;
  2871     048C  3052               	movlw	82
  2872     048D  0020               	movlb	0	; select bank0
  2873     048E  00A5               	movwf	_LDR1_Value
  2874     048F  3003               	movlw	3
  2875     0490  00A6               	movwf	_LDR1_Value+1
  2876                           
  2877                           ;main.c: 269:     LDR2_Value = 860;
  2878     0491  305C               	movlw	92
  2879     0492  00A3               	movwf	_LDR2_Value
  2880     0493  3003               	movlw	3
  2881     0494  00A4               	movwf	_LDR2_Value+1
  2882                           
  2883                           ;main.c: 270:     if ((LDR1_Value > 800) && (LDR2_Value > 800)) {
  2884     0495  3003               	movlw	3
  2885     0496  0226               	subwf	_LDR1_Value+1,w
  2886     0497  3021               	movlw	33
  2887     0498  1903               	skipnz
  2888     0499  0225               	subwf	_LDR1_Value,w
  2889     049A  1C03               	skipc
  2890     049B  2C9D               	goto	u601
  2891     049C  2C9E               	goto	u600
  2892     049D                     u601:
  2893     049D  2CB1               	goto	l1330
  2894     049E                     u600:
  2895     049E                     l1324:
  2896     049E  3003               	movlw	3
  2897     049F  0224               	subwf	_LDR2_Value+1,w
  2898     04A0  3021               	movlw	33
  2899     04A1  1903               	skipnz
  2900     04A2  0223               	subwf	_LDR2_Value,w
  2901     04A3  1C03               	skipc
  2902     04A4  2CA6               	goto	u611
  2903     04A5  2CA7               	goto	u610
  2904     04A6                     u611:
  2905     04A6  2CB1               	goto	l1330
  2906     04A7                     u610:
  2907     04A7                     l1326:
  2908                           
  2909                           ;main.c: 271:         UART_SendString("? LDR_TC_13 Passed: Darkness Threshold Logic Trig
      +                          gered\r");
  2910     04A7  3065               	movlw	low (STR_25| (0+32768))
  2911     04A8  00F1               	movwf	UART_SendString@str
  2912     04A9  3086               	movlw	high (STR_25| (0+32768))
  2913     04AA  00F2               	movwf	UART_SendString@str+1
  2914     04AB  3181  21BA  3184   	fcall	_UART_SendString
  2915     04AE                     l1328:
  2916                           
  2917                           ;main.c: 272:         (LATAbits.LATA2 = 1);
  2918     04AE  0022               	movlb	2	; select bank2
  2919     04AF  150C               	bsf	12,2	;volatile
  2920                           
  2921                           ;main.c: 273:     } else {
  2922     04B0  2CBA               	goto	l129
  2923     04B1                     l1330:
  2924                           
  2925                           ;main.c: 274:         UART_SendString("LDR_TC_13 Failed\r");
  2926     04B1  300F               	movlw	low (STR_26| (0+32768))
  2927     04B2  00F1               	movwf	UART_SendString@str
  2928     04B3  3081               	movlw	high (STR_26| (0+32768))
  2929     04B4  00F2               	movwf	UART_SendString@str+1
  2930     04B5  3181  21BA  3184   	fcall	_UART_SendString
  2931     04B8                     l1332:
  2932                           
  2933                           ;main.c: 275:         (LATAbits.LATA2 = 0);
  2934     04B8  0022               	movlb	2	; select bank2
  2935     04B9  110C               	bcf	12,2	;volatile
  2936     04BA                     l129:
  2937     04BA  0008               	return
  2938     04BB                     __end_of_test_LDR_darkness_trigger_logic:
  2939                           
  2940                           	psect	text9
  2941     045D                     __ptext9:	
  2942 ;; *************** function _test_LDR_calibration_drift *****************
  2943 ;; Defined at:
  2944 ;;		line 229 in file "main.c"
  2945 ;; Parameters:    Size  Location     Type
  2946 ;;		None
  2947 ;; Auto vars:     Size  Location     Type
  2948 ;;		None
  2949 ;; Return value:  Size  Location     Type
  2950 ;;                  1    wreg      void 
  2951 ;; Registers used:
  2952 ;;		wreg, fsr0l, fsr0h, status,2, status,0, pclath, cstack
  2953 ;; Tracked objects:
  2954 ;;		On entry : 0/0
  2955 ;;		On exit  : 0/0
  2956 ;;		Unchanged: 0/0
  2957 ;; Data sizes:     COMMON   BANK0   BANK1   BANK2
  2958 ;;      Params:         0       0       0       0
  2959 ;;      Locals:         0       0       0       0
  2960 ;;      Temps:          0       0       0       0
  2961 ;;      Totals:         0       0       0       0
  2962 ;;Total ram usage:        0 bytes
  2963 ;; Hardware stack levels used: 1
  2964 ;; Hardware stack levels required when called: 2
  2965 ;; This function calls:
  2966 ;;		_ADC_Compare
  2967 ;;		_UART_SendString
  2968 ;; This function is called by:
  2969 ;;		_main
  2970 ;; This function uses a non-reentrant model
  2971 ;;
  2972                           
  2973     045D                     _test_LDR_calibration_drift:	
  2974                           ;psect for function _test_LDR_calibration_drift
  2975                           
  2976     045D                     l1278:	
  2977                           ;incstack = 0
  2978                           ; Regs used in _test_LDR_calibration_drift: [wreg-fsr0h+status,2+status,0+pclath+cstack]
  2979                           
  2980                           
  2981                           ;main.c: 230:     LDR1_Value = 350;
  2982     045D  305E               	movlw	94
  2983     045E  0020               	movlb	0	; select bank0
  2984     045F  00A5               	movwf	_LDR1_Value
  2985     0460  3001               	movlw	1
  2986     0461  00A6               	movwf	_LDR1_Value+1
  2987                           
  2988                           ;main.c: 231:     LDR2_Value = 354;
  2989     0462  3062               	movlw	98
  2990     0463  00A3               	movwf	_LDR2_Value
  2991     0464  3001               	movlw	1
  2992     0465  00A4               	movwf	_LDR2_Value+1
  2993     0466                     l1280:
  2994                           
  2995                           ;main.c: 232:     if (((ADC_Compare(LDR1_Value, LDR2_Value, 3)) ? 1 : 0)) {
  2996     0466  0826               	movf	_LDR1_Value+1,w
  2997     0467  00F1               	movwf	ADC_Compare@a+1
  2998     0468  0825               	movf	_LDR1_Value,w
  2999     0469  00F0               	movwf	ADC_Compare@a
  3000     046A  0824               	movf	_LDR2_Value+1,w
  3001     046B  00F3               	movwf	ADC_Compare@b+1
  3002     046C  0823               	movf	_LDR2_Value,w
  3003     046D  00F2               	movwf	ADC_Compare@b
  3004     046E  3003               	movlw	3
  3005     046F  00F4               	movwf	ADC_Compare@tol
  3006     0470  3186  26DE  3184   	fcall	_ADC_Compare
  3007     0473  3A00               	xorlw	0
  3008     0474  1903               	skipnz
  3009     0475  2C77               	goto	u561
  3010     0476  2C78               	goto	u560
  3011     0477                     u561:
  3012     0477  2C82               	goto	l1286
  3013     0478                     u560:
  3014     0478                     l1282:
  3015                           
  3016                           ;main.c: 233:         UART_SendString("? LDR_TC_10 Passed: Drift Calibration Tolerance\r
      +                          ");
  3017     0478  3034               	movlw	low (STR_19| (0+32768))
  3018     0479  00F1               	movwf	UART_SendString@str
  3019     047A  3086               	movlw	high (STR_19| (0+32768))
  3020     047B  00F2               	movwf	UART_SendString@str+1
  3021     047C  3181  21BA  3184   	fcall	_UART_SendString
  3022     047F                     l1284:
  3023                           
  3024                           ;main.c: 234:         (LATAbits.LATA2 = 1);
  3025     047F  0022               	movlb	2	; select bank2
  3026     0480  150C               	bsf	12,2	;volatile
  3027                           
  3028                           ;main.c: 235:     } else {
  3029     0481  2C8B               	goto	l113
  3030     0482                     l1286:
  3031                           
  3032                           ;main.c: 236:         UART_SendString("LDR_TC_10 Failed\r");
  3033     0482  307B               	movlw	low (STR_20| (0+32768))
  3034     0483  00F1               	movwf	UART_SendString@str
  3035     0484  3081               	movlw	high (STR_20| (0+32768))
  3036     0485  00F2               	movwf	UART_SendString@str+1
  3037     0486  3181  21BA  3184   	fcall	_UART_SendString
  3038     0489                     l1288:
  3039                           
  3040                           ;main.c: 237:         (LATAbits.LATA2 = 0);
  3041     0489  0022               	movlb	2	; select bank2
  3042     048A  110C               	bcf	12,2	;volatile
  3043     048B                     l113:
  3044     048B  0008               	return
  3045     048C                     __end_of_test_LDR_calibration_drift:
  3046                           
  3047                           	psect	text10
  3048     042E                     __ptext10:	
  3049 ;; *************** function _test_LDR_both_dark *****************
  3050 ;; Defined at:
  3051 ;;		line 157 in file "main.c"
  3052 ;; Parameters:    Size  Location     Type
  3053 ;;		None
  3054 ;; Auto vars:     Size  Location     Type
  3055 ;;		None
  3056 ;; Return value:  Size  Location     Type
  3057 ;;                  1    wreg      void 
  3058 ;; Registers used:
  3059 ;;		wreg, fsr0l, fsr0h, status,2, status,0, pclath, cstack
  3060 ;; Tracked objects:
  3061 ;;		On entry : 0/0
  3062 ;;		On exit  : 0/0
  3063 ;;		Unchanged: 0/0
  3064 ;; Data sizes:     COMMON   BANK0   BANK1   BANK2
  3065 ;;      Params:         0       0       0       0
  3066 ;;      Locals:         0       0       0       0
  3067 ;;      Temps:          0       0       0       0
  3068 ;;      Totals:         0       0       0       0
  3069 ;;Total ram usage:        0 bytes
  3070 ;; Hardware stack levels used: 1
  3071 ;; Hardware stack levels required when called: 2
  3072 ;; This function calls:
  3073 ;;		_ADC_Compare
  3074 ;;		_UART_SendString
  3075 ;; This function is called by:
  3076 ;;		_main
  3077 ;; This function uses a non-reentrant model
  3078 ;;
  3079                           
  3080     042E                     _test_LDR_both_dark:	
  3081                           ;psect for function _test_LDR_both_dark
  3082                           
  3083     042E                     l1206:	
  3084                           ;incstack = 0
  3085                           ; Regs used in _test_LDR_both_dark: [wreg-fsr0h+status,2+status,0+pclath+cstack]
  3086                           
  3087                           
  3088                           ;main.c: 158:     LDR1_Value = 980;
  3089     042E  30D4               	movlw	212
  3090     042F  0020               	movlb	0	; select bank0
  3091     0430  00A5               	movwf	_LDR1_Value
  3092     0431  3003               	movlw	3
  3093     0432  00A6               	movwf	_LDR1_Value+1
  3094                           
  3095                           ;main.c: 159:     LDR2_Value = 985;
  3096     0433  30D9               	movlw	217
  3097     0434  00A3               	movwf	_LDR2_Value
  3098     0435  3003               	movlw	3
  3099     0436  00A4               	movwf	_LDR2_Value+1
  3100     0437                     l1208:
  3101                           
  3102                           ;main.c: 160:     if (((ADC_Compare(LDR1_Value, LDR2_Value, 5)) ? 1 : 0)) {
  3103     0437  0826               	movf	_LDR1_Value+1,w
  3104     0438  00F1               	movwf	ADC_Compare@a+1
  3105     0439  0825               	movf	_LDR1_Value,w
  3106     043A  00F0               	movwf	ADC_Compare@a
  3107     043B  0824               	movf	_LDR2_Value+1,w
  3108     043C  00F3               	movwf	ADC_Compare@b+1
  3109     043D  0823               	movf	_LDR2_Value,w
  3110     043E  00F2               	movwf	ADC_Compare@b
  3111     043F  3005               	movlw	5
  3112     0440  00F4               	movwf	ADC_Compare@tol
  3113     0441  3186  26DE  3184   	fcall	_ADC_Compare
  3114     0444  3A00               	xorlw	0
  3115     0445  1903               	skipnz
  3116     0446  2C48               	goto	u501
  3117     0447  2C49               	goto	u500
  3118     0448                     u501:
  3119     0448  2C53               	goto	l1214
  3120     0449                     u500:
  3121     0449                     l1210:
  3122                           
  3123                           ;main.c: 161:         UART_SendString("? LDR_TC_04 Passed: Both LDRs in Darkness\r");
  3124     0449  306C               	movlw	low (STR_7| (0+32768))
  3125     044A  00F1               	movwf	UART_SendString@str
  3126     044B  3082               	movlw	high (STR_7| (0+32768))
  3127     044C  00F2               	movwf	UART_SendString@str+1
  3128     044D  3181  21BA  3184   	fcall	_UART_SendString
  3129     0450                     l1212:
  3130                           
  3131                           ;main.c: 162:         (LATAbits.LATA2 = 1);
  3132     0450  0022               	movlb	2	; select bank2
  3133     0451  150C               	bsf	12,2	;volatile
  3134                           
  3135                           ;main.c: 163:     } else {
  3136     0452  2C5C               	goto	l83
  3137     0453                     l1214:
  3138                           
  3139                           ;main.c: 164:         UART_SendString("LDR_TC_04 Failed\r");
  3140     0453  30FD               	movlw	low (STR_8| (0+32768))
  3141     0454  00F1               	movwf	UART_SendString@str
  3142     0455  3080               	movlw	high (STR_8| (0+32768))
  3143     0456  00F2               	movwf	UART_SendString@str+1
  3144     0457  3181  21BA  3184   	fcall	_UART_SendString
  3145     045A                     l1216:
  3146                           
  3147                           ;main.c: 165:         (LATAbits.LATA2 = 0);
  3148     045A  0022               	movlb	2	; select bank2
  3149     045B  110C               	bcf	12,2	;volatile
  3150     045C                     l83:
  3151     045C  0008               	return
  3152     045D                     __end_of_test_LDR_both_dark:
  3153                           
  3154                           	psect	text11
  3155     03FF                     __ptext11:	
  3156 ;; *************** function _test_LDR_both_bright *****************
  3157 ;; Defined at:
  3158 ;;		line 169 in file "main.c"
  3159 ;; Parameters:    Size  Location     Type
  3160 ;;		None
  3161 ;; Auto vars:     Size  Location     Type
  3162 ;;		None
  3163 ;; Return value:  Size  Location     Type
  3164 ;;                  1    wreg      void 
  3165 ;; Registers used:
  3166 ;;		wreg, fsr0l, fsr0h, status,2, status,0, pclath, cstack
  3167 ;; Tracked objects:
  3168 ;;		On entry : 0/0
  3169 ;;		On exit  : 0/0
  3170 ;;		Unchanged: 0/0
  3171 ;; Data sizes:     COMMON   BANK0   BANK1   BANK2
  3172 ;;      Params:         0       0       0       0
  3173 ;;      Locals:         0       0       0       0
  3174 ;;      Temps:          0       0       0       0
  3175 ;;      Totals:         0       0       0       0
  3176 ;;Total ram usage:        0 bytes
  3177 ;; Hardware stack levels used: 1
  3178 ;; Hardware stack levels required when called: 2
  3179 ;; This function calls:
  3180 ;;		_ADC_Compare
  3181 ;;		_UART_SendString
  3182 ;; This function is called by:
  3183 ;;		_main
  3184 ;; This function uses a non-reentrant model
  3185 ;;
  3186                           
  3187     03FF                     _test_LDR_both_bright:	
  3188                           ;psect for function _test_LDR_both_bright
  3189                           
  3190     03FF                     l1218:	
  3191                           ;incstack = 0
  3192                           ; Regs used in _test_LDR_both_bright: [wreg-fsr0h+status,2+status,0+pclath+cstack]
  3193                           
  3194                           
  3195                           ;main.c: 170:     LDR1_Value = 50;
  3196     03FF  3032               	movlw	50
  3197     0400  0020               	movlb	0	; select bank0
  3198     0401  00A5               	movwf	_LDR1_Value
  3199     0402  3000               	movlw	0
  3200     0403  00A6               	movwf	_LDR1_Value+1
  3201                           
  3202                           ;main.c: 171:     LDR2_Value = 48;
  3203     0404  3030               	movlw	48
  3204     0405  00A3               	movwf	_LDR2_Value
  3205     0406  3000               	movlw	0
  3206     0407  00A4               	movwf	_LDR2_Value+1
  3207     0408                     l1220:
  3208                           
  3209                           ;main.c: 172:     if (((ADC_Compare(LDR1_Value, LDR2_Value, 5)) ? 1 : 0)) {
  3210     0408  0826               	movf	_LDR1_Value+1,w
  3211     0409  00F1               	movwf	ADC_Compare@a+1
  3212     040A  0825               	movf	_LDR1_Value,w
  3213     040B  00F0               	movwf	ADC_Compare@a
  3214     040C  0824               	movf	_LDR2_Value+1,w
  3215     040D  00F3               	movwf	ADC_Compare@b+1
  3216     040E  0823               	movf	_LDR2_Value,w
  3217     040F  00F2               	movwf	ADC_Compare@b
  3218     0410  3005               	movlw	5
  3219     0411  00F4               	movwf	ADC_Compare@tol
  3220     0412  3186  26DE  3183   	fcall	_ADC_Compare
  3221     0415  3A00               	xorlw	0
  3222     0416  1903               	skipnz
  3223     0417  2C19               	goto	u511
  3224     0418  2C1A               	goto	u510
  3225     0419                     u511:
  3226     0419  2C24               	goto	l1226
  3227     041A                     u510:
  3228     041A                     l1222:
  3229                           
  3230                           ;main.c: 173:         UART_SendString("? LDR_TC_05 Passed: Both LDRs in Brightness\r");
  3231     041A  3046               	movlw	low (STR_9| (0+32768))
  3232     041B  00F1               	movwf	UART_SendString@str
  3233     041C  3083               	movlw	high (STR_9| (0+32768))
  3234     041D  00F2               	movwf	UART_SendString@str+1
  3235     041E  3181  21BA  3183   	fcall	_UART_SendString
  3236     0421                     l1224:
  3237                           
  3238                           ;main.c: 174:         (LATAbits.LATA2 = 1);
  3239     0421  0022               	movlb	2	; select bank2
  3240     0422  150C               	bsf	12,2	;volatile
  3241                           
  3242                           ;main.c: 175:     } else {
  3243     0423  2C2D               	goto	l88
  3244     0424                     l1226:
  3245                           
  3246                           ;main.c: 176:         UART_SendString("LDR_TC_05 Failed\r");
  3247     0424  30EB               	movlw	low (STR_10| (0+32768))
  3248     0425  00F1               	movwf	UART_SendString@str
  3249     0426  3080               	movlw	high (STR_10| (0+32768))
  3250     0427  00F2               	movwf	UART_SendString@str+1
  3251     0428  3181  21BA  3183   	fcall	_UART_SendString
  3252     042B                     l1228:
  3253                           
  3254                           ;main.c: 177:         (LATAbits.LATA2 = 0);
  3255     042B  0022               	movlb	2	; select bank2
  3256     042C  110C               	bcf	12,2	;volatile
  3257     042D                     l88:
  3258     042D  0008               	return
  3259     042E                     __end_of_test_LDR_both_bright:
  3260                           
  3261                           	psect	text12
  3262     03D0                     __ptext12:	
  3263 ;; *************** function _test_LDR1_dark_LDR2_bright *****************
  3264 ;; Defined at:
  3265 ;;		line 133 in file "main.c"
  3266 ;; Parameters:    Size  Location     Type
  3267 ;;		None
  3268 ;; Auto vars:     Size  Location     Type
  3269 ;;		None
  3270 ;; Return value:  Size  Location     Type
  3271 ;;                  1    wreg      void 
  3272 ;; Registers used:
  3273 ;;		wreg, fsr0l, fsr0h, status,2, status,0, pclath, cstack
  3274 ;; Tracked objects:
  3275 ;;		On entry : 0/0
  3276 ;;		On exit  : 0/0
  3277 ;;		Unchanged: 0/0
  3278 ;; Data sizes:     COMMON   BANK0   BANK1   BANK2
  3279 ;;      Params:         0       0       0       0
  3280 ;;      Locals:         0       0       0       0
  3281 ;;      Temps:          0       0       0       0
  3282 ;;      Totals:         0       0       0       0
  3283 ;;Total ram usage:        0 bytes
  3284 ;; Hardware stack levels used: 1
  3285 ;; Hardware stack levels required when called: 2
  3286 ;; This function calls:
  3287 ;;		_ADC_Compare
  3288 ;;		_UART_SendString
  3289 ;; This function is called by:
  3290 ;;		_main
  3291 ;; This function uses a non-reentrant model
  3292 ;;
  3293                           
  3294     03D0                     _test_LDR1_dark_LDR2_bright:	
  3295                           ;psect for function _test_LDR1_dark_LDR2_bright
  3296                           
  3297     03D0                     l1182:	
  3298                           ;incstack = 0
  3299                           ; Regs used in _test_LDR1_dark_LDR2_bright: [wreg-fsr0h+status,2+status,0+pclath+cstack]
  3300                           
  3301                           
  3302                           ;main.c: 134:     LDR1_Value = 900;
  3303     03D0  3084               	movlw	132
  3304     03D1  0020               	movlb	0	; select bank0
  3305     03D2  00A5               	movwf	_LDR1_Value
  3306     03D3  3003               	movlw	3
  3307     03D4  00A6               	movwf	_LDR1_Value+1
  3308                           
  3309                           ;main.c: 135:     LDR2_Value = 100;
  3310     03D5  3064               	movlw	100
  3311     03D6  00A3               	movwf	_LDR2_Value
  3312     03D7  3000               	movlw	0
  3313     03D8  00A4               	movwf	_LDR2_Value+1
  3314     03D9                     l1184:
  3315                           
  3316                           ;main.c: 136:     if (((!ADC_Compare(LDR1_Value, LDR2_Value, 5)) ? 1 : 0)) {
  3317     03D9  0826               	movf	_LDR1_Value+1,w
  3318     03DA  00F1               	movwf	ADC_Compare@a+1
  3319     03DB  0825               	movf	_LDR1_Value,w
  3320     03DC  00F0               	movwf	ADC_Compare@a
  3321     03DD  0824               	movf	_LDR2_Value+1,w
  3322     03DE  00F3               	movwf	ADC_Compare@b+1
  3323     03DF  0823               	movf	_LDR2_Value,w
  3324     03E0  00F2               	movwf	ADC_Compare@b
  3325     03E1  3005               	movlw	5
  3326     03E2  00F4               	movwf	ADC_Compare@tol
  3327     03E3  3186  26DE  3183   	fcall	_ADC_Compare
  3328     03E6  3A00               	xorlw	0
  3329     03E7  1D03               	skipz
  3330     03E8  2BEA               	goto	u481
  3331     03E9  2BEB               	goto	u480
  3332     03EA                     u481:
  3333     03EA  2BF5               	goto	l1190
  3334     03EB                     u480:
  3335     03EB                     l1186:
  3336                           
  3337                           ;main.c: 137:         UART_SendString("? LDR_TC_02 Passed: LDR1 Dark, LDR2 Bright\r");
  3338     03EB  30C2               	movlw	low (STR_3| (0+32768))
  3339     03EC  00F1               	movwf	UART_SendString@str
  3340     03ED  3082               	movlw	high (STR_3| (0+32768))
  3341     03EE  00F2               	movwf	UART_SendString@str+1
  3342     03EF  3181  21BA  3183   	fcall	_UART_SendString
  3343     03F2                     l1188:
  3344                           
  3345                           ;main.c: 138:         (LATAbits.LATA2 = 1);
  3346     03F2  0022               	movlb	2	; select bank2
  3347     03F3  150C               	bsf	12,2	;volatile
  3348                           
  3349                           ;main.c: 139:     } else {
  3350     03F4  2BFE               	goto	l73
  3351     03F5                     l1190:
  3352                           
  3353                           ;main.c: 140:         UART_SendString("LDR_TC_02 Failed\r");
  3354     03F5  3045               	movlw	low (STR_4| (0+32768))
  3355     03F6  00F1               	movwf	UART_SendString@str
  3356     03F7  3081               	movlw	high (STR_4| (0+32768))
  3357     03F8  00F2               	movwf	UART_SendString@str+1
  3358     03F9  3181  21BA  3183   	fcall	_UART_SendString
  3359     03FC                     l1192:
  3360                           
  3361                           ;main.c: 141:         (LATAbits.LATA2 = 0);
  3362     03FC  0022               	movlb	2	; select bank2
  3363     03FD  110C               	bcf	12,2	;volatile
  3364     03FE                     l73:
  3365     03FE  0008               	return
  3366     03FF                     __end_of_test_LDR1_dark_LDR2_bright:
  3367                           
  3368                           	psect	text13
  3369     03A1                     __ptext13:	
  3370 ;; *************** function _test_LDR1_bright_LDR2_dark *****************
  3371 ;; Defined at:
  3372 ;;		line 145 in file "main.c"
  3373 ;; Parameters:    Size  Location     Type
  3374 ;;		None
  3375 ;; Auto vars:     Size  Location     Type
  3376 ;;		None
  3377 ;; Return value:  Size  Location     Type
  3378 ;;                  1    wreg      void 
  3379 ;; Registers used:
  3380 ;;		wreg, fsr0l, fsr0h, status,2, status,0, pclath, cstack
  3381 ;; Tracked objects:
  3382 ;;		On entry : 0/0
  3383 ;;		On exit  : 0/0
  3384 ;;		Unchanged: 0/0
  3385 ;; Data sizes:     COMMON   BANK0   BANK1   BANK2
  3386 ;;      Params:         0       0       0       0
  3387 ;;      Locals:         0       0       0       0
  3388 ;;      Temps:          0       0       0       0
  3389 ;;      Totals:         0       0       0       0
  3390 ;;Total ram usage:        0 bytes
  3391 ;; Hardware stack levels used: 1
  3392 ;; Hardware stack levels required when called: 2
  3393 ;; This function calls:
  3394 ;;		_ADC_Compare
  3395 ;;		_UART_SendString
  3396 ;; This function is called by:
  3397 ;;		_main
  3398 ;; This function uses a non-reentrant model
  3399 ;;
  3400                           
  3401     03A1                     _test_LDR1_bright_LDR2_dark:	
  3402                           ;psect for function _test_LDR1_bright_LDR2_dark
  3403                           
  3404     03A1                     l1194:	
  3405                           ;incstack = 0
  3406                           ; Regs used in _test_LDR1_bright_LDR2_dark: [wreg-fsr0h+status,2+status,0+pclath+cstack]
  3407                           
  3408                           
  3409                           ;main.c: 146:     LDR1_Value = 100;
  3410     03A1  3064               	movlw	100
  3411     03A2  0020               	movlb	0	; select bank0
  3412     03A3  00A5               	movwf	_LDR1_Value
  3413     03A4  3000               	movlw	0
  3414     03A5  00A6               	movwf	_LDR1_Value+1
  3415                           
  3416                           ;main.c: 147:     LDR2_Value = 900;
  3417     03A6  3084               	movlw	132
  3418     03A7  00A3               	movwf	_LDR2_Value
  3419     03A8  3003               	movlw	3
  3420     03A9  00A4               	movwf	_LDR2_Value+1
  3421     03AA                     l1196:
  3422                           
  3423                           ;main.c: 148:     if (((!ADC_Compare(LDR1_Value, LDR2_Value, 5)) ? 1 : 0)) {
  3424     03AA  0826               	movf	_LDR1_Value+1,w
  3425     03AB  00F1               	movwf	ADC_Compare@a+1
  3426     03AC  0825               	movf	_LDR1_Value,w
  3427     03AD  00F0               	movwf	ADC_Compare@a
  3428     03AE  0824               	movf	_LDR2_Value+1,w
  3429     03AF  00F3               	movwf	ADC_Compare@b+1
  3430     03B0  0823               	movf	_LDR2_Value,w
  3431     03B1  00F2               	movwf	ADC_Compare@b
  3432     03B2  3005               	movlw	5
  3433     03B3  00F4               	movwf	ADC_Compare@tol
  3434     03B4  3186  26DE  3183   	fcall	_ADC_Compare
  3435     03B7  3A00               	xorlw	0
  3436     03B8  1D03               	skipz
  3437     03B9  2BBB               	goto	u491
  3438     03BA  2BBC               	goto	u490
  3439     03BB                     u491:
  3440     03BB  2BC6               	goto	l1202
  3441     03BC                     u490:
  3442     03BC                     l1198:
  3443                           
  3444                           ;main.c: 149:         UART_SendString("? LDR_TC_03 Passed: LDR1 Bright, LDR2 Dark\r");
  3445     03BC  30EE               	movlw	low (STR_5| (0+32768))
  3446     03BD  00F1               	movwf	UART_SendString@str
  3447     03BE  3082               	movlw	high (STR_5| (0+32768))
  3448     03BF  00F2               	movwf	UART_SendString@str+1
  3449     03C0  3181  21BA  3183   	fcall	_UART_SendString
  3450     03C3                     l1200:
  3451                           
  3452                           ;main.c: 150:         (LATAbits.LATA2 = 1);
  3453     03C3  0022               	movlb	2	; select bank2
  3454     03C4  150C               	bsf	12,2	;volatile
  3455                           
  3456                           ;main.c: 151:     } else {
  3457     03C5  2BCF               	goto	l78
  3458     03C6                     l1202:
  3459                           
  3460                           ;main.c: 152:         UART_SendString("LDR_TC_03 Failed\r");
  3461     03C6  3021               	movlw	low (STR_6| (0+32768))
  3462     03C7  00F1               	movwf	UART_SendString@str
  3463     03C8  3081               	movlw	high (STR_6| (0+32768))
  3464     03C9  00F2               	movwf	UART_SendString@str+1
  3465     03CA  3181  21BA  3183   	fcall	_UART_SendString
  3466     03CD                     l1204:
  3467                           
  3468                           ;main.c: 153:         (LATAbits.LATA2 = 0);
  3469     03CD  0022               	movlb	2	; select bank2
  3470     03CE  110C               	bcf	12,2	;volatile
  3471     03CF                     l78:
  3472     03CF  0008               	return
  3473     03D0                     __end_of_test_LDR1_bright_LDR2_dark:
  3474                           
  3475                           	psect	text14
  3476     01BA                     __ptext14:	
  3477 ;; *************** function _UART_SendString *****************
  3478 ;; Defined at:
  3479 ;;		line 105 in file "main.c"
  3480 ;; Parameters:    Size  Location     Type
  3481 ;;  str             2    1[COMMON] PTR const unsigned char 
  3482 ;;		 -> STR_28(14), STR_27(31), STR_26(18), STR_25(56), 
  3483 ;;		 -> STR_24(43), STR_23(18), STR_22(18), STR_21(48), 
  3484 ;;		 -> STR_20(18), STR_19(49), STR_18(18), STR_17(47), 
  3485 ;;		 -> STR_16(18), STR_15(42), STR_14(18), STR_13(44), 
  3486 ;;		 -> STR_12(18), STR_11(40), STR_10(18), STR_9(45), 
  3487 ;;		 -> STR_8(18), STR_7(43), STR_6(18), STR_5(44), 
  3488 ;;		 -> STR_4(18), STR_3(44), STR_2(18), STR_1(46), 
  3489 ;; Auto vars:     Size  Location     Type
  3490 ;;		None
  3491 ;; Return value:  Size  Location     Type
  3492 ;;                  1    wreg      void 
  3493 ;; Registers used:
  3494 ;;		wreg, fsr0l, fsr0h, status,2, status,0, pclath, cstack
  3495 ;; Tracked objects:
  3496 ;;		On entry : 0/0
  3497 ;;		On exit  : 0/0
  3498 ;;		Unchanged: 0/0
  3499 ;; Data sizes:     COMMON   BANK0   BANK1   BANK2
  3500 ;;      Params:         2       0       0       0
  3501 ;;      Locals:         0       0       0       0
  3502 ;;      Temps:          1       0       0       0
  3503 ;;      Totals:         3       0       0       0
  3504 ;;Total ram usage:        3 bytes
  3505 ;; Hardware stack levels used: 1
  3506 ;; Hardware stack levels required when called: 1
  3507 ;; This function calls:
  3508 ;;		_EUSART_Write
  3509 ;;		_EUSART_is_tx_done
  3510 ;; This function is called by:
  3511 ;;		_test_LDR_equal_light
  3512 ;;		_test_LDR1_dark_LDR2_bright
  3513 ;;		_test_LDR1_bright_LDR2_dark
  3514 ;;		_test_LDR_both_dark
  3515 ;;		_test_LDR_both_bright
  3516 ;;		_test_LDR_one_obstructed
  3517 ;;		_test_LDR_noise_tolerance
  3518 ;;		_test_LDR_gradual_light_change
  3519 ;;		_test_LDR_intermittent_light
  3520 ;;		_test_LDR_calibration_drift
  3521 ;;		_test_LDR_faulty_sensor
  3522 ;;		_test_LDR_fixed_vs_changing
  3523 ;;		_test_LDR_darkness_trigger_logic
  3524 ;;		_main
  3525 ;; This function uses a non-reentrant model
  3526 ;;
  3527                           
  3528     01BA                     _UART_SendString:	
  3529                           ;psect for function _UART_SendString
  3530                           
  3531     01BA                     l1128:	
  3532                           ;incstack = 0
  3533                           ; Regs used in _UART_SendString: [wreg-fsr0h+status,2+status,0+pclath+cstack]
  3534                           
  3535                           
  3536                           ;main.c: 105: void UART_SendString(const char* str);main.c: 106: {;main.c: 108:     whil
      +                          e (*str)
  3537     01BA  29CF               	goto	l1136
  3538     01BB                     l1130:
  3539                           
  3540                           ;main.c: 109:     {;main.c: 110:         EUSART_Write(*str++);
  3541     01BB  0871               	movf	UART_SendString@str,w
  3542     01BC  0084               	movwf	4
  3543     01BD  0872               	movf	UART_SendString@str+1,w
  3544     01BE  0085               	movwf	5
  3545     01BF  0800               	movf	0,w	;code access
  3546     01C0  3180  207C  3181   	fcall	_EUSART_Write
  3547     01C3                     l1132:
  3548     01C3  3001               	movlw	1
  3549     01C4  07F1               	addwf	UART_SendString@str,f
  3550     01C5  3000               	movlw	0
  3551     01C6  3DF2               	addwfc	UART_SendString@str+1,f
  3552     01C7                     l1134:	
  3553                           ;main.c: 111:         while(EUSART_is_tx_done());
  3554                           
  3555     01C7  3180  205F  3181   	fcall	_EUSART_is_tx_done
  3556     01CA  3A00               	xorlw	0
  3557     01CB  1D03               	skipz
  3558     01CC  29CE               	goto	u381
  3559     01CD  29CF               	goto	u380
  3560     01CE                     u381:
  3561     01CE  29C7               	goto	l1134
  3562     01CF                     u380:
  3563     01CF                     l1136:
  3564                           
  3565                           ;main.c: 108:     while (*str)
  3566     01CF  0871               	movf	UART_SendString@str,w
  3567     01D0  0084               	movwf	4
  3568     01D1  0872               	movf	UART_SendString@str+1,w
  3569     01D2  0085               	movwf	5
  3570     01D3  0012               	moviw fsr0++
  3571     01D4  1D03               	btfss	3,2
  3572     01D5  29D7               	goto	u391
  3573     01D6  29D8               	goto	u390
  3574     01D7                     u391:
  3575     01D7  29BB               	goto	l1130
  3576     01D8                     u390:
  3577     01D8                     l56:
  3578     01D8  0008               	return
  3579     01D9                     __end_of_UART_SendString:
  3580                           
  3581                           	psect	text15
  3582     005F                     __ptext15:	
  3583 ;; *************** function _EUSART_is_tx_done *****************
  3584 ;; Defined at:
  3585 ;;		line 104 in file "eusart.c"
  3586 ;; Parameters:    Size  Location     Type
  3587 ;;		None
  3588 ;; Auto vars:     Size  Location     Type
  3589 ;;		None
  3590 ;; Return value:  Size  Location     Type
  3591 ;;                  1    wreg      _Bool 
  3592 ;; Registers used:
  3593 ;;		wreg, status,2, status,0
  3594 ;; Tracked objects:
  3595 ;;		On entry : 0/0
  3596 ;;		On exit  : 0/0
  3597 ;;		Unchanged: 0/0
  3598 ;; Data sizes:     COMMON   BANK0   BANK1   BANK2
  3599 ;;      Params:         0       0       0       0
  3600 ;;      Locals:         0       0       0       0
  3601 ;;      Temps:          0       0       0       0
  3602 ;;      Totals:         0       0       0       0
  3603 ;;Total ram usage:        0 bytes
  3604 ;; Hardware stack levels used: 1
  3605 ;; This function calls:
  3606 ;;		Nothing
  3607 ;; This function is called by:
  3608 ;;		_UART_SendString
  3609 ;; This function uses a non-reentrant model
  3610 ;;
  3611                           
  3612     005F                     _EUSART_is_tx_done:	
  3613                           ;psect for function _EUSART_is_tx_done
  3614                           
  3615     005F                     l1124:	
  3616                           ;incstack = 0
  3617                           ; Regs used in _EUSART_is_tx_done: [wreg+status,2+status,0]
  3618                           
  3619                           
  3620                           ;eusart.c: 106:     return TXSTAbits.TRMT;
  3621     005F  0023               	movlb	3	; select bank3
  3622     0060  0C1E               	rrf	30,w	;volatile
  3623     0061  3901               	andlw	1
  3624     0062                     l218:
  3625     0062  0008               	return
  3626     0063                     __end_of_EUSART_is_tx_done:
  3627                           
  3628                           	psect	text16
  3629     007C                     __ptext16:	
  3630 ;; *************** function _EUSART_Write *****************
  3631 ;; Defined at:
  3632 ;;		line 132 in file "eusart.c"
  3633 ;; Parameters:    Size  Location     Type
  3634 ;;  txData          1    wreg     unsigned char 
  3635 ;; Auto vars:     Size  Location     Type
  3636 ;;  txData          1    0[COMMON] unsigned char 
  3637 ;; Return value:  Size  Location     Type
  3638 ;;                  1    wreg      void 
  3639 ;; Registers used:
  3640 ;;		wreg
  3641 ;; Tracked objects:
  3642 ;;		On entry : 0/0
  3643 ;;		On exit  : 0/0
  3644 ;;		Unchanged: 0/0
  3645 ;; Data sizes:     COMMON   BANK0   BANK1   BANK2
  3646 ;;      Params:         0       0       0       0
  3647 ;;      Locals:         1       0       0       0
  3648 ;;      Temps:          0       0       0       0
  3649 ;;      Totals:         1       0       0       0
  3650 ;;Total ram usage:        1 bytes
  3651 ;; Hardware stack levels used: 1
  3652 ;; This function calls:
  3653 ;;		Nothing
  3654 ;; This function is called by:
  3655 ;;		_UART_SendString
  3656 ;; This function uses a non-reentrant model
  3657 ;;
  3658                           
  3659     007C                     _EUSART_Write:	
  3660                           ;psect for function _EUSART_Write
  3661                           
  3662                           
  3663                           ;incstack = 0
  3664                           ; Regs used in _EUSART_Write: [wreg]
  3665                           ;EUSART_Write@txData stored from wreg
  3666     007C  00F0               	movwf	EUSART_Write@txData
  3667     007D                     l1120:
  3668     007D                     l231:	
  3669                           ;eusart.c: 135:     {;eusart.c: 136:     }
  3670                           
  3671                           
  3672                           ;eusart.c: 134:     while(0 == PIR1bits.TXIF)
  3673     007D  0020               	movlb	0	; select bank0
  3674     007E  1E11               	btfss	17,4	;volatile
  3675     007F  2881               	goto	u371
  3676     0080  2882               	goto	u370
  3677     0081                     u371:
  3678     0081  287D               	goto	l231
  3679     0082                     u370:
  3680     0082                     l1122:
  3681                           
  3682                           ;eusart.c: 138:     TXREG = txData;
  3683     0082  0870               	movf	EUSART_Write@txData,w
  3684     0083  0023               	movlb	3	; select bank3
  3685     0084  009A               	movwf	26	;volatile
  3686     0085                     l234:
  3687     0085  0008               	return
  3688     0086                     __end_of_EUSART_Write:
  3689                           
  3690                           	psect	text17
  3691     06DE                     __ptext17:	
  3692 ;; *************** function _ADC_Compare *****************
  3693 ;; Defined at:
  3694 ;;		line 115 in file "main.c"
  3695 ;; Parameters:    Size  Location     Type
  3696 ;;  a               2    0[COMMON] unsigned short 
  3697 ;;  b               2    2[COMMON] unsigned short 
  3698 ;;  tol             1    4[COMMON] unsigned char 
  3699 ;; Auto vars:     Size  Location     Type
  3700 ;;		None
  3701 ;; Return value:  Size  Location     Type
  3702 ;;                  1    wreg      _Bool 
  3703 ;; Registers used:
  3704 ;;		wreg, status,2, status,0
  3705 ;; Tracked objects:
  3706 ;;		On entry : 0/0
  3707 ;;		On exit  : 0/0
  3708 ;;		Unchanged: 0/0
  3709 ;; Data sizes:     COMMON   BANK0   BANK1   BANK2
  3710 ;;      Params:         5       0       0       0
  3711 ;;      Locals:         2       0       0       0
  3712 ;;      Temps:          5       0       0       0
  3713 ;;      Totals:        12       0       0       0
  3714 ;;Total ram usage:       12 bytes
  3715 ;; Hardware stack levels used: 1
  3716 ;; This function calls:
  3717 ;;		Nothing
  3718 ;; This function is called by:
  3719 ;;		_test_LDR_equal_light
  3720 ;;		_test_LDR1_dark_LDR2_bright
  3721 ;;		_test_LDR1_bright_LDR2_dark
  3722 ;;		_test_LDR_both_dark
  3723 ;;		_test_LDR_both_bright
  3724 ;;		_test_LDR_one_obstructed
  3725 ;;		_test_LDR_noise_tolerance
  3726 ;;		_test_LDR_gradual_light_change
  3727 ;;		_test_LDR_intermittent_light
  3728 ;;		_test_LDR_calibration_drift
  3729 ;;		_test_LDR_faulty_sensor
  3730 ;;		_test_LDR_fixed_vs_changing
  3731 ;; This function uses a non-reentrant model
  3732 ;;
  3733                           
  3734     06DE                     _ADC_Compare:	
  3735                           ;psect for function _ADC_Compare
  3736                           
  3737     06DE                     l1138:	
  3738                           ;incstack = 0
  3739                           ; Regs used in _ADC_Compare: [wreg+status,2+status,0]
  3740                           
  3741                           
  3742                           ;main.c: 116:     return (a > b) ? ((a - b) <= tol) : ((b - a) <= tol);
  3743     06DE  0871               	movf	ADC_Compare@a+1,w
  3744     06DF  0273               	subwf	ADC_Compare@b+1,w
  3745     06E0  1D03               	skipz
  3746     06E1  2EE4               	goto	u405
  3747     06E2  0870               	movf	ADC_Compare@a,w
  3748     06E3  0272               	subwf	ADC_Compare@b,w
  3749     06E4                     u405:
  3750     06E4  1C03               	skipc
  3751     06E5  2EE7               	goto	u401
  3752     06E6  2EE8               	goto	u400
  3753     06E7                     u401:
  3754     06E7  2F02               	goto	l1142
  3755     06E8                     u400:
  3756     06E8                     l1140:
  3757     06E8  0870               	movf	ADC_Compare@a,w
  3758     06E9  0272               	subwf	ADC_Compare@b,w
  3759     06EA  00F5               	movwf	??_ADC_Compare
  3760     06EB  0871               	movf	ADC_Compare@a+1,w
  3761     06EC  3B73               	subwfb	ADC_Compare@b+1,w
  3762     06ED  00F6               	movwf	??_ADC_Compare+1
  3763     06EE  0874               	movf	ADC_Compare@tol,w
  3764     06EF  00F7               	movwf	??_ADC_Compare+2
  3765     06F0  0876               	movf	??_ADC_Compare+1,w
  3766     06F1  1D03               	skipz
  3767     06F2  2EF5               	goto	u415
  3768     06F3  0875               	movf	??_ADC_Compare,w
  3769     06F4  0277               	subwf	??_ADC_Compare+2,w
  3770     06F5                     u415:
  3771     06F5  1803               	skipnc
  3772     06F6  2EF8               	goto	u411
  3773     06F7  2EFA               	goto	u410
  3774     06F8                     u411:
  3775     06F8  3001               	movlw	1
  3776     06F9  2EFB               	goto	u420
  3777     06FA                     u410:
  3778     06FA  3000               	movlw	0
  3779     06FB                     u420:
  3780     06FB  00F8               	movwf	??_ADC_Compare+3
  3781     06FC  01F9               	clrf	??_ADC_Compare+4
  3782     06FD  0878               	movf	??_ADC_Compare+3,w
  3783     06FE  00FA               	movwf	_ADC_Compare$156
  3784     06FF  0879               	movf	??_ADC_Compare+4,w
  3785     0700  00FB               	movwf	_ADC_Compare$156+1
  3786     0701  2F1B               	goto	l62
  3787     0702                     l1142:
  3788     0702  0872               	movf	ADC_Compare@b,w
  3789     0703  0270               	subwf	ADC_Compare@a,w
  3790     0704  00F5               	movwf	??_ADC_Compare
  3791     0705  0873               	movf	ADC_Compare@b+1,w
  3792     0706  3B71               	subwfb	ADC_Compare@a+1,w
  3793     0707  00F6               	movwf	??_ADC_Compare+1
  3794     0708  0874               	movf	ADC_Compare@tol,w
  3795     0709  00F7               	movwf	??_ADC_Compare+2
  3796     070A  0876               	movf	??_ADC_Compare+1,w
  3797     070B  1D03               	skipz
  3798     070C  2F0F               	goto	u435
  3799     070D  0875               	movf	??_ADC_Compare,w
  3800     070E  0277               	subwf	??_ADC_Compare+2,w
  3801     070F                     u435:
  3802     070F  1803               	skipnc
  3803     0710  2F12               	goto	u431
  3804     0711  2F14               	goto	u430
  3805     0712                     u431:
  3806     0712  3001               	movlw	1
  3807     0713  2F15               	goto	u440
  3808     0714                     u430:
  3809     0714  3000               	movlw	0
  3810     0715                     u440:
  3811     0715  00F8               	movwf	??_ADC_Compare+3
  3812     0716  01F9               	clrf	??_ADC_Compare+4
  3813     0717  0878               	movf	??_ADC_Compare+3,w
  3814     0718  00FA               	movwf	_ADC_Compare$156
  3815     0719  0879               	movf	??_ADC_Compare+4,w
  3816     071A  00FB               	movwf	_ADC_Compare$156+1
  3817     071B                     l62:
  3818     071B  087A               	movf	_ADC_Compare$156,w
  3819     071C  047B               	iorwf	_ADC_Compare$156+1,w
  3820     071D  1D03               	btfss	3,2
  3821     071E  2F20               	goto	u451
  3822     071F  2F22               	goto	u450
  3823     0720                     u451:
  3824     0720  3001               	movlw	1
  3825     0721  2F23               	goto	u460
  3826     0722                     u450:
  3827     0722  3000               	movlw	0
  3828     0723                     u460:
  3829     0723                     l63:
  3830     0723  0008               	return
  3831     0724                     __end_of_ADC_Compare:
  3832                           
  3833                           	psect	text18
  3834     018D                     __ptext18:	
  3835 ;; *************** function ___bmul *****************
  3836 ;; Defined at:
  3837 ;;		line 4 in file "C:\Users\Anurag\.mcc\pic\sources\c99\common\Umul8.c"
  3838 ;; Parameters:    Size  Location     Type
  3839 ;;  multiplier      1    wreg     unsigned char 
  3840 ;;  multiplicand    1    0[COMMON] unsigned char 
  3841 ;; Auto vars:     Size  Location     Type
  3842 ;;  multiplier      1    2[COMMON] unsigned char 
  3843 ;;  product         1    1[COMMON] unsigned char 
  3844 ;; Return value:  Size  Location     Type
  3845 ;;                  1    wreg      unsigned char 
  3846 ;; Registers used:
  3847 ;;		wreg, status,2, status,0
  3848 ;; Tracked objects:
  3849 ;;		On entry : 0/0
  3850 ;;		On exit  : 0/0
  3851 ;;		Unchanged: 0/0
  3852 ;; Data sizes:     COMMON   BANK0   BANK1   BANK2
  3853 ;;      Params:         1       0       0       0
  3854 ;;      Locals:         2       0       0       0
  3855 ;;      Temps:          0       0       0       0
  3856 ;;      Totals:         3       0       0       0
  3857 ;;Total ram usage:        3 bytes
  3858 ;; Hardware stack levels used: 1
  3859 ;; This function calls:
  3860 ;;		Nothing
  3861 ;; This function is called by:
  3862 ;;		_main
  3863 ;; This function uses a non-reentrant model
  3864 ;;
  3865                           
  3866     018D                     ___bmul:	
  3867                           ;psect for function ___bmul
  3868                           
  3869                           
  3870                           ;incstack = 0
  3871                           ; Regs used in ___bmul: [wreg+status,2+status,0]
  3872                           ;___bmul@multiplier stored from wreg
  3873     018D  00F2               	movwf	___bmul@multiplier
  3874     018E                     l1358:
  3875     018E  01F1               	clrf	___bmul@product
  3876     018F                     l1360:
  3877     018F  1C72               	btfss	___bmul@multiplier,0
  3878     0190  2992               	goto	u641
  3879     0191  2993               	goto	u640
  3880     0192                     u641:
  3881     0192  2995               	goto	l1364
  3882     0193                     u640:
  3883     0193                     l1362:
  3884     0193  0870               	movf	___bmul@multiplicand,w
  3885     0194  07F1               	addwf	___bmul@product,f
  3886     0195                     l1364:
  3887     0195  1003               	clrc
  3888     0196  0DF0               	rlf	___bmul@multiplicand,f
  3889     0197                     l1366:
  3890     0197  1003               	clrc
  3891     0198  0CF2               	rrf	___bmul@multiplier,f
  3892     0199  0872               	movf	___bmul@multiplier,w
  3893     019A  1D03               	btfss	3,2
  3894     019B  299D               	goto	u651
  3895     019C  299E               	goto	u650
  3896     019D                     u651:
  3897     019D  298F               	goto	l1360
  3898     019E                     u650:
  3899     019E                     l1368:
  3900     019E  0871               	movf	___bmul@product,w
  3901     019F                     l346:
  3902     019F  0008               	return
  3903     01A0                     __end_of___bmul:
  3904                           
  3905                           	psect	text19
  3906     005B                     __ptext19:	
  3907 ;; *************** function _WDT_Initialize *****************
  3908 ;; Defined at:
  3909 ;;		line 98 in file "main.c"
  3910 ;; Parameters:    Size  Location     Type
  3911 ;;		None
  3912 ;; Auto vars:     Size  Location     Type
  3913 ;;		None
  3914 ;; Return value:  Size  Location     Type
  3915 ;;                  1    wreg      void 
  3916 ;; Registers used:
  3917 ;;		None
  3918 ;; Tracked objects:
  3919 ;;		On entry : 0/0
  3920 ;;		On exit  : 0/0
  3921 ;;		Unchanged: 0/0
  3922 ;; Data sizes:     COMMON   BANK0   BANK1   BANK2
  3923 ;;      Params:         0       0       0       0
  3924 ;;      Locals:         0       0       0       0
  3925 ;;      Temps:          0       0       0       0
  3926 ;;      Totals:         0       0       0       0
  3927 ;;Total ram usage:        0 bytes
  3928 ;; Hardware stack levels used: 1
  3929 ;; This function calls:
  3930 ;;		Nothing
  3931 ;; This function is called by:
  3932 ;;		_main
  3933 ;; This function uses a non-reentrant model
  3934 ;;
  3935                           
  3936     005B                     _WDT_Initialize:	
  3937                           ;psect for function _WDT_Initialize
  3938                           
  3939     005B                     l1168:	
  3940                           ;incstack = 0
  3941                           ; Regs used in _WDT_Initialize: []
  3942                           
  3943                           
  3944                           ;main.c: 101:     WDTCON = 0x16;
  3945     005B  3016               	movlw	22
  3946     005C  0021               	movlb	1	; select bank1
  3947     005D  0097               	movwf	23	;volatile
  3948     005E                     l47:
  3949     005E  0008               	return
  3950     005F                     __end_of_WDT_Initialize:
  3951                           
  3952                           	psect	text20
  3953     01A0                     __ptext20:	
  3954 ;; *************** function _PORT_Initialize *****************
  3955 ;; Defined at:
  3956 ;;		line 36 in file "main.c"
  3957 ;; Parameters:    Size  Location     Type
  3958 ;;		None
  3959 ;; Auto vars:     Size  Location     Type
  3960 ;;		None
  3961 ;; Return value:  Size  Location     Type
  3962 ;;                  1    wreg      void 
  3963 ;; Registers used:
  3964 ;;		status,2
  3965 ;; Tracked objects:
  3966 ;;		On entry : 0/0
  3967 ;;		On exit  : 0/0
  3968 ;;		Unchanged: 0/0
  3969 ;; Data sizes:     COMMON   BANK0   BANK1   BANK2
  3970 ;;      Params:         0       0       0       0
  3971 ;;      Locals:         0       0       0       0
  3972 ;;      Temps:          0       0       0       0
  3973 ;;      Totals:         0       0       0       0
  3974 ;;Total ram usage:        0 bytes
  3975 ;; Hardware stack levels used: 1
  3976 ;; This function calls:
  3977 ;;		Nothing
  3978 ;; This function is called by:
  3979 ;;		_main
  3980 ;; This function uses a non-reentrant model
  3981 ;;
  3982                           
  3983     01A0                     _PORT_Initialize:	
  3984                           ;psect for function _PORT_Initialize
  3985                           
  3986     01A0                     l1152:	
  3987                           ;incstack = 0
  3988                           ; Regs used in _PORT_Initialize: [status,2]
  3989                           
  3990                           
  3991                           ;main.c: 41:     LATAbits.LATA5 = 1;
  3992     01A0  0022               	movlb	2	; select bank2
  3993     01A1  168C               	bsf	12,5	;volatile
  3994                           
  3995                           ;main.c: 42:     LATAbits.LATA4 = 0;
  3996     01A2  120C               	bcf	12,4	;volatile
  3997                           
  3998                           ;main.c: 43:     LATAbits.LATA2 = 0;
  3999     01A3  110C               	bcf	12,2	;volatile
  4000                           
  4001                           ;main.c: 50:     TRISAbits.TRISA4 = 0;
  4002     01A4  0021               	movlb	1	; select bank1
  4003     01A5  120C               	bcf	12,4	;volatile
  4004                           
  4005                           ;main.c: 51:     TRISAbits.TRISA5 = 1;
  4006     01A6  168C               	bsf	12,5	;volatile
  4007                           
  4008                           ;main.c: 52:     TRISAbits.TRISA2 = 0;
  4009     01A7  110C               	bcf	12,2	;volatile
  4010     01A8                     l1154:
  4011                           
  4012                           ;main.c: 59:     ANSELA = 0x00;
  4013     01A8  0023               	movlb	3	; select bank3
  4014     01A9  018C               	clrf	12	;volatile
  4015                           
  4016                           ;main.c: 64:     WPUA = 0x00;
  4017     01AA  0024               	movlb	4	; select bank4
  4018     01AB  018C               	clrf	12	;volatile
  4019     01AC                     l1156:
  4020                           
  4021                           ;main.c: 65:     OPTION_REGbits.nWPUEN = 1;
  4022     01AC  0021               	movlb	1	; select bank1
  4023     01AD  1795               	bsf	21,7	;volatile
  4024                           
  4025                           ;main.c: 70:     ODCONA = 0x00;
  4026     01AE  0025               	movlb	5	; select bank5
  4027     01AF  018C               	clrf	12	;volatile
  4028     01B0                     l1158:
  4029                           
  4030                           ;main.c: 75:     SLRCONA = 0x37;
  4031     01B0  3037               	movlw	55
  4032     01B1  0026               	movlb	6	; select bank6
  4033     01B2  008C               	movwf	12	;volatile
  4034     01B3                     l1160:
  4035                           
  4036                           ;main.c: 80:     INLVLA = 0x3F;
  4037     01B3  303F               	movlw	63
  4038     01B4  0027               	movlb	7	; select bank7
  4039     01B5  008C               	movwf	12	;volatile
  4040     01B6                     l1162:
  4041                           
  4042                           ;main.c: 85:     APFCON = 0x84;
  4043     01B6  3084               	movlw	132
  4044     01B7  0022               	movlb	2	; select bank2
  4045     01B8  009D               	movwf	29	;volatile
  4046     01B9                     l41:
  4047     01B9  0008               	return
  4048     01BA                     __end_of_PORT_Initialize:
  4049                           
  4050                           	psect	text21
  4051     0075                     __ptext21:	
  4052 ;; *************** function _OSCILLATOR_Initialize *****************
  4053 ;; Defined at:
  4054 ;;		line 88 in file "main.c"
  4055 ;; Parameters:    Size  Location     Type
  4056 ;;		None
  4057 ;; Auto vars:     Size  Location     Type
  4058 ;;		None
  4059 ;; Return value:  Size  Location     Type
  4060 ;;                  1    wreg      void 
  4061 ;; Registers used:
  4062 ;;		status,2
  4063 ;; Tracked objects:
  4064 ;;		On entry : 0/0
  4065 ;;		On exit  : 0/0
  4066 ;;		Unchanged: 0/0
  4067 ;; Data sizes:     COMMON   BANK0   BANK1   BANK2
  4068 ;;      Params:         0       0       0       0
  4069 ;;      Locals:         0       0       0       0
  4070 ;;      Temps:          0       0       0       0
  4071 ;;      Totals:         0       0       0       0
  4072 ;;Total ram usage:        0 bytes
  4073 ;; Hardware stack levels used: 1
  4074 ;; This function calls:
  4075 ;;		Nothing
  4076 ;; This function is called by:
  4077 ;;		_main
  4078 ;; This function uses a non-reentrant model
  4079 ;;
  4080                           
  4081     0075                     _OSCILLATOR_Initialize:	
  4082                           ;psect for function _OSCILLATOR_Initialize
  4083                           
  4084     0075                     l1164:	
  4085                           ;incstack = 0
  4086                           ; Regs used in _OSCILLATOR_Initialize: [status,2]
  4087                           
  4088                           
  4089                           ;main.c: 91:     OSCCON = 0x6A;
  4090     0075  306A               	movlw	106
  4091     0076  0021               	movlb	1	; select bank1
  4092     0077  0099               	movwf	25	;volatile
  4093     0078                     l1166:
  4094                           
  4095                           ;main.c: 93:     OSCTUNE = 0x00;
  4096     0078  0198               	clrf	24	;volatile
  4097                           
  4098                           ;main.c: 95:     BORCON = 0x00;
  4099     0079  0022               	movlb	2	; select bank2
  4100     007A  0196               	clrf	22	;volatile
  4101     007B                     l44:
  4102     007B  0008               	return
  4103     007C                     __end_of_OSCILLATOR_Initialize:
  4104                           
  4105                           	psect	text22
  4106     0094                     __ptext22:	
  4107 ;; *************** function _EUSART_Read *****************
  4108 ;; Defined at:
  4109 ;;		line 113 in file "eusart.c"
  4110 ;; Parameters:    Size  Location     Type
  4111 ;;		None
  4112 ;; Auto vars:     Size  Location     Type
  4113 ;;		None
  4114 ;; Return value:  Size  Location     Type
  4115 ;;                  1    wreg      unsigned char 
  4116 ;; Registers used:
  4117 ;;		wreg, status,2
  4118 ;; Tracked objects:
  4119 ;;		On entry : 0/0
  4120 ;;		On exit  : 0/0
  4121 ;;		Unchanged: 0/0
  4122 ;; Data sizes:     COMMON   BANK0   BANK1   BANK2
  4123 ;;      Params:         0       0       0       0
  4124 ;;      Locals:         0       0       0       0
  4125 ;;      Temps:          0       0       0       0
  4126 ;;      Totals:         0       0       0       0
  4127 ;;Total ram usage:        0 bytes
  4128 ;; Hardware stack levels used: 1
  4129 ;; This function calls:
  4130 ;;		Nothing
  4131 ;; This function is called by:
  4132 ;;		_main
  4133 ;; This function uses a non-reentrant model
  4134 ;;
  4135                           
  4136     0094                     _EUSART_Read:	
  4137                           ;psect for function _EUSART_Read
  4138                           
  4139     0094                     l1346:	
  4140                           ;incstack = 0
  4141                           ; Regs used in _EUSART_Read: [wreg+status,2]
  4142                           
  4143     0094                     l224:	
  4144                           ;eusart.c: 116:     {;eusart.c: 117:     }
  4145                           
  4146                           
  4147                           ;eusart.c: 115:     while(!PIR1bits.RCIF)
  4148     0094  0020               	movlb	0	; select bank0
  4149     0095  1E91               	btfss	17,5	;volatile
  4150     0096  2898               	goto	u621
  4151     0097  2899               	goto	u620
  4152     0098                     u621:
  4153     0098  2894               	goto	l224
  4154     0099                     u620:
  4155     0099                     l1348:
  4156                           
  4157                           ;eusart.c: 119:     eusartRxLastError.status = 0;
  4158     0099  01A7               	clrf	_eusartRxLastError	;volatile
  4159     009A                     l1350:
  4160                           
  4161                           ;eusart.c: 121:     if(1 == RCSTAbits.OERR)
  4162     009A  0023               	movlb	3	; select bank3
  4163     009B  1C9D               	btfss	29,1	;volatile
  4164     009C  289E               	goto	u631
  4165     009D  289F               	goto	u630
  4166     009E                     u631:
  4167     009E  28A1               	goto	l1354
  4168     009F                     u630:
  4169     009F                     l1352:
  4170                           
  4171                           ;eusart.c: 122:     {;eusart.c: 125:         RCSTAbits.CREN = 0;
  4172     009F  121D               	bcf	29,4	;volatile
  4173                           
  4174                           ;eusart.c: 126:         RCSTAbits.CREN = 1;
  4175     00A0  161D               	bsf	29,4	;volatile
  4176     00A1                     l1354:
  4177                           
  4178                           ;eusart.c: 129:     return RCREG;
  4179     00A1  0819               	movf	25,w	;volatile
  4180     00A2                     l228:
  4181     00A2  0008               	return
  4182     00A3                     __end_of_EUSART_Read:
  4183                           
  4184                           	psect	text23
  4185     01F8                     __ptext23:	
  4186 ;; *************** function _EUSART_Initialize *****************
  4187 ;; Defined at:
  4188 ;;		line 66 in file "eusart.c"
  4189 ;; Parameters:    Size  Location     Type
  4190 ;;		None
  4191 ;; Auto vars:     Size  Location     Type
  4192 ;;		None
  4193 ;; Return value:  Size  Location     Type
  4194 ;;                  1    wreg      void 
  4195 ;; Registers used:
  4196 ;;		wreg, status,2, status,0, pclath, cstack
  4197 ;; Tracked objects:
  4198 ;;		On entry : 0/0
  4199 ;;		On exit  : 0/0
  4200 ;;		Unchanged: 0/0
  4201 ;; Data sizes:     COMMON   BANK0   BANK1   BANK2
  4202 ;;      Params:         0       0       0       0
  4203 ;;      Locals:         0       0       0       0
  4204 ;;      Temps:          0       0       0       0
  4205 ;;      Totals:         0       0       0       0
  4206 ;;Total ram usage:        0 bytes
  4207 ;; Hardware stack levels used: 1
  4208 ;; Hardware stack levels required when called: 1
  4209 ;; This function calls:
  4210 ;;		_EUSART_SetErrorHandler
  4211 ;;		_EUSART_SetFramingErrorHandler
  4212 ;;		_EUSART_SetOverrunErrorHandler
  4213 ;; This function is called by:
  4214 ;;		_main
  4215 ;; This function uses a non-reentrant model
  4216 ;;
  4217                           
  4218     01F8                     _EUSART_Initialize:	
  4219                           ;psect for function _EUSART_Initialize
  4220                           
  4221     01F8                     l1334:	
  4222                           ;incstack = 0
  4223                           ; Regs used in _EUSART_Initialize: [wreg+status,2+status,0+pclath+cstack]
  4224                           
  4225                           
  4226                           ;eusart.c: 71:     BAUDCON = 0x08;
  4227     01F8  3008               	movlw	8
  4228     01F9  0023               	movlb	3	; select bank3
  4229     01FA  009F               	movwf	31	;volatile
  4230                           
  4231                           ;eusart.c: 74:     RCSTA = 0x90;
  4232     01FB  3090               	movlw	144
  4233     01FC  009D               	movwf	29	;volatile
  4234                           
  4235                           ;eusart.c: 77:     TXSTA = 0x24;
  4236     01FD  3024               	movlw	36
  4237     01FE  009E               	movwf	30	;volatile
  4238                           
  4239                           ;eusart.c: 80:     SPBRGL = 0x67;
  4240     01FF  3067               	movlw	103
  4241     0200  009B               	movwf	27	;volatile
  4242     0201                     l1336:
  4243                           
  4244                           ;eusart.c: 83:     SPBRGH = 0x00;
  4245     0201  019C               	clrf	28	;volatile
  4246     0202                     l1338:
  4247                           
  4248                           ;eusart.c: 86:     EUSART_SetFramingErrorHandler(EUSART_DefaultFramingErrorHandler);
  4249     0202  3000               	movlw	0
  4250     0203  00F0               	movwf	EUSART_SetFramingErrorHandler@interruptHandler
  4251     0204  3000               	movlw	0
  4252     0205  00F1               	movwf	EUSART_SetFramingErrorHandler@interruptHandler+1
  4253     0206  3180  2069  3181   	fcall	_EUSART_SetFramingErrorHandler
  4254     0209                     l1340:
  4255                           
  4256                           ;eusart.c: 87:     EUSART_SetOverrunErrorHandler(EUSART_DefaultOverrunErrorHandler);
  4257     0209  3000               	movlw	0
  4258     020A  00F0               	movwf	EUSART_SetOverrunErrorHandler@interruptHandler
  4259     020B  3000               	movlw	0
  4260     020C  00F1               	movwf	EUSART_SetOverrunErrorHandler@interruptHandler+1
  4261     020D  3180  206F  3181   	fcall	_EUSART_SetOverrunErrorHandler
  4262     0210                     l1342:
  4263                           
  4264                           ;eusart.c: 88:     EUSART_SetErrorHandler(EUSART_DefaultErrorHandler);
  4265     0210  3000               	movlw	0
  4266     0211  00F0               	movwf	EUSART_SetErrorHandler@interruptHandler
  4267     0212  3000               	movlw	0
  4268     0213  00F1               	movwf	EUSART_SetErrorHandler@interruptHandler+1
  4269     0214  3180  2063  3181   	fcall	_EUSART_SetErrorHandler
  4270     0217                     l1344:
  4271                           
  4272                           ;eusart.c: 90:     eusartRxLastError.status = 0;
  4273     0217  0020               	movlb	0	; select bank0
  4274     0218  01A7               	clrf	_eusartRxLastError	;volatile
  4275     0219                     l207:
  4276     0219  0008               	return
  4277     021A                     __end_of_EUSART_Initialize:
  4278                           
  4279                           	psect	text24
  4280     006F                     __ptext24:	
  4281 ;; *************** function _EUSART_SetOverrunErrorHandler *****************
  4282 ;; Defined at:
  4283 ;;		line 161 in file "eusart.c"
  4284 ;; Parameters:    Size  Location     Type
  4285 ;;  interruptHan    2    0[COMMON] PTR FTN()void 
  4286 ;;		 -> EUSART_DefaultOverrunErrorHandler(1), 
  4287 ;; Auto vars:     Size  Location     Type
  4288 ;;		None
  4289 ;; Return value:  Size  Location     Type
  4290 ;;                  1    wreg      void 
  4291 ;; Registers used:
  4292 ;;		wreg
  4293 ;; Tracked objects:
  4294 ;;		On entry : 0/0
  4295 ;;		On exit  : 0/0
  4296 ;;		Unchanged: 0/0
  4297 ;; Data sizes:     COMMON   BANK0   BANK1   BANK2
  4298 ;;      Params:         2       0       0       0
  4299 ;;      Locals:         0       0       0       0
  4300 ;;      Temps:          0       0       0       0
  4301 ;;      Totals:         2       0       0       0
  4302 ;;Total ram usage:        2 bytes
  4303 ;; Hardware stack levels used: 1
  4304 ;; This function calls:
  4305 ;;		Nothing
  4306 ;; This function is called by:
  4307 ;;		_EUSART_Initialize
  4308 ;; This function uses a non-reentrant model
  4309 ;;
  4310                           
  4311     006F                     _EUSART_SetOverrunErrorHandler:	
  4312                           ;psect for function _EUSART_SetOverrunErrorHandler
  4313                           
  4314     006F                     l1148:	
  4315                           ;incstack = 0
  4316                           ; Regs used in _EUSART_SetOverrunErrorHandler: [wreg]
  4317                           
  4318                           
  4319                           ;eusart.c: 162:     EUSART_OverrunErrorHandler = interruptHandler;
  4320     006F  0871               	movf	EUSART_SetOverrunErrorHandler@interruptHandler+1,w
  4321     0070  0020               	movlb	0	; select bank0
  4322     0071  00AB               	movwf	_EUSART_OverrunErrorHandler+1
  4323     0072  0870               	movf	EUSART_SetOverrunErrorHandler@interruptHandler,w
  4324     0073  00AA               	movwf	_EUSART_OverrunErrorHandler
  4325     0074                     l249:
  4326     0074  0008               	return
  4327     0075                     __end_of_EUSART_SetOverrunErrorHandler:
  4328                           
  4329                           	psect	text25
  4330     0069                     __ptext25:	
  4331 ;; *************** function _EUSART_SetFramingErrorHandler *****************
  4332 ;; Defined at:
  4333 ;;		line 157 in file "eusart.c"
  4334 ;; Parameters:    Size  Location     Type
  4335 ;;  interruptHan    2    0[COMMON] PTR FTN()void 
  4336 ;;		 -> EUSART_DefaultFramingErrorHandler(1), 
  4337 ;; Auto vars:     Size  Location     Type
  4338 ;;		None
  4339 ;; Return value:  Size  Location     Type
  4340 ;;                  1    wreg      void 
  4341 ;; Registers used:
  4342 ;;		wreg
  4343 ;; Tracked objects:
  4344 ;;		On entry : 0/0
  4345 ;;		On exit  : 0/0
  4346 ;;		Unchanged: 0/0
  4347 ;; Data sizes:     COMMON   BANK0   BANK1   BANK2
  4348 ;;      Params:         2       0       0       0
  4349 ;;      Locals:         0       0       0       0
  4350 ;;      Temps:          0       0       0       0
  4351 ;;      Totals:         2       0       0       0
  4352 ;;Total ram usage:        2 bytes
  4353 ;; Hardware stack levels used: 1
  4354 ;; This function calls:
  4355 ;;		Nothing
  4356 ;; This function is called by:
  4357 ;;		_EUSART_Initialize
  4358 ;; This function uses a non-reentrant model
  4359 ;;
  4360                           
  4361     0069                     _EUSART_SetFramingErrorHandler:	
  4362                           ;psect for function _EUSART_SetFramingErrorHandler
  4363                           
  4364     0069                     l1146:	
  4365                           ;incstack = 0
  4366                           ; Regs used in _EUSART_SetFramingErrorHandler: [wreg]
  4367                           
  4368                           
  4369                           ;eusart.c: 158:     EUSART_FramingErrorHandler = interruptHandler;
  4370     0069  0871               	movf	EUSART_SetFramingErrorHandler@interruptHandler+1,w
  4371     006A  0020               	movlb	0	; select bank0
  4372     006B  00AD               	movwf	_EUSART_FramingErrorHandler+1
  4373     006C  0870               	movf	EUSART_SetFramingErrorHandler@interruptHandler,w
  4374     006D  00AC               	movwf	_EUSART_FramingErrorHandler
  4375     006E                     l246:
  4376     006E  0008               	return
  4377     006F                     __end_of_EUSART_SetFramingErrorHandler:
  4378                           
  4379                           	psect	text26
  4380     0063                     __ptext26:	
  4381 ;; *************** function _EUSART_SetErrorHandler *****************
  4382 ;; Defined at:
  4383 ;;		line 165 in file "eusart.c"
  4384 ;; Parameters:    Size  Location     Type
  4385 ;;  interruptHan    2    0[COMMON] PTR FTN()void 
  4386 ;;		 -> EUSART_DefaultErrorHandler(1), 
  4387 ;; Auto vars:     Size  Location     Type
  4388 ;;		None
  4389 ;; Return value:  Size  Location     Type
  4390 ;;                  1    wreg      void 
  4391 ;; Registers used:
  4392 ;;		wreg
  4393 ;; Tracked objects:
  4394 ;;		On entry : 0/0
  4395 ;;		On exit  : 0/0
  4396 ;;		Unchanged: 0/0
  4397 ;; Data sizes:     COMMON   BANK0   BANK1   BANK2
  4398 ;;      Params:         2       0       0       0
  4399 ;;      Locals:         0       0       0       0
  4400 ;;      Temps:          0       0       0       0
  4401 ;;      Totals:         2       0       0       0
  4402 ;;Total ram usage:        2 bytes
  4403 ;; Hardware stack levels used: 1
  4404 ;; This function calls:
  4405 ;;		Nothing
  4406 ;; This function is called by:
  4407 ;;		_EUSART_Initialize
  4408 ;; This function uses a non-reentrant model
  4409 ;;
  4410                           
  4411     0063                     _EUSART_SetErrorHandler:	
  4412                           ;psect for function _EUSART_SetErrorHandler
  4413                           
  4414     0063                     l1150:	
  4415                           ;incstack = 0
  4416                           ; Regs used in _EUSART_SetErrorHandler: [wreg]
  4417                           
  4418                           
  4419                           ;eusart.c: 166:     EUSART_ErrorHandler = interruptHandler;
  4420     0063  0871               	movf	EUSART_SetErrorHandler@interruptHandler+1,w
  4421     0064  0020               	movlb	0	; select bank0
  4422     0065  00A9               	movwf	_EUSART_ErrorHandler+1
  4423     0066  0870               	movf	EUSART_SetErrorHandler@interruptHandler,w
  4424     0067  00A8               	movwf	_EUSART_ErrorHandler
  4425     0068                     l252:
  4426     0068  0008               	return
  4427     0069                     __end_of_EUSART_SetErrorHandler:
  4428     0000                     ___latbits      equ	0
  4429     007E                     btemp           set	126	;btemp
  4430     007E                     wtemp0          set	126
  4431                           
  4432                           	psect	idloc
  4433                           
  4434                           ;Config register IDLOC0 @ 0x8000
  4435                           ;	unspecified, using default values
  4436     8000                     	org	32768
  4437     8000  3FFF               	dw	16383
  4438                           
  4439                           ;Config register IDLOC1 @ 0x8001
  4440                           ;	unspecified, using default values
  4441     8001                     	org	32769
  4442     8001  3FFF               	dw	16383
  4443                           
  4444                           ;Config register IDLOC2 @ 0x8002
  4445                           ;	unspecified, using default values
  4446     8002                     	org	32770
  4447     8002  3FFF               	dw	16383
  4448                           
  4449                           ;Config register IDLOC3 @ 0x8003
  4450                           ;	unspecified, using default values
  4451     8003                     	org	32771
  4452     8003  3FFF               	dw	16383
  4453                           
  4454                           	psect	config
  4455                           
  4456                           ;Config register CONFIG1 @ 0x8007
  4457                           ;	
  4458                           ;	FOSC = INTOSC, INTOSC oscillator; I/O function on CLKIN pin
  4459                           ;	Watchdog Timer Enable
  4460                           ;	WDTE = OFF, WDT disabled
  4461                           ;	Power-up Timer Enable
  4462                           ;	PWRTE = OFF, PWRT disabled
  4463                           ;	MCLR Pin Function Select
  4464                           ;	MCLRE = ON, MCLR/VPP pin function is MCLR
  4465                           ;	Flash Program Memory Code Protection
  4466                           ;	CP = OFF, Program memory code protection is disabled
  4467                           ;	Brown-out Reset Enable
  4468                           ;	BOREN = ON, Brown-out Reset enabled
  4469                           ;	Clock Out Enable
  4470                           ;	CLKOUTEN = OFF, CLKOUT function is disabled. I/O or oscillator function on the CLKOUT 
      +                          pin
  4471     8007                     	org	32775
  4472     8007  3FE4               	dw	16356
  4473                           
  4474                           ;Config register CONFIG2 @ 0x8008
  4475                           ;	Flash Memory Self-Write Protection
  4476                           ;	WRT = OFF, Write protection off
  4477                           ;	PLL Enable
  4478                           ;	PLLEN = OFF, 4x PLL disabled
  4479                           ;	Stack Overflow/Underflow Reset Enable
  4480                           ;	STVREN = ON, Stack Overflow or Underflow will cause a Reset
  4481                           ;	Brown-out Reset Voltage Selection
  4482                           ;	BORV = LO, Brown-out Reset Voltage (Vbor), low trip point selected.
  4483                           ;	Low Power Brown-out Reset enable bit
  4484                           ;	LPBOREN = OFF, LPBOR is disabled
  4485                           ;	Low-Voltage Programming Enable
  4486                           ;	LVP = ON, Low-voltage programming enabled
  4487     8008                     	org	32776
  4488     8008  3EFF               	dw	16127

Data Sizes:
    Strings     870
    Constant    0
    Data        0
    BSS         8
    Persistent  38
    Stack       0

Auto Spaces:
    Space          Size  Autos    Used
    COMMON           14     14      14
    BANK0            80      5      19
    BANK1            80      0       0
    BANK2            80      0       0

Pointer List with Targets:

    EUSART_ErrorHandler	PTR FTN()void  size(2) Largest target is 1
		 -> EUSART_DefaultErrorHandler(), NULL(), 

    EUSART_FramingErrorHandler	PTR FTN()void  size(2) Largest target is 1
		 -> EUSART_DefaultFramingErrorHandler(), NULL(), 

    EUSART_OverrunErrorHandler	PTR FTN()void  size(2) Largest target is 1
		 -> EUSART_DefaultOverrunErrorHandler(), NULL(), 

    EUSART_SetErrorHandler@interruptHandler	PTR FTN()void  size(2) Largest target is 1
		 -> EUSART_DefaultErrorHandler(), 

    EUSART_SetFramingErrorHandler@interruptHandler	PTR FTN()void  size(2) Largest target is 1
		 -> EUSART_DefaultFramingErrorHandler(), 

    EUSART_SetOverrunErrorHandler@interruptHandler	PTR FTN()void  size(2) Largest target is 1
		 -> EUSART_DefaultOverrunErrorHandler(), 

    UART_SendString@str	PTR const unsigned char  size(2) Largest target is 56
		 -> STR_1(CODE[46]), STR_10(CODE[18]), STR_11(CODE[40]), STR_12(CODE[18]), 
		 -> STR_13(CODE[44]), STR_14(CODE[18]), STR_15(CODE[42]), STR_16(CODE[18]), 
		 -> STR_17(CODE[47]), STR_18(CODE[18]), STR_19(CODE[49]), STR_2(CODE[18]), 
		 -> STR_20(CODE[18]), STR_21(CODE[48]), STR_22(CODE[18]), STR_23(CODE[18]), 
		 -> STR_24(CODE[43]), STR_25(CODE[56]), STR_26(CODE[18]), STR_27(CODE[31]), 
		 -> STR_28(CODE[14]), STR_3(CODE[44]), STR_4(CODE[18]), STR_5(CODE[44]), 
		 -> STR_6(CODE[18]), STR_7(CODE[43]), STR_8(CODE[18]), STR_9(CODE[45]), 


Critical Paths under _main in COMMON

    _main->_test_LDR_fixed_vs_changing
    _test_LDR_one_obstructed->_ADC_Compare
    _test_LDR_noise_tolerance->_ADC_Compare
    _test_LDR_intermittent_light->_ADC_Compare
    _test_LDR_gradual_light_change->_ADC_Compare
    _test_LDR_fixed_vs_changing->_ADC_Compare
    _test_LDR_faulty_sensor->_ADC_Compare
    _test_LDR_equal_light->_ADC_Compare
    _test_LDR_darkness_trigger_logic->_UART_SendString
    _test_LDR_calibration_drift->_ADC_Compare
    _test_LDR_both_dark->_ADC_Compare
    _test_LDR_both_bright->_ADC_Compare
    _test_LDR1_dark_LDR2_bright->_ADC_Compare
    _test_LDR1_bright_LDR2_dark->_ADC_Compare
    _UART_SendString->_EUSART_Write
    _EUSART_Initialize->_EUSART_SetErrorHandler
    _EUSART_Initialize->_EUSART_SetFramingErrorHandler
    _EUSART_Initialize->_EUSART_SetOverrunErrorHandler

Critical Paths under _main in BANK0

    None.

Critical Paths under _main in BANK1

    None.

Critical Paths under _main in BANK2

    None.

Call Graph Tables:

 ---------------------------------------------------------------------------------
 (Depth) Function   	        Calls       Base Space   Used Autos Params    Refs
 ---------------------------------------------------------------------------------
 (0) _main                                                 5     5      0    4899
                                              0 BANK0      5     5      0
                  _EUSART_Initialize
                        _EUSART_Read
              _OSCILLATOR_Initialize
                    _PORT_Initialize
                    _UART_SendString
                     _WDT_Initialize
                             ___bmul
         _test_LDR1_bright_LDR2_dark
         _test_LDR1_dark_LDR2_bright
               _test_LDR_both_bright
                 _test_LDR_both_dark
         _test_LDR_calibration_drift
    _test_LDR_darkness_trigger_logic
               _test_LDR_equal_light
             _test_LDR_faulty_sensor
         _test_LDR_fixed_vs_changing
      _test_LDR_gradual_light_change
        _test_LDR_intermittent_light
           _test_LDR_noise_tolerance
            _test_LDR_one_obstructed
 ---------------------------------------------------------------------------------
 (1) _test_LDR_one_obstructed                              0     0      0     338
                        _ADC_Compare
                    _UART_SendString
 ---------------------------------------------------------------------------------
 (1) _test_LDR_noise_tolerance                             0     0      0     338
                        _ADC_Compare
                    _UART_SendString
 ---------------------------------------------------------------------------------
 (1) _test_LDR_intermittent_light                          0     0      0     338
                        _ADC_Compare
                    _UART_SendString
 ---------------------------------------------------------------------------------
 (1) _test_LDR_gradual_light_change                        0     0      0     338
                        _ADC_Compare
                    _UART_SendString
 ---------------------------------------------------------------------------------
 (1) _test_LDR_fixed_vs_changing                           2     2      0     406
                                             12 COMMON     2     2      0
                        _ADC_Compare
                    _UART_SendString
 ---------------------------------------------------------------------------------
 (1) _test_LDR_faulty_sensor                               0     0      0     338
                        _ADC_Compare
                    _UART_SendString
 ---------------------------------------------------------------------------------
 (1) _test_LDR_equal_light                                 0     0      0     338
                        _ADC_Compare
                    _UART_SendString
 ---------------------------------------------------------------------------------
 (1) _test_LDR_darkness_trigger_logic                      0     0      0     102
                    _UART_SendString
 ---------------------------------------------------------------------------------
 (1) _test_LDR_calibration_drift                           0     0      0     338
                        _ADC_Compare
                    _UART_SendString
 ---------------------------------------------------------------------------------
 (1) _test_LDR_both_dark                                   0     0      0     338
                        _ADC_Compare
                    _UART_SendString
 ---------------------------------------------------------------------------------
 (1) _test_LDR_both_bright                                 0     0      0     338
                        _ADC_Compare
                    _UART_SendString
 ---------------------------------------------------------------------------------
 (1) _test_LDR1_dark_LDR2_bright                           0     0      0     338
                        _ADC_Compare
                    _UART_SendString
 ---------------------------------------------------------------------------------
 (1) _test_LDR1_bright_LDR2_dark                           0     0      0     338
                        _ADC_Compare
                    _UART_SendString
 ---------------------------------------------------------------------------------
 (2) _UART_SendString                                      3     1      2     102
                                              1 COMMON     3     1      2
                       _EUSART_Write
                  _EUSART_is_tx_done
 ---------------------------------------------------------------------------------
 (3) _EUSART_is_tx_done                                    0     0      0       0
 ---------------------------------------------------------------------------------
 (3) _EUSART_Write                                         1     1      0      29
                                              0 COMMON     1     1      0
 ---------------------------------------------------------------------------------
 (2) _ADC_Compare                                         12     7      5     236
                                              0 COMMON    12     7      5
 ---------------------------------------------------------------------------------
 (1) ___bmul                                               3     2      1     108
                                              0 COMMON     3     2      1
 ---------------------------------------------------------------------------------
 (1) _WDT_Initialize                                       0     0      0       0
 ---------------------------------------------------------------------------------
 (1) _PORT_Initialize                                      0     0      0       0
 ---------------------------------------------------------------------------------
 (1) _OSCILLATOR_Initialize                                0     0      0       0
 ---------------------------------------------------------------------------------
 (1) _EUSART_Read                                          0     0      0       0
 ---------------------------------------------------------------------------------
 (1) _EUSART_Initialize                                    0     0      0      69
             _EUSART_SetErrorHandler
      _EUSART_SetFramingErrorHandler
      _EUSART_SetOverrunErrorHandler
 ---------------------------------------------------------------------------------
 (2) _EUSART_SetOverrunErrorHandler                        2     0      2      23
                                              0 COMMON     2     0      2
 ---------------------------------------------------------------------------------
 (2) _EUSART_SetFramingErrorHandler                        2     0      2      23
                                              0 COMMON     2     0      2
 ---------------------------------------------------------------------------------
 (2) _EUSART_SetErrorHandler                               2     0      2      23
                                              0 COMMON     2     0      2
 ---------------------------------------------------------------------------------
 Estimated maximum stack depth 3
 ---------------------------------------------------------------------------------

 Call Graph Graphs:

 _main (ROOT)
   _EUSART_Initialize
     _EUSART_SetErrorHandler
     _EUSART_SetFramingErrorHandler
     _EUSART_SetOverrunErrorHandler
   _EUSART_Read
   _OSCILLATOR_Initialize
   _PORT_Initialize
   _UART_SendString
     _EUSART_Write
     _EUSART_is_tx_done
   _WDT_Initialize
   ___bmul
   _test_LDR1_bright_LDR2_dark
     _ADC_Compare
     _UART_SendString
   _test_LDR1_dark_LDR2_bright
     _ADC_Compare
     _UART_SendString
   _test_LDR_both_bright
     _ADC_Compare
     _UART_SendString
   _test_LDR_both_dark
     _ADC_Compare
     _UART_SendString
   _test_LDR_calibration_drift
     _ADC_Compare
     _UART_SendString
   _test_LDR_darkness_trigger_logic
     _UART_SendString
   _test_LDR_equal_light
     _ADC_Compare
     _UART_SendString
   _test_LDR_faulty_sensor
     _ADC_Compare
     _UART_SendString
   _test_LDR_fixed_vs_changing
     _ADC_Compare
     _UART_SendString
   _test_LDR_gradual_light_change
     _ADC_Compare
     _UART_SendString
   _test_LDR_intermittent_light
     _ADC_Compare
     _UART_SendString
   _test_LDR_noise_tolerance
     _ADC_Compare
     _UART_SendString
   _test_LDR_one_obstructed
     _ADC_Compare
     _UART_SendString

Address spaces:
Name               Size   Autos  Total    Usage
BITCOMMON           14      0       0      0.0%
BITBANK0            80      0       0      0.0%
BITBANK1            80      0       0      0.0%
BITBANK2            80      0       0      0.0%
BIGRAM             240      0       0      0.0%
COMMON              14     14      14    100.0%
BANK0               80      5      19     23.8%
BANK1               80      0       0      0.0%
BANK2               80      0       0      0.0%
STACK                0      0       0      0.0%
DATA                 0      0      33      0.0%


Microchip Technology PIC Macro Assembler V3.00 build 20241204225717 
Symbol Table                                                                                   Thu Jul 24 10:05:39 2025

                               ___bmul@product 0071                                             l41 01B9  
                                           l44 007B                                             l62 071B  
                                           l47 005E                                             l63 0723  
                                           l56 01D8                                             l73 03FE  
                                           l83 045C                                             l68 04E9  
                                           l93 05D4                                             l78 03CF  
                                           l88 042D                                             l98 05A5  
                                          l103 0547                                            l113 048B  
                                          l124 06DD                                            l108 0576  
                                          l118 0518                                            l207 0219  
                                          l231 007D                                            l224 0094  
                                          l129 04BA                                            l234 0085  
                                          l218 0062                                            l252 0068  
                                          l228 00A2                                            l246 006E  
                                          l249 0074                                            l346 019F  
                                          u400 06E8                                            u401 06E7  
                                          u410 06FA                                            u411 06F8  
                                          u420 06FB                                            u500 0449  
                                          u405 06E4                                            u501 0448  
                                          u430 0714                                            u510 041A  
                                          u431 0712                                            u415 06F5  
                                          u511 0419                                            u440 0715  
                                          u600 049E                                            u520 05C1  
                                          u601 049D                                            u521 05C0  
                                          u450 0722                                            u370 0082  
                                          u610 04A7                                            u530 0592  
                                          u451 0720                                            u435 070F  
                                          u371 0081                                            u611 04A6  
                                          u531 0591                                            u620 0099  
                                          u460 0723                                            u380 01CF  
                                          u540 0534                                            u700 077E  
                                          u621 0098                                            u381 01CE  
                                          u541 0533                                            u701 077D  
                                          u630 009F                                            u390 01D8  
                                          u470 04D6                                            u550 0563  
                                          u631 009E                                            u391 01D7  
                                          u471 04D5                                            u551 0562  
                                          u640 0193                                            u480 03EB  
                                          u560 0478                                            u641 0192  
                                          u481 03EA                                            u561 0477  
                                          u650 019E                                            u490 03BC  
                                          u570 0505                                            u651 019D  
                                          u491 03BB                                            u571 0504  
                                          u580 06BD                                            u660 0757  
                                          u581 06BC                                            u661 0756  
                                          u590 06D4                                            u670 0761  
                                          u591 06D3                                            u671 0760  
                                          u680 076B                                            u681 076A  
                                          u690 0778                                            u691 0777  
               ?_EUSART_SetFramingErrorHandler 0070                   __end_of_test_LDR_equal_light 04EA  
                                 ?_EUSART_Read 0070                                           l1120 007D  
                                         l1200 03C3                                           l1122 0082  
                                         l1130 01BB                                           l1202 03C6  
                                         l1210 0449                                           l1140 06E8  
                                         l1124 005F                                           l1132 01C3  
                                         l1204 03CD                                           l1220 0408  
                                         l1212 0450                                           l1300 0516  
                                         l1150 0063                                           l1142 0702  
                                         l1134 01C7                                           l1222 041A  
                                         l1214 0453                                           l1206 042E  
                                         l1310 06BD                                           l1302 069D  
                                         l1230 05A6                                           l1160 01B3  
                                         l1152 01A0                                           l1136 01CF  
                                         l1128 01BA                                           l1224 0421  
                                         l1216 045A                                           l1208 0437  
                                         l1320 06DB                                           l1312 06C4  
                                         l1240 05D2                                           l1232 05AF  
                                         l1400 0761                                           l1146 0069  
                                         l1162 01B6                                           l1154 01A8  
                                         l1138 06DE                                           l1226 0424  
                                         l1218 03FF                                           l1330 04B1  
                                         l1322 048C                                           l1170 04BB  
                                         l1306 06A6                                           l1250 059C  
                                         l1242 0577                                           l1234 05C1  
                                         l1410 0782                                           l1402 076B  
                                         l1148 006F                                           l1340 0209  
                                         l1164 0075                                           l1156 01AC  
                                         l1228 042B                                           l1332 04B8  
                                         l1324 049E                                           l1180 04E7  
                                         l1172 04C4                                           l1316 06C7  
                                         l1308 06AB                                           l1260 053B  
                                         l1252 05A3                                           l1244 0580  
                                         l1236 05C8                                           l1420 079D  
                                         l1412 078D                                           l1404 076D  
                                         l1342 0210                                           l1334 01F8  
                                         l1350 009A                                           l1166 0078  
                                         l1158 01B0                                           l1190 03F5  
                                         l1182 03D0                                           l1326 04A7  
                                         l1174 04D6                                           l1318 06D4  
                                         l1262 053E                                           l1254 0519  
                                         l1270 0563                                           l1246 0592  
                                         l1238 05CB                                           l1430 07B1  
                                         l1422 07A1                                           l1414 0791  
                                         l1406 0778                                           l1344 0217  
                                         l1336 0201                                           l1352 009F  
                                         l1168 005B                                           l1360 018F  
                                         l1192 03FC                                           l1184 03D9  
                                         l1280 0466                                           l1328 04AE  
                                         l1176 04DD                                           l1264 0545  
                                         l1256 0522                                           l1272 056A  
                                         l1248 0599                                           l1440 07C8  
                                         l1432 07B5                                           l1424 07A5  
                                         l1416 0795                                           l1408 077E  
                                         l1338 0202                                           l1354 00A1  
                                         l1346 0094                                           l1362 0193  
                                         l1194 03A1                                           l1186 03EB  
                                         l1282 0478                                           l1178 04E0  
                                         l1290 04EA                                           l1258 0534  
                                         l1274 056D                                           l1266 0548  
                                         l1434 07B9                                           l1426 07A9  
                                         l1418 0799                                           l1348 0099  
                                         l1364 0195                                           l1196 03AA  
                                         l1188 03F2                                           l1284 047F  
                                         l1292 04F3                                           l1276 0574  
                                         l1268 0551                                           l1436 07BD  
                                         l1428 07AD                                           l1444 07CB  
                                         l1380 072E                                           l1372 0724  
                                         l1366 0197                                           l1358 018E  
                                         l1198 03BC                                           l1286 0482  
                                         l1278 045D                                           l1294 0505  
                                         l1438 07C1                                           l1390 073B  
                                         l1382 0731                                           l1374 0724  
                                         l1368 019E                                           l1288 0489  
                                         l1296 050C                                           l1392 073C  
                                         l1384 0737                                           l1376 072B  
                                         l1298 050F                                           l1394 0743  
                                         l1386 0739                                           l1378 072B  
                                         l1396 074C                                           l1388 073A  
                                         l1398 0757                                           STR_1 0373  
                                         STR_2 0169                                           STR_3 02C2  
                                         STR_4 0145                                           STR_5 02EE  
                                         STR_6 0121                                           STR_7 026C  
                                         STR_8 00FD                                           STR_9 0346  
                                         _WPUA 020C                                           _main 0724  
                                         fsr0h 0005                                           fsr1h 0007  
                                         indf0 0000                                           fsr0l 0004  
                                         indf1 0001                                           fsr1l 0006  
                                         btemp 007E                                           start 0001  
                            ___bmul@multiplier 0072                                  ?_EUSART_Write 0070  
                __end_of_OSCILLATOR_Initialize 007C                                          ?_main 0070  
                                        STR_10 00EB                                          STR_11 021A  
                                        STR_12 00D9                                          STR_20 017B  
                                        STR_13 031A                                          STR_21 0604  
                                        STR_14 00C7                                          STR_22 0157  
                                        STR_23 0133                                          STR_15 0242  
                                        STR_16 00B5                                          STR_24 0297  
                                        STR_17 05D5                                          STR_25 0665  
                                        STR_18 00A3                                          STR_26 010F  
                                        STR_27 01D9                                          STR_19 0634  
                                        STR_28 0086                                          _RCREG 0199  
                                        _RCSTA 019D                                          _TXREG 019A  
                                        _TXSTA 019E                                 _WDT_Initialize 005B  
                             ?_UART_SendString 0071                                          status 0003  
                                        wtemp0 007E                              ??_PORT_Initialize 0070  
                              __initialization 07F5                                   __end_of_main 07F5  
                         _test_LDR_both_bright 03FF                                 ??_EUSART_Write 0070  
                  ?_test_LDR_calibration_drift 0070                                         ??_main 007E  
                       __end_of_WDT_Initialize 005F              _EUSART_DefaultFramingErrorHandler 0000  
                   _EUSART_OverrunErrorHandler 002A                                         _APFCON 011D  
                                       _ANSELA 018C                                         _BORCON 0116  
                                       _ODCONA 028C                                         _INLVLA 038C  
                  ?_test_LDR1_bright_LDR2_dark 0070                                         _OSCCON 0099  
                                       _SPBRGH 019C                                         _SPBRGL 019B  
                                       _WDTCON 0097                                         ___bmul 018D  
                  ?_test_LDR_fixed_vs_changing 0070                          ?_test_LDR_both_bright 0070  
                  test_LDR_fixed_vs_changing@i 007C                           _test_LDR_equal_light 04BB  
                              ?_WDT_Initialize 0070                     __end_of_test_LDR_both_dark 045D  
                     _test_LDR_noise_tolerance 0577                        __end_of__initialization 07FE  
          __end_of_test_LDR_intermittent_light 0577                    _test_LDR_intermittent_light 0548  
                          ___bmul@multiplicand 0070                                 __pcstackCOMMON 0070  
                        ?_test_LDR_equal_light 0070                ??_test_LDR_gradual_light_change 007C  
                               _OPTION_REGbits 0095                ??_EUSART_SetOverrunErrorHandler 0072  
                     ??_test_LDR_faulty_sensor 007C                                     __pbssBANK0 0020  
                         __end_of_EUSART_Write 0086                        _test_LDR_one_obstructed 05A6  
                       ??_test_LDR_both_bright 007C                                     __pmaintext 0724  
                                      ?___bmul 0070                                        _BAUDCON 019F  
                                ??_ADC_Compare 0075                                _PORT_Initialize 01A0  
                                      _OSCTUNE 0098                                main@TestcaseSel 002E  
                                      _SLRCONA 030C                       ??_EUSART_SetErrorHandler 0072  
                                 ADC_Compare@a 0070                                   ADC_Compare@b 0072  
                           UART_SendString@str 0071                         ??_test_LDR_equal_light 007C  
                                      __ptext1 05A6                                        __ptext2 0577  
                                      __ptext3 0548                                        __ptext4 0519  
                                      __ptext5 069D                                        __ptext6 04EA  
                                      __ptext7 04BB                                        __ptext8 048C  
                                      __ptext9 045D                          _OSCILLATOR_Initialize 0075  
        __end_of_test_LDR_gradual_light_change 0548                  _test_LDR_gradual_light_change 0519  
                         end_of_initialization 07FE                            __end_of_ADC_Compare 0724  
                    ??_test_LDR_one_obstructed 007C          __end_of_EUSART_SetOverrunErrorHandler 0075  
                _EUSART_SetOverrunErrorHandler 006F                              _EUSART_Initialize 01F8  
                           ?_EUSART_Initialize 0070                                      _RCSTAbits 019D  
                          ??_EUSART_Initialize 0072                               ??_WDT_Initialize 0070  
                      __end_of_PORT_Initialize 01BA                     ??_test_LDR_noise_tolerance 007C  
                                    _TRISAbits 008C                   ??_test_LDR1_dark_LDR2_bright 007C  
                    __end_of_EUSART_Initialize 021A                                      _TXSTAbits 019E  
                                   main@rxdata 002F                             _test_LDR_both_dark 042E  
                       _test_LDR_faulty_sensor 04EA                                 __end_of___bmul 01A0  
                   _EUSART_DefaultErrorHandler 0000                __end_of_test_LDR_one_obstructed 05D5  
                                 _EUSART_Write 007C                            ?_test_LDR_both_dark 0070  
                               ADC_Compare@tol 0074                         ?_OSCILLATOR_Initialize 0070  
                          start_initialization 07F5                                    _ADC_Compare 06DE  
                                ??_EUSART_Read 0070                           ??_test_LDR_both_dark 007C  
               ?_test_LDR_gradual_light_change 0070                 ?_EUSART_SetOverrunErrorHandler 0070  
                   _EUSART_FramingErrorHandler 002C                                       ??___bmul 0071  
                       _EUSART_SetErrorHandler 0063        __end_of_test_LDR_darkness_trigger_logic 04BB  
            ??_test_LDR_darkness_trigger_logic 0074               ?_test_LDR_darkness_trigger_logic 0070  
              _test_LDR_darkness_trigger_logic 048C                              ??_UART_SendString 0073  
                             ?_PORT_Initialize 0070                                      ___latbits 0000  
                                __pcstackBANK0 002E                            __end_of_EUSART_Read 00A3  
                                    __pnvBANK0 0028                   ??_test_LDR_calibration_drift 007C  
             __end_of_test_LDR_noise_tolerance 05A6             __end_of_test_LDR1_dark_LDR2_bright 03FF  
                   _test_LDR1_dark_LDR2_bright 03D0                   ??_test_LDR1_bright_LDR2_dark 007C  
                                     _LATAbits 010C         EUSART_SetErrorHandler@interruptHandler 0070  
                            _eusartRxLastError 0027                                       _PIR1bits 0011  
              ??_EUSART_SetFramingErrorHandler 0072                              _EUSART_is_tx_done 005F  
                                    main@F3283 0020              _EUSART_DefaultOverrunErrorHandler 0000  
                 ??_test_LDR_fixed_vs_changing 007C                             ?_EUSART_is_tx_done 0070  
                          ??_EUSART_is_tx_done 0070                                      main@index 0032  
                                  _EUSART_Read 0094                   ?_test_LDR_intermittent_light 0070  
                      ?_test_LDR_faulty_sensor 0070                      __end_of_EUSART_is_tx_done 0063  
                      ??_OSCILLATOR_Initialize 0070                            _EUSART_ErrorHandler 0028  
                                 ?_ADC_Compare 0070                       ?_test_LDR_one_obstructed 0070  
                                     __ptext10 042E                                       __ptext11 03FF  
                                     __ptext20 01A0                                       __ptext12 03D0  
                                     __ptext21 0075                                       __ptext13 03A1  
                                     __ptext22 0094                                       __ptext14 01BA  
                                     __ptext23 01F8                                       __ptext15 005F  
                                     __ptext24 006F                                       __ptext16 007C  
                                     __ptext25 0069                                       __ptext17 06DE  
                                     __ptext26 0063                                       __ptext18 018D  
                                     __ptext19 005B                 __end_of_test_LDR_faulty_sensor 0519  
                    ?_test_LDR_noise_tolerance 0070                                _UART_SendString 01BA  
                      ?_EUSART_SetErrorHandler 0070                                     _LDR1_Value 0025  
                                   _LDR2_Value 0023                  ??_test_LDR_intermittent_light 007C  
EUSART_SetOverrunErrorHandler@interruptHandler 0070             __end_of_test_LDR_calibration_drift 048C  
                   _test_LDR_calibration_drift 045D          __end_of_EUSART_SetFramingErrorHandler 006F  
                _EUSART_SetFramingErrorHandler 0069                                 __pstringtext10 0297  
                               __pstringtext11 026C                                 __pstringtext20 0121  
                               __pstringtext12 0242                                 __pstringtext21 010F  
                               __pstringtext13 021A                                 __pstringtext22 00FD  
                               __pstringtext14 01D9                                 __pstringtext23 00EB  
                               __pstringtext15 017B                                 __pstringtext24 00D9  
                               __pstringtext16 0169                                 __pstringtext25 00C7  
                               __pstringtext17 0157                                 __pstringtext26 00B5  
                               __pstringtext18 0145                                 __pstringtext27 00A3  
                               __pstringtext19 0133                                 __pstringtext28 0086  
                               __pstringtext29 0000             __end_of_test_LDR1_bright_LDR2_dark 03D0  
                   _test_LDR1_bright_LDR2_dark 03A1                 __end_of_EUSART_SetErrorHandler 0069  
           __end_of_test_LDR_fixed_vs_changing 06DE                     _test_LDR_fixed_vs_changing 069D  
EUSART_SetFramingErrorHandler@interruptHandler 0070                                  __pstringtext1 0665  
                                __pstringtext2 0634                                  __pstringtext3 0604  
                                __pstringtext4 05D5                                  __pstringtext5 0373  
                                __pstringtext6 0346                                  __pstringtext7 031A  
                                __pstringtext8 02EE                                  __pstringtext9 02C2  
                 __end_of_test_LDR_both_bright 042E                    ?_test_LDR1_dark_LDR2_bright 0070  
                      __end_of_UART_SendString 01D9                             EUSART_Write@txData 0070  
                              _ADC_Compare$156 007A  
