

Microchip MPLAB XC8 Assembler V3.00 build 20241204225717 
                                                                                               Sat Jul 05 15:02:59 2025

Microchip MPLAB XC8 C Compiler v3.00 (Free license) build 20241204225717 Og1 
     1                           	processor	12F1572
     2                           	pagewidth 120
     3                           	opt	flic
     4                           	psect	nvBANK0,global,class=BANK0,space=1,delta=1,noexec
     5                           	psect	stringtext1,global,class=STRCODE,space=0,delta=2,noexec
     6                           	psect	stringtext2,global,class=STRCODE,space=0,delta=2,noexec
     7                           	psect	cinit,global,class=CODE,space=0,merge=1,delta=2
     8                           	psect	bssCOMMON,global,class=COMMON,space=1,delta=1,noexec
     9                           	psect	bssBANK0,global,class=BANK0,space=1,delta=1,noexec
    10                           	psect	cstackCOMMON,global,class=COMMON,space=1,delta=1,noexec
    11                           	psect	cstackBANK0,global,class=BANK0,space=1,delta=1,noexec
    12                           	psect	maintext,global,class=CODE,space=0,merge=1,split=1,delta=2
    13                           	psect	text1,local,class=CODE,space=0,merge=1,delta=2
    14                           	psect	text2,local,class=CODE,space=0,merge=1,delta=2
    15                           	psect	text3,local,class=CODE,space=0,merge=1,delta=2
    16                           	psect	text4,local,class=CODE,space=0,merge=1,delta=2
    17                           	psect	text5,local,class=CODE,space=0,merge=1,delta=2
    18                           	psect	text6,local,class=CODE,space=0,merge=1,delta=2
    19                           	psect	text7,local,class=CODE,space=0,merge=1,delta=2
    20                           	psect	text8,local,class=CODE,space=0,merge=1,delta=2
    21                           	psect	text9,local,class=CODE,space=0,merge=1,delta=2
    22                           	psect	text10,local,class=CODE,space=0,merge=1,delta=2
    23                           	psect	text11,local,class=CODE,space=0,merge=1,delta=2
    24                           	psect	text12,local,class=CODE,space=0,merge=1,delta=2
    25                           	psect	text13,local,class=CODE,space=0,merge=1,delta=2
    26                           	psect	text14,local,class=CODE,space=0,merge=1,delta=2
    27                           	psect	text15,local,class=CODE,space=0,merge=1,delta=2
    28                           	psect	text16,local,class=CODE,space=0,merge=1,delta=2
    29                           	psect	text17,local,class=CODE,space=0,merge=1,delta=2
    30                           	psect	text18,local,class=CODE,space=0,merge=1,delta=2
    31                           	psect	text19,local,class=CODE,space=0,merge=1,delta=2
    32                           	psect	text20,local,class=CODE,space=0,merge=1,delta=2
    33                           	psect	text21,local,class=CODE,space=0,merge=1,delta=2
    34                           	psect	text22,local,class=CODE,space=0,merge=1,delta=2
    35                           	psect	text23,local,class=CODE,space=0,merge=1,delta=2
    36                           	psect	text24,local,class=CODE,space=0,merge=1,delta=2
    37                           	psect	text25,local,class=CODE,space=0,merge=1,delta=2
    38                           	psect	text26,local,class=CODE,space=0,merge=1,delta=2
    39                           	psect	text27,local,class=CODE,space=0,merge=1,delta=2
    40                           	psect	intentry,global,class=CODE,space=0,delta=2
    41                           	psect	text29,local,class=CODE,space=0,merge=1,delta=2
    42                           	psect	text30,local,class=CODE,space=0,merge=1,delta=2
    43                           	psect	text31,local,class=CODE,space=0,merge=1,delta=2
    44                           	psect	text32,local,class=CODE,space=0,merge=1,delta=2
    45                           	psect	idloc,global,abs,ovrld,class=IDLOC,space=5,delta=2,noexec
    46                           	psect	config,global,abs,ovrld,class=CONFIG,space=4,delta=2,noexec
    47                           	dabs	1,0x7E,2
    48     0000                     
    49                           ; Version 2.40
    50                           ; Generated 17/11/2021 GMT
    51                           ; 
    52                           ; Copyright © 2021, Microchip Technology Inc. and its subsidiaries ("Microchip")
    53                           ; All rights reserved.
    54                           ; 
    55                           ; This software is developed by Microchip Technology Inc. and its subsidiaries ("Microch
      +                          ip").
    56                           ; 
    57                           ; Redistribution and use in source and binary forms, with or without modification, are
    58                           ; permitted provided that the following conditions are met:
    59                           ; 
    60                           ;     1. Redistributions of source code must retain the above copyright notice, this lis
      +                          t of
    61                           ;        conditions and the following disclaimer.
    62                           ; 
    63                           ;     2. Redistributions in binary form must reproduce the above copyright notice, this 
      +                          list
    64                           ;        of conditions and the following disclaimer in the documentation and/or other
    65                           ;        materials provided with the distribution. Publication is not required when
    66                           ;        this file is used in an embedded application.
    67                           ; 
    68                           ;     3. Microchip's name may not be used to endorse or promote products derived from th
      +                          is
    69                           ;        software without specific prior written permission.
    70                           ; 
    71                           ; THIS SOFTWARE IS PROVIDED BY MICROCHIP "AS IS" AND ANY EXPRESS OR IMPLIED WARRANTIES,
    72                           ; INCLUDING, BUT NOT LIMITED TO, THE IMPLIED WARRANTIES OF MERCHANTABILITY AND FITNESS F
      +                          OR
    73                           ; PURPOSE ARE DISCLAIMED.  IN NO EVENT SHALL MICROCHIP BE LIABLE FOR ANY DIRECT, INDIREC
      +                          T,
    74                           ; INCIDENTAL, SPECIAL, EXEMPLARY, OR CONSEQUENTIAL DAMAGES (INCLUDING BUT NOT LIMITED TO
    75                           ; PROCUREMENT OF SUBSTITUTE GOODS OR SERVICES; LOSS OF USE, DATA OR PROFITS; OR BUSINESS
    76                           ; INTERRUPTION) HOWSOEVER CAUSED AND ON ANY THEORY OF LIABILITY, WHETHER IN CONTRACT, ST
      +                          RICT
    77                           ; LIABILITY, OR TORT (INCLUDING NEGLIGENCE OR OTHERWISE) ARISING IN ANY WAY OUT OF THE U
      +                          SE OF
    78                           ; THIS SOFTWARE, EVEN IF ADVISED OF THE POSSIBILITY OF SUCH DAMAGE.
    79                           ; 
    80                           ; 
    81                           ; Code-generator required, PIC12F1572 Definitions
    82                           ; 
    83                           ; SFR Addresses
    84     0008                     bsr             equ	8
    85     0005                     fsr0h           equ	5
    86     0004                     fsr0l           equ	4
    87     0007                     fsr1h           equ	7
    88     0006                     fsr1l           equ	6
    89     0000                     indf            equ	0
    90     0000                     indf0           equ	0
    91     0001                     indf1           equ	1
    92     000B                     intcon          equ	11
    93     0002                     pc              equ	2
    94     0002                     pcl             equ	2
    95     000A                     pclath          equ	10
    96     0003                     status          equ	3
    97     0009                     wreg            equ	9
    98     0000                     INDF0           equ	0	;# 
    99     0001                     INDF1           equ	1	;# 
   100     0002                     PCL             equ	2	;# 
   101     0003                     STATUS          equ	3	;# 
   102     0004                     FSR0L           equ	4	;# 
   103     0005                     FSR0H           equ	5	;# 
   104     0006                     FSR1L           equ	6	;# 
   105     0007                     FSR1H           equ	7	;# 
   106     0008                     BSR             equ	8	;# 
   107     0009                     WREG            equ	9	;# 
   108     000A                     PCLATH          equ	10	;# 
   109     000B                     INTCON          equ	11	;# 
   110     000C                     PORTA           equ	12	;# 
   111     0011                     PIR1            equ	17	;# 
   112     0012                     PIR2            equ	18	;# 
   113     0013                     PIR3            equ	19	;# 
   114     0015                     TMR0            equ	21	;# 
   115     0016                     TMR1            equ	22	;# 
   116     0016                     TMR1L           equ	22	;# 
   117     0017                     TMR1H           equ	23	;# 
   118     0018                     T1CON           equ	24	;# 
   119     0019                     T1GCON          equ	25	;# 
   120     001A                     TMR2            equ	26	;# 
   121     001B                     PR2             equ	27	;# 
   122     001C                     T2CON           equ	28	;# 
   123     008C                     TRISA           equ	140	;# 
   124     0091                     PIE1            equ	145	;# 
   125     0092                     PIE2            equ	146	;# 
   126     0093                     PIE3            equ	147	;# 
   127     0095                     OPTION_REG      equ	149	;# 
   128     0096                     PCON            equ	150	;# 
   129     0097                     WDTCON          equ	151	;# 
   130     0098                     OSCTUNE         equ	152	;# 
   131     0099                     OSCCON          equ	153	;# 
   132     009A                     OSCSTAT         equ	154	;# 
   133     009B                     ADRES           equ	155	;# 
   134     009B                     ADRESL          equ	155	;# 
   135     009C                     ADRESH          equ	156	;# 
   136     009D                     ADCON0          equ	157	;# 
   137     009E                     ADCON1          equ	158	;# 
   138     009F                     ADCON2          equ	159	;# 
   139     010C                     LATA            equ	268	;# 
   140     0111                     CM1CON0         equ	273	;# 
   141     0112                     CM1CON1         equ	274	;# 
   142     0115                     CMOUT           equ	277	;# 
   143     0116                     BORCON          equ	278	;# 
   144     0117                     FVRCON          equ	279	;# 
   145     0118                     DACCON0         equ	280	;# 
   146     0119                     DACCON1         equ	281	;# 
   147     011D                     APFCON          equ	285	;# 
   148     011D                     APFCON0         equ	285	;# 
   149     018C                     ANSELA          equ	396	;# 
   150     0191                     PMADR           equ	401	;# 
   151     0191                     PMADRL          equ	401	;# 
   152     0192                     PMADRH          equ	402	;# 
   153     0193                     PMDAT           equ	403	;# 
   154     0193                     PMDATL          equ	403	;# 
   155     0194                     PMDATH          equ	404	;# 
   156     0195                     PMCON1          equ	405	;# 
   157     0196                     PMCON2          equ	406	;# 
   158     0197                     VREGCON         equ	407	;# 
   159     0199                     RCREG           equ	409	;# 
   160     019A                     TXREG           equ	410	;# 
   161     019B                     SPBRG           equ	411	;# 
   162     019B                     SPBRGL          equ	411	;# 
   163     019C                     SPBRGH          equ	412	;# 
   164     019D                     RCSTA           equ	413	;# 
   165     019E                     TXSTA           equ	414	;# 
   166     019F                     BAUDCON         equ	415	;# 
   167     020C                     WPUA            equ	524	;# 
   168     028C                     ODCONA          equ	652	;# 
   169     030C                     SLRCONA         equ	780	;# 
   170     038C                     INLVLA          equ	908	;# 
   171     0391                     IOCAP           equ	913	;# 
   172     0392                     IOCAN           equ	914	;# 
   173     0393                     IOCAF           equ	915	;# 
   174     0691                     CWG1DBR         equ	1681	;# 
   175     0692                     CWG1DBF         equ	1682	;# 
   176     0693                     CWG1CON0        equ	1683	;# 
   177     0694                     CWG1CON1        equ	1684	;# 
   178     0695                     CWG1CON2        equ	1685	;# 
   179     0D8E                     PWMEN           equ	3470	;# 
   180     0D8F                     PWMLD           equ	3471	;# 
   181     0D90                     PWMOUT          equ	3472	;# 
   182     0D91                     PWM1PH          equ	3473	;# 
   183     0D91                     PWM1PHL         equ	3473	;# 
   184     0D92                     PWM1PHH         equ	3474	;# 
   185     0D93                     PWM1DC          equ	3475	;# 
   186     0D93                     PWM1DCL         equ	3475	;# 
   187     0D94                     PWM1DCH         equ	3476	;# 
   188     0D95                     PWM1PR          equ	3477	;# 
   189     0D95                     PWM1PRL         equ	3477	;# 
   190     0D96                     PWM1PRH         equ	3478	;# 
   191     0D97                     PWM1OF          equ	3479	;# 
   192     0D97                     PWM1OFL         equ	3479	;# 
   193     0D98                     PWM1OFH         equ	3480	;# 
   194     0D99                     PWM1TMR         equ	3481	;# 
   195     0D99                     PWM1TMRL        equ	3481	;# 
   196     0D9A                     PWM1TMRH        equ	3482	;# 
   197     0D9B                     PWM1CON         equ	3483	;# 
   198     0D9C                     PWM1INTE        equ	3484	;# 
   199     0D9C                     PWM1INTCON      equ	3484	;# 
   200     0D9D                     PWM1INTF        equ	3485	;# 
   201     0D9D                     PWM1INTFLG      equ	3485	;# 
   202     0D9E                     PWM1CLKCON      equ	3486	;# 
   203     0D9F                     PWM1LDCON       equ	3487	;# 
   204     0DA0                     PWM1OFCON       equ	3488	;# 
   205     0DA1                     PWM2PH          equ	3489	;# 
   206     0DA1                     PWM2PHL         equ	3489	;# 
   207     0DA2                     PWM2PHH         equ	3490	;# 
   208     0DA3                     PWM2DC          equ	3491	;# 
   209     0DA3                     PWM2DCL         equ	3491	;# 
   210     0DA4                     PWM2DCH         equ	3492	;# 
   211     0DA5                     PWM2PR          equ	3493	;# 
   212     0DA5                     PWM2PRL         equ	3493	;# 
   213     0DA6                     PWM2PRH         equ	3494	;# 
   214     0DA7                     PWM2OF          equ	3495	;# 
   215     0DA7                     PWM2OFL         equ	3495	;# 
   216     0DA8                     PWM2OFH         equ	3496	;# 
   217     0DA9                     PWM2TMR         equ	3497	;# 
   218     0DA9                     PWM2TMRL        equ	3497	;# 
   219     0DAA                     PWM2TMRH        equ	3498	;# 
   220     0DAB                     PWM2CON         equ	3499	;# 
   221     0DAC                     PWM2INTE        equ	3500	;# 
   222     0DAC                     PWM2INTCON      equ	3500	;# 
   223     0DAD                     PWM2INTF        equ	3501	;# 
   224     0DAD                     PWM2INTFLG      equ	3501	;# 
   225     0DAE                     PWM2CLKCON      equ	3502	;# 
   226     0DAF                     PWM2LDCON       equ	3503	;# 
   227     0DB0                     PWM2OFCON       equ	3504	;# 
   228     0DB1                     PWM3PH          equ	3505	;# 
   229     0DB1                     PWM3PHL         equ	3505	;# 
   230     0DB2                     PWM3PHH         equ	3506	;# 
   231     0DB3                     PWM3DC          equ	3507	;# 
   232     0DB3                     PWM3DCL         equ	3507	;# 
   233     0DB4                     PWM3DCH         equ	3508	;# 
   234     0DB5                     PWM3PR          equ	3509	;# 
   235     0DB5                     PWM3PRL         equ	3509	;# 
   236     0DB6                     PWM3PRH         equ	3510	;# 
   237     0DB7                     PWM3OF          equ	3511	;# 
   238     0DB7                     PWM3OFL         equ	3511	;# 
   239     0DB8                     PWM3OFH         equ	3512	;# 
   240     0DB9                     PWM3TMR         equ	3513	;# 
   241     0DB9                     PWM3TMRL        equ	3513	;# 
   242     0DBA                     PWM3TMRH        equ	3514	;# 
   243     0DBB                     PWM3CON         equ	3515	;# 
   244     0DBC                     PWM3INTE        equ	3516	;# 
   245     0DBC                     PWM3INTCON      equ	3516	;# 
   246     0DBD                     PWM3INTF        equ	3517	;# 
   247     0DBD                     PWM3INTFLG      equ	3517	;# 
   248     0DBE                     PWM3CLKCON      equ	3518	;# 
   249     0DBF                     PWM3LDCON       equ	3519	;# 
   250     0DC0                     PWM3OFCON       equ	3520	;# 
   251     0FE4                     STATUS_SHAD     equ	4068	;# 
   252     0FE5                     WREG_SHAD       equ	4069	;# 
   253     0FE6                     BSR_SHAD        equ	4070	;# 
   254     0FE7                     PCLATH_SHAD     equ	4071	;# 
   255     0FE8                     FSR0_SHAD       equ	4072	;# 
   256     0FE8                     FSR0L_SHAD      equ	4072	;# 
   257     0FE9                     FSR0H_SHAD      equ	4073	;# 
   258     0FEA                     FSR1_SHAD       equ	4074	;# 
   259     0FEA                     FSR1L_SHAD      equ	4074	;# 
   260     0FEB                     FSR1H_SHAD      equ	4075	;# 
   261     0FED                     STKPTR          equ	4077	;# 
   262     0FEE                     TOS             equ	4078	;# 
   263     0FEE                     TOSL            equ	4078	;# 
   264     0FEF                     TOSH            equ	4079	;# 
   265     0000                     INDF0           equ	0	;# 
   266     0001                     INDF1           equ	1	;# 
   267     0002                     PCL             equ	2	;# 
   268     0003                     STATUS          equ	3	;# 
   269     0004                     FSR0L           equ	4	;# 
   270     0005                     FSR0H           equ	5	;# 
   271     0006                     FSR1L           equ	6	;# 
   272     0007                     FSR1H           equ	7	;# 
   273     0008                     BSR             equ	8	;# 
   274     0009                     WREG            equ	9	;# 
   275     000A                     PCLATH          equ	10	;# 
   276     000B                     INTCON          equ	11	;# 
   277     000C                     PORTA           equ	12	;# 
   278     0011                     PIR1            equ	17	;# 
   279     0012                     PIR2            equ	18	;# 
   280     0013                     PIR3            equ	19	;# 
   281     0015                     TMR0            equ	21	;# 
   282     0016                     TMR1            equ	22	;# 
   283     0016                     TMR1L           equ	22	;# 
   284     0017                     TMR1H           equ	23	;# 
   285     0018                     T1CON           equ	24	;# 
   286     0019                     T1GCON          equ	25	;# 
   287     001A                     TMR2            equ	26	;# 
   288     001B                     PR2             equ	27	;# 
   289     001C                     T2CON           equ	28	;# 
   290     008C                     TRISA           equ	140	;# 
   291     0091                     PIE1            equ	145	;# 
   292     0092                     PIE2            equ	146	;# 
   293     0093                     PIE3            equ	147	;# 
   294     0095                     OPTION_REG      equ	149	;# 
   295     0096                     PCON            equ	150	;# 
   296     0097                     WDTCON          equ	151	;# 
   297     0098                     OSCTUNE         equ	152	;# 
   298     0099                     OSCCON          equ	153	;# 
   299     009A                     OSCSTAT         equ	154	;# 
   300     009B                     ADRES           equ	155	;# 
   301     009B                     ADRESL          equ	155	;# 
   302     009C                     ADRESH          equ	156	;# 
   303     009D                     ADCON0          equ	157	;# 
   304     009E                     ADCON1          equ	158	;# 
   305     009F                     ADCON2          equ	159	;# 
   306     010C                     LATA            equ	268	;# 
   307     0111                     CM1CON0         equ	273	;# 
   308     0112                     CM1CON1         equ	274	;# 
   309     0115                     CMOUT           equ	277	;# 
   310     0116                     BORCON          equ	278	;# 
   311     0117                     FVRCON          equ	279	;# 
   312     0118                     DACCON0         equ	280	;# 
   313     0119                     DACCON1         equ	281	;# 
   314     011D                     APFCON          equ	285	;# 
   315     011D                     APFCON0         equ	285	;# 
   316     018C                     ANSELA          equ	396	;# 
   317     0191                     PMADR           equ	401	;# 
   318     0191                     PMADRL          equ	401	;# 
   319     0192                     PMADRH          equ	402	;# 
   320     0193                     PMDAT           equ	403	;# 
   321     0193                     PMDATL          equ	403	;# 
   322     0194                     PMDATH          equ	404	;# 
   323     0195                     PMCON1          equ	405	;# 
   324     0196                     PMCON2          equ	406	;# 
   325     0197                     VREGCON         equ	407	;# 
   326     0199                     RCREG           equ	409	;# 
   327     019A                     TXREG           equ	410	;# 
   328     019B                     SPBRG           equ	411	;# 
   329     019B                     SPBRGL          equ	411	;# 
   330     019C                     SPBRGH          equ	412	;# 
   331     019D                     RCSTA           equ	413	;# 
   332     019E                     TXSTA           equ	414	;# 
   333     019F                     BAUDCON         equ	415	;# 
   334     020C                     WPUA            equ	524	;# 
   335     028C                     ODCONA          equ	652	;# 
   336     030C                     SLRCONA         equ	780	;# 
   337     038C                     INLVLA          equ	908	;# 
   338     0391                     IOCAP           equ	913	;# 
   339     0392                     IOCAN           equ	914	;# 
   340     0393                     IOCAF           equ	915	;# 
   341     0691                     CWG1DBR         equ	1681	;# 
   342     0692                     CWG1DBF         equ	1682	;# 
   343     0693                     CWG1CON0        equ	1683	;# 
   344     0694                     CWG1CON1        equ	1684	;# 
   345     0695                     CWG1CON2        equ	1685	;# 
   346     0D8E                     PWMEN           equ	3470	;# 
   347     0D8F                     PWMLD           equ	3471	;# 
   348     0D90                     PWMOUT          equ	3472	;# 
   349     0D91                     PWM1PH          equ	3473	;# 
   350     0D91                     PWM1PHL         equ	3473	;# 
   351     0D92                     PWM1PHH         equ	3474	;# 
   352     0D93                     PWM1DC          equ	3475	;# 
   353     0D93                     PWM1DCL         equ	3475	;# 
   354     0D94                     PWM1DCH         equ	3476	;# 
   355     0D95                     PWM1PR          equ	3477	;# 
   356     0D95                     PWM1PRL         equ	3477	;# 
   357     0D96                     PWM1PRH         equ	3478	;# 
   358     0D97                     PWM1OF          equ	3479	;# 
   359     0D97                     PWM1OFL         equ	3479	;# 
   360     0D98                     PWM1OFH         equ	3480	;# 
   361     0D99                     PWM1TMR         equ	3481	;# 
   362     0D99                     PWM1TMRL        equ	3481	;# 
   363     0D9A                     PWM1TMRH        equ	3482	;# 
   364     0D9B                     PWM1CON         equ	3483	;# 
   365     0D9C                     PWM1INTE        equ	3484	;# 
   366     0D9C                     PWM1INTCON      equ	3484	;# 
   367     0D9D                     PWM1INTF        equ	3485	;# 
   368     0D9D                     PWM1INTFLG      equ	3485	;# 
   369     0D9E                     PWM1CLKCON      equ	3486	;# 
   370     0D9F                     PWM1LDCON       equ	3487	;# 
   371     0DA0                     PWM1OFCON       equ	3488	;# 
   372     0DA1                     PWM2PH          equ	3489	;# 
   373     0DA1                     PWM2PHL         equ	3489	;# 
   374     0DA2                     PWM2PHH         equ	3490	;# 
   375     0DA3                     PWM2DC          equ	3491	;# 
   376     0DA3                     PWM2DCL         equ	3491	;# 
   377     0DA4                     PWM2DCH         equ	3492	;# 
   378     0DA5                     PWM2PR          equ	3493	;# 
   379     0DA5                     PWM2PRL         equ	3493	;# 
   380     0DA6                     PWM2PRH         equ	3494	;# 
   381     0DA7                     PWM2OF          equ	3495	;# 
   382     0DA7                     PWM2OFL         equ	3495	;# 
   383     0DA8                     PWM2OFH         equ	3496	;# 
   384     0DA9                     PWM2TMR         equ	3497	;# 
   385     0DA9                     PWM2TMRL        equ	3497	;# 
   386     0DAA                     PWM2TMRH        equ	3498	;# 
   387     0DAB                     PWM2CON         equ	3499	;# 
   388     0DAC                     PWM2INTE        equ	3500	;# 
   389     0DAC                     PWM2INTCON      equ	3500	;# 
   390     0DAD                     PWM2INTF        equ	3501	;# 
   391     0DAD                     PWM2INTFLG      equ	3501	;# 
   392     0DAE                     PWM2CLKCON      equ	3502	;# 
   393     0DAF                     PWM2LDCON       equ	3503	;# 
   394     0DB0                     PWM2OFCON       equ	3504	;# 
   395     0DB1                     PWM3PH          equ	3505	;# 
   396     0DB1                     PWM3PHL         equ	3505	;# 
   397     0DB2                     PWM3PHH         equ	3506	;# 
   398     0DB3                     PWM3DC          equ	3507	;# 
   399     0DB3                     PWM3DCL         equ	3507	;# 
   400     0DB4                     PWM3DCH         equ	3508	;# 
   401     0DB5                     PWM3PR          equ	3509	;# 
   402     0DB5                     PWM3PRL         equ	3509	;# 
   403     0DB6                     PWM3PRH         equ	3510	;# 
   404     0DB7                     PWM3OF          equ	3511	;# 
   405     0DB7                     PWM3OFL         equ	3511	;# 
   406     0DB8                     PWM3OFH         equ	3512	;# 
   407     0DB9                     PWM3TMR         equ	3513	;# 
   408     0DB9                     PWM3TMRL        equ	3513	;# 
   409     0DBA                     PWM3TMRH        equ	3514	;# 
   410     0DBB                     PWM3CON         equ	3515	;# 
   411     0DBC                     PWM3INTE        equ	3516	;# 
   412     0DBC                     PWM3INTCON      equ	3516	;# 
   413     0DBD                     PWM3INTF        equ	3517	;# 
   414     0DBD                     PWM3INTFLG      equ	3517	;# 
   415     0DBE                     PWM3CLKCON      equ	3518	;# 
   416     0DBF                     PWM3LDCON       equ	3519	;# 
   417     0DC0                     PWM3OFCON       equ	3520	;# 
   418     0FE4                     STATUS_SHAD     equ	4068	;# 
   419     0FE5                     WREG_SHAD       equ	4069	;# 
   420     0FE6                     BSR_SHAD        equ	4070	;# 
   421     0FE7                     PCLATH_SHAD     equ	4071	;# 
   422     0FE8                     FSR0_SHAD       equ	4072	;# 
   423     0FE8                     FSR0L_SHAD      equ	4072	;# 
   424     0FE9                     FSR0H_SHAD      equ	4073	;# 
   425     0FEA                     FSR1_SHAD       equ	4074	;# 
   426     0FEA                     FSR1L_SHAD      equ	4074	;# 
   427     0FEB                     FSR1H_SHAD      equ	4075	;# 
   428     0FED                     STKPTR          equ	4077	;# 
   429     0FEE                     TOS             equ	4078	;# 
   430     0FEE                     TOSL            equ	4078	;# 
   431     0FEF                     TOSH            equ	4079	;# 
   432     0000                     INDF0           equ	0	;# 
   433     0001                     INDF1           equ	1	;# 
   434     0002                     PCL             equ	2	;# 
   435     0003                     STATUS          equ	3	;# 
   436     0004                     FSR0L           equ	4	;# 
   437     0005                     FSR0H           equ	5	;# 
   438     0006                     FSR1L           equ	6	;# 
   439     0007                     FSR1H           equ	7	;# 
   440     0008                     BSR             equ	8	;# 
   441     0009                     WREG            equ	9	;# 
   442     000A                     PCLATH          equ	10	;# 
   443     000B                     INTCON          equ	11	;# 
   444     000C                     PORTA           equ	12	;# 
   445     0011                     PIR1            equ	17	;# 
   446     0012                     PIR2            equ	18	;# 
   447     0013                     PIR3            equ	19	;# 
   448     0015                     TMR0            equ	21	;# 
   449     0016                     TMR1            equ	22	;# 
   450     0016                     TMR1L           equ	22	;# 
   451     0017                     TMR1H           equ	23	;# 
   452     0018                     T1CON           equ	24	;# 
   453     0019                     T1GCON          equ	25	;# 
   454     001A                     TMR2            equ	26	;# 
   455     001B                     PR2             equ	27	;# 
   456     001C                     T2CON           equ	28	;# 
   457     008C                     TRISA           equ	140	;# 
   458     0091                     PIE1            equ	145	;# 
   459     0092                     PIE2            equ	146	;# 
   460     0093                     PIE3            equ	147	;# 
   461     0095                     OPTION_REG      equ	149	;# 
   462     0096                     PCON            equ	150	;# 
   463     0097                     WDTCON          equ	151	;# 
   464     0098                     OSCTUNE         equ	152	;# 
   465     0099                     OSCCON          equ	153	;# 
   466     009A                     OSCSTAT         equ	154	;# 
   467     009B                     ADRES           equ	155	;# 
   468     009B                     ADRESL          equ	155	;# 
   469     009C                     ADRESH          equ	156	;# 
   470     009D                     ADCON0          equ	157	;# 
   471     009E                     ADCON1          equ	158	;# 
   472     009F                     ADCON2          equ	159	;# 
   473     010C                     LATA            equ	268	;# 
   474     0111                     CM1CON0         equ	273	;# 
   475     0112                     CM1CON1         equ	274	;# 
   476     0115                     CMOUT           equ	277	;# 
   477     0116                     BORCON          equ	278	;# 
   478     0117                     FVRCON          equ	279	;# 
   479     0118                     DACCON0         equ	280	;# 
   480     0119                     DACCON1         equ	281	;# 
   481     011D                     APFCON          equ	285	;# 
   482     011D                     APFCON0         equ	285	;# 
   483     018C                     ANSELA          equ	396	;# 
   484     0191                     PMADR           equ	401	;# 
   485     0191                     PMADRL          equ	401	;# 
   486     0192                     PMADRH          equ	402	;# 
   487     0193                     PMDAT           equ	403	;# 
   488     0193                     PMDATL          equ	403	;# 
   489     0194                     PMDATH          equ	404	;# 
   490     0195                     PMCON1          equ	405	;# 
   491     0196                     PMCON2          equ	406	;# 
   492     0197                     VREGCON         equ	407	;# 
   493     0199                     RCREG           equ	409	;# 
   494     019A                     TXREG           equ	410	;# 
   495     019B                     SPBRG           equ	411	;# 
   496     019B                     SPBRGL          equ	411	;# 
   497     019C                     SPBRGH          equ	412	;# 
   498     019D                     RCSTA           equ	413	;# 
   499     019E                     TXSTA           equ	414	;# 
   500     019F                     BAUDCON         equ	415	;# 
   501     020C                     WPUA            equ	524	;# 
   502     028C                     ODCONA          equ	652	;# 
   503     030C                     SLRCONA         equ	780	;# 
   504     038C                     INLVLA          equ	908	;# 
   505     0391                     IOCAP           equ	913	;# 
   506     0392                     IOCAN           equ	914	;# 
   507     0393                     IOCAF           equ	915	;# 
   508     0691                     CWG1DBR         equ	1681	;# 
   509     0692                     CWG1DBF         equ	1682	;# 
   510     0693                     CWG1CON0        equ	1683	;# 
   511     0694                     CWG1CON1        equ	1684	;# 
   512     0695                     CWG1CON2        equ	1685	;# 
   513     0D8E                     PWMEN           equ	3470	;# 
   514     0D8F                     PWMLD           equ	3471	;# 
   515     0D90                     PWMOUT          equ	3472	;# 
   516     0D91                     PWM1PH          equ	3473	;# 
   517     0D91                     PWM1PHL         equ	3473	;# 
   518     0D92                     PWM1PHH         equ	3474	;# 
   519     0D93                     PWM1DC          equ	3475	;# 
   520     0D93                     PWM1DCL         equ	3475	;# 
   521     0D94                     PWM1DCH         equ	3476	;# 
   522     0D95                     PWM1PR          equ	3477	;# 
   523     0D95                     PWM1PRL         equ	3477	;# 
   524     0D96                     PWM1PRH         equ	3478	;# 
   525     0D97                     PWM1OF          equ	3479	;# 
   526     0D97                     PWM1OFL         equ	3479	;# 
   527     0D98                     PWM1OFH         equ	3480	;# 
   528     0D99                     PWM1TMR         equ	3481	;# 
   529     0D99                     PWM1TMRL        equ	3481	;# 
   530     0D9A                     PWM1TMRH        equ	3482	;# 
   531     0D9B                     PWM1CON         equ	3483	;# 
   532     0D9C                     PWM1INTE        equ	3484	;# 
   533     0D9C                     PWM1INTCON      equ	3484	;# 
   534     0D9D                     PWM1INTF        equ	3485	;# 
   535     0D9D                     PWM1INTFLG      equ	3485	;# 
   536     0D9E                     PWM1CLKCON      equ	3486	;# 
   537     0D9F                     PWM1LDCON       equ	3487	;# 
   538     0DA0                     PWM1OFCON       equ	3488	;# 
   539     0DA1                     PWM2PH          equ	3489	;# 
   540     0DA1                     PWM2PHL         equ	3489	;# 
   541     0DA2                     PWM2PHH         equ	3490	;# 
   542     0DA3                     PWM2DC          equ	3491	;# 
   543     0DA3                     PWM2DCL         equ	3491	;# 
   544     0DA4                     PWM2DCH         equ	3492	;# 
   545     0DA5                     PWM2PR          equ	3493	;# 
   546     0DA5                     PWM2PRL         equ	3493	;# 
   547     0DA6                     PWM2PRH         equ	3494	;# 
   548     0DA7                     PWM2OF          equ	3495	;# 
   549     0DA7                     PWM2OFL         equ	3495	;# 
   550     0DA8                     PWM2OFH         equ	3496	;# 
   551     0DA9                     PWM2TMR         equ	3497	;# 
   552     0DA9                     PWM2TMRL        equ	3497	;# 
   553     0DAA                     PWM2TMRH        equ	3498	;# 
   554     0DAB                     PWM2CON         equ	3499	;# 
   555     0DAC                     PWM2INTE        equ	3500	;# 
   556     0DAC                     PWM2INTCON      equ	3500	;# 
   557     0DAD                     PWM2INTF        equ	3501	;# 
   558     0DAD                     PWM2INTFLG      equ	3501	;# 
   559     0DAE                     PWM2CLKCON      equ	3502	;# 
   560     0DAF                     PWM2LDCON       equ	3503	;# 
   561     0DB0                     PWM2OFCON       equ	3504	;# 
   562     0DB1                     PWM3PH          equ	3505	;# 
   563     0DB1                     PWM3PHL         equ	3505	;# 
   564     0DB2                     PWM3PHH         equ	3506	;# 
   565     0DB3                     PWM3DC          equ	3507	;# 
   566     0DB3                     PWM3DCL         equ	3507	;# 
   567     0DB4                     PWM3DCH         equ	3508	;# 
   568     0DB5                     PWM3PR          equ	3509	;# 
   569     0DB5                     PWM3PRL         equ	3509	;# 
   570     0DB6                     PWM3PRH         equ	3510	;# 
   571     0DB7                     PWM3OF          equ	3511	;# 
   572     0DB7                     PWM3OFL         equ	3511	;# 
   573     0DB8                     PWM3OFH         equ	3512	;# 
   574     0DB9                     PWM3TMR         equ	3513	;# 
   575     0DB9                     PWM3TMRL        equ	3513	;# 
   576     0DBA                     PWM3TMRH        equ	3514	;# 
   577     0DBB                     PWM3CON         equ	3515	;# 
   578     0DBC                     PWM3INTE        equ	3516	;# 
   579     0DBC                     PWM3INTCON      equ	3516	;# 
   580     0DBD                     PWM3INTF        equ	3517	;# 
   581     0DBD                     PWM3INTFLG      equ	3517	;# 
   582     0DBE                     PWM3CLKCON      equ	3518	;# 
   583     0DBF                     PWM3LDCON       equ	3519	;# 
   584     0DC0                     PWM3OFCON       equ	3520	;# 
   585     0FE4                     STATUS_SHAD     equ	4068	;# 
   586     0FE5                     WREG_SHAD       equ	4069	;# 
   587     0FE6                     BSR_SHAD        equ	4070	;# 
   588     0FE7                     PCLATH_SHAD     equ	4071	;# 
   589     0FE8                     FSR0_SHAD       equ	4072	;# 
   590     0FE8                     FSR0L_SHAD      equ	4072	;# 
   591     0FE9                     FSR0H_SHAD      equ	4073	;# 
   592     0FEA                     FSR1_SHAD       equ	4074	;# 
   593     0FEA                     FSR1L_SHAD      equ	4074	;# 
   594     0FEB                     FSR1H_SHAD      equ	4075	;# 
   595     0FED                     STKPTR          equ	4077	;# 
   596     0FEE                     TOS             equ	4078	;# 
   597     0FEE                     TOSL            equ	4078	;# 
   598     0FEF                     TOSH            equ	4079	;# 
   599     0000                     INDF0           equ	0	;# 
   600     0001                     INDF1           equ	1	;# 
   601     0002                     PCL             equ	2	;# 
   602     0003                     STATUS          equ	3	;# 
   603     0004                     FSR0L           equ	4	;# 
   604     0005                     FSR0H           equ	5	;# 
   605     0006                     FSR1L           equ	6	;# 
   606     0007                     FSR1H           equ	7	;# 
   607     0008                     BSR             equ	8	;# 
   608     0009                     WREG            equ	9	;# 
   609     000A                     PCLATH          equ	10	;# 
   610     000B                     INTCON          equ	11	;# 
   611     000C                     PORTA           equ	12	;# 
   612     0011                     PIR1            equ	17	;# 
   613     0012                     PIR2            equ	18	;# 
   614     0013                     PIR3            equ	19	;# 
   615     0015                     TMR0            equ	21	;# 
   616     0016                     TMR1            equ	22	;# 
   617     0016                     TMR1L           equ	22	;# 
   618     0017                     TMR1H           equ	23	;# 
   619     0018                     T1CON           equ	24	;# 
   620     0019                     T1GCON          equ	25	;# 
   621     001A                     TMR2            equ	26	;# 
   622     001B                     PR2             equ	27	;# 
   623     001C                     T2CON           equ	28	;# 
   624     008C                     TRISA           equ	140	;# 
   625     0091                     PIE1            equ	145	;# 
   626     0092                     PIE2            equ	146	;# 
   627     0093                     PIE3            equ	147	;# 
   628     0095                     OPTION_REG      equ	149	;# 
   629     0096                     PCON            equ	150	;# 
   630     0097                     WDTCON          equ	151	;# 
   631     0098                     OSCTUNE         equ	152	;# 
   632     0099                     OSCCON          equ	153	;# 
   633     009A                     OSCSTAT         equ	154	;# 
   634     009B                     ADRES           equ	155	;# 
   635     009B                     ADRESL          equ	155	;# 
   636     009C                     ADRESH          equ	156	;# 
   637     009D                     ADCON0          equ	157	;# 
   638     009E                     ADCON1          equ	158	;# 
   639     009F                     ADCON2          equ	159	;# 
   640     010C                     LATA            equ	268	;# 
   641     0111                     CM1CON0         equ	273	;# 
   642     0112                     CM1CON1         equ	274	;# 
   643     0115                     CMOUT           equ	277	;# 
   644     0116                     BORCON          equ	278	;# 
   645     0117                     FVRCON          equ	279	;# 
   646     0118                     DACCON0         equ	280	;# 
   647     0119                     DACCON1         equ	281	;# 
   648     011D                     APFCON          equ	285	;# 
   649     011D                     APFCON0         equ	285	;# 
   650     018C                     ANSELA          equ	396	;# 
   651     0191                     PMADR           equ	401	;# 
   652     0191                     PMADRL          equ	401	;# 
   653     0192                     PMADRH          equ	402	;# 
   654     0193                     PMDAT           equ	403	;# 
   655     0193                     PMDATL          equ	403	;# 
   656     0194                     PMDATH          equ	404	;# 
   657     0195                     PMCON1          equ	405	;# 
   658     0196                     PMCON2          equ	406	;# 
   659     0197                     VREGCON         equ	407	;# 
   660     0199                     RCREG           equ	409	;# 
   661     019A                     TXREG           equ	410	;# 
   662     019B                     SPBRG           equ	411	;# 
   663     019B                     SPBRGL          equ	411	;# 
   664     019C                     SPBRGH          equ	412	;# 
   665     019D                     RCSTA           equ	413	;# 
   666     019E                     TXSTA           equ	414	;# 
   667     019F                     BAUDCON         equ	415	;# 
   668     020C                     WPUA            equ	524	;# 
   669     028C                     ODCONA          equ	652	;# 
   670     030C                     SLRCONA         equ	780	;# 
   671     038C                     INLVLA          equ	908	;# 
   672     0391                     IOCAP           equ	913	;# 
   673     0392                     IOCAN           equ	914	;# 
   674     0393                     IOCAF           equ	915	;# 
   675     0691                     CWG1DBR         equ	1681	;# 
   676     0692                     CWG1DBF         equ	1682	;# 
   677     0693                     CWG1CON0        equ	1683	;# 
   678     0694                     CWG1CON1        equ	1684	;# 
   679     0695                     CWG1CON2        equ	1685	;# 
   680     0D8E                     PWMEN           equ	3470	;# 
   681     0D8F                     PWMLD           equ	3471	;# 
   682     0D90                     PWMOUT          equ	3472	;# 
   683     0D91                     PWM1PH          equ	3473	;# 
   684     0D91                     PWM1PHL         equ	3473	;# 
   685     0D92                     PWM1PHH         equ	3474	;# 
   686     0D93                     PWM1DC          equ	3475	;# 
   687     0D93                     PWM1DCL         equ	3475	;# 
   688     0D94                     PWM1DCH         equ	3476	;# 
   689     0D95                     PWM1PR          equ	3477	;# 
   690     0D95                     PWM1PRL         equ	3477	;# 
   691     0D96                     PWM1PRH         equ	3478	;# 
   692     0D97                     PWM1OF          equ	3479	;# 
   693     0D97                     PWM1OFL         equ	3479	;# 
   694     0D98                     PWM1OFH         equ	3480	;# 
   695     0D99                     PWM1TMR         equ	3481	;# 
   696     0D99                     PWM1TMRL        equ	3481	;# 
   697     0D9A                     PWM1TMRH        equ	3482	;# 
   698     0D9B                     PWM1CON         equ	3483	;# 
   699     0D9C                     PWM1INTE        equ	3484	;# 
   700     0D9C                     PWM1INTCON      equ	3484	;# 
   701     0D9D                     PWM1INTF        equ	3485	;# 
   702     0D9D                     PWM1INTFLG      equ	3485	;# 
   703     0D9E                     PWM1CLKCON      equ	3486	;# 
   704     0D9F                     PWM1LDCON       equ	3487	;# 
   705     0DA0                     PWM1OFCON       equ	3488	;# 
   706     0DA1                     PWM2PH          equ	3489	;# 
   707     0DA1                     PWM2PHL         equ	3489	;# 
   708     0DA2                     PWM2PHH         equ	3490	;# 
   709     0DA3                     PWM2DC          equ	3491	;# 
   710     0DA3                     PWM2DCL         equ	3491	;# 
   711     0DA4                     PWM2DCH         equ	3492	;# 
   712     0DA5                     PWM2PR          equ	3493	;# 
   713     0DA5                     PWM2PRL         equ	3493	;# 
   714     0DA6                     PWM2PRH         equ	3494	;# 
   715     0DA7                     PWM2OF          equ	3495	;# 
   716     0DA7                     PWM2OFL         equ	3495	;# 
   717     0DA8                     PWM2OFH         equ	3496	;# 
   718     0DA9                     PWM2TMR         equ	3497	;# 
   719     0DA9                     PWM2TMRL        equ	3497	;# 
   720     0DAA                     PWM2TMRH        equ	3498	;# 
   721     0DAB                     PWM2CON         equ	3499	;# 
   722     0DAC                     PWM2INTE        equ	3500	;# 
   723     0DAC                     PWM2INTCON      equ	3500	;# 
   724     0DAD                     PWM2INTF        equ	3501	;# 
   725     0DAD                     PWM2INTFLG      equ	3501	;# 
   726     0DAE                     PWM2CLKCON      equ	3502	;# 
   727     0DAF                     PWM2LDCON       equ	3503	;# 
   728     0DB0                     PWM2OFCON       equ	3504	;# 
   729     0DB1                     PWM3PH          equ	3505	;# 
   730     0DB1                     PWM3PHL         equ	3505	;# 
   731     0DB2                     PWM3PHH         equ	3506	;# 
   732     0DB3                     PWM3DC          equ	3507	;# 
   733     0DB3                     PWM3DCL         equ	3507	;# 
   734     0DB4                     PWM3DCH         equ	3508	;# 
   735     0DB5                     PWM3PR          equ	3509	;# 
   736     0DB5                     PWM3PRL         equ	3509	;# 
   737     0DB6                     PWM3PRH         equ	3510	;# 
   738     0DB7                     PWM3OF          equ	3511	;# 
   739     0DB7                     PWM3OFL         equ	3511	;# 
   740     0DB8                     PWM3OFH         equ	3512	;# 
   741     0DB9                     PWM3TMR         equ	3513	;# 
   742     0DB9                     PWM3TMRL        equ	3513	;# 
   743     0DBA                     PWM3TMRH        equ	3514	;# 
   744     0DBB                     PWM3CON         equ	3515	;# 
   745     0DBC                     PWM3INTE        equ	3516	;# 
   746     0DBC                     PWM3INTCON      equ	3516	;# 
   747     0DBD                     PWM3INTF        equ	3517	;# 
   748     0DBD                     PWM3INTFLG      equ	3517	;# 
   749     0DBE                     PWM3CLKCON      equ	3518	;# 
   750     0DBF                     PWM3LDCON       equ	3519	;# 
   751     0DC0                     PWM3OFCON       equ	3520	;# 
   752     0FE4                     STATUS_SHAD     equ	4068	;# 
   753     0FE5                     WREG_SHAD       equ	4069	;# 
   754     0FE6                     BSR_SHAD        equ	4070	;# 
   755     0FE7                     PCLATH_SHAD     equ	4071	;# 
   756     0FE8                     FSR0_SHAD       equ	4072	;# 
   757     0FE8                     FSR0L_SHAD      equ	4072	;# 
   758     0FE9                     FSR0H_SHAD      equ	4073	;# 
   759     0FEA                     FSR1_SHAD       equ	4074	;# 
   760     0FEA                     FSR1L_SHAD      equ	4074	;# 
   761     0FEB                     FSR1H_SHAD      equ	4075	;# 
   762     0FED                     STKPTR          equ	4077	;# 
   763     0FEE                     TOS             equ	4078	;# 
   764     0FEE                     TOSL            equ	4078	;# 
   765     0FEF                     TOSH            equ	4079	;# 
   766     0000                     INDF0           equ	0	;# 
   767     0001                     INDF1           equ	1	;# 
   768     0002                     PCL             equ	2	;# 
   769     0003                     STATUS          equ	3	;# 
   770     0004                     FSR0L           equ	4	;# 
   771     0005                     FSR0H           equ	5	;# 
   772     0006                     FSR1L           equ	6	;# 
   773     0007                     FSR1H           equ	7	;# 
   774     0008                     BSR             equ	8	;# 
   775     0009                     WREG            equ	9	;# 
   776     000A                     PCLATH          equ	10	;# 
   777     000B                     INTCON          equ	11	;# 
   778     000C                     PORTA           equ	12	;# 
   779     0011                     PIR1            equ	17	;# 
   780     0012                     PIR2            equ	18	;# 
   781     0013                     PIR3            equ	19	;# 
   782     0015                     TMR0            equ	21	;# 
   783     0016                     TMR1            equ	22	;# 
   784     0016                     TMR1L           equ	22	;# 
   785     0017                     TMR1H           equ	23	;# 
   786     0018                     T1CON           equ	24	;# 
   787     0019                     T1GCON          equ	25	;# 
   788     001A                     TMR2            equ	26	;# 
   789     001B                     PR2             equ	27	;# 
   790     001C                     T2CON           equ	28	;# 
   791     008C                     TRISA           equ	140	;# 
   792     0091                     PIE1            equ	145	;# 
   793     0092                     PIE2            equ	146	;# 
   794     0093                     PIE3            equ	147	;# 
   795     0095                     OPTION_REG      equ	149	;# 
   796     0096                     PCON            equ	150	;# 
   797     0097                     WDTCON          equ	151	;# 
   798     0098                     OSCTUNE         equ	152	;# 
   799     0099                     OSCCON          equ	153	;# 
   800     009A                     OSCSTAT         equ	154	;# 
   801     009B                     ADRES           equ	155	;# 
   802     009B                     ADRESL          equ	155	;# 
   803     009C                     ADRESH          equ	156	;# 
   804     009D                     ADCON0          equ	157	;# 
   805     009E                     ADCON1          equ	158	;# 
   806     009F                     ADCON2          equ	159	;# 
   807     010C                     LATA            equ	268	;# 
   808     0111                     CM1CON0         equ	273	;# 
   809     0112                     CM1CON1         equ	274	;# 
   810     0115                     CMOUT           equ	277	;# 
   811     0116                     BORCON          equ	278	;# 
   812     0117                     FVRCON          equ	279	;# 
   813     0118                     DACCON0         equ	280	;# 
   814     0119                     DACCON1         equ	281	;# 
   815     011D                     APFCON          equ	285	;# 
   816     011D                     APFCON0         equ	285	;# 
   817     018C                     ANSELA          equ	396	;# 
   818     0191                     PMADR           equ	401	;# 
   819     0191                     PMADRL          equ	401	;# 
   820     0192                     PMADRH          equ	402	;# 
   821     0193                     PMDAT           equ	403	;# 
   822     0193                     PMDATL          equ	403	;# 
   823     0194                     PMDATH          equ	404	;# 
   824     0195                     PMCON1          equ	405	;# 
   825     0196                     PMCON2          equ	406	;# 
   826     0197                     VREGCON         equ	407	;# 
   827     0199                     RCREG           equ	409	;# 
   828     019A                     TXREG           equ	410	;# 
   829     019B                     SPBRG           equ	411	;# 
   830     019B                     SPBRGL          equ	411	;# 
   831     019C                     SPBRGH          equ	412	;# 
   832     019D                     RCSTA           equ	413	;# 
   833     019E                     TXSTA           equ	414	;# 
   834     019F                     BAUDCON         equ	415	;# 
   835     020C                     WPUA            equ	524	;# 
   836     028C                     ODCONA          equ	652	;# 
   837     030C                     SLRCONA         equ	780	;# 
   838     038C                     INLVLA          equ	908	;# 
   839     0391                     IOCAP           equ	913	;# 
   840     0392                     IOCAN           equ	914	;# 
   841     0393                     IOCAF           equ	915	;# 
   842     0691                     CWG1DBR         equ	1681	;# 
   843     0692                     CWG1DBF         equ	1682	;# 
   844     0693                     CWG1CON0        equ	1683	;# 
   845     0694                     CWG1CON1        equ	1684	;# 
   846     0695                     CWG1CON2        equ	1685	;# 
   847     0D8E                     PWMEN           equ	3470	;# 
   848     0D8F                     PWMLD           equ	3471	;# 
   849     0D90                     PWMOUT          equ	3472	;# 
   850     0D91                     PWM1PH          equ	3473	;# 
   851     0D91                     PWM1PHL         equ	3473	;# 
   852     0D92                     PWM1PHH         equ	3474	;# 
   853     0D93                     PWM1DC          equ	3475	;# 
   854     0D93                     PWM1DCL         equ	3475	;# 
   855     0D94                     PWM1DCH         equ	3476	;# 
   856     0D95                     PWM1PR          equ	3477	;# 
   857     0D95                     PWM1PRL         equ	3477	;# 
   858     0D96                     PWM1PRH         equ	3478	;# 
   859     0D97                     PWM1OF          equ	3479	;# 
   860     0D97                     PWM1OFL         equ	3479	;# 
   861     0D98                     PWM1OFH         equ	3480	;# 
   862     0D99                     PWM1TMR         equ	3481	;# 
   863     0D99                     PWM1TMRL        equ	3481	;# 
   864     0D9A                     PWM1TMRH        equ	3482	;# 
   865     0D9B                     PWM1CON         equ	3483	;# 
   866     0D9C                     PWM1INTE        equ	3484	;# 
   867     0D9C                     PWM1INTCON      equ	3484	;# 
   868     0D9D                     PWM1INTF        equ	3485	;# 
   869     0D9D                     PWM1INTFLG      equ	3485	;# 
   870     0D9E                     PWM1CLKCON      equ	3486	;# 
   871     0D9F                     PWM1LDCON       equ	3487	;# 
   872     0DA0                     PWM1OFCON       equ	3488	;# 
   873     0DA1                     PWM2PH          equ	3489	;# 
   874     0DA1                     PWM2PHL         equ	3489	;# 
   875     0DA2                     PWM2PHH         equ	3490	;# 
   876     0DA3                     PWM2DC          equ	3491	;# 
   877     0DA3                     PWM2DCL         equ	3491	;# 
   878     0DA4                     PWM2DCH         equ	3492	;# 
   879     0DA5                     PWM2PR          equ	3493	;# 
   880     0DA5                     PWM2PRL         equ	3493	;# 
   881     0DA6                     PWM2PRH         equ	3494	;# 
   882     0DA7                     PWM2OF          equ	3495	;# 
   883     0DA7                     PWM2OFL         equ	3495	;# 
   884     0DA8                     PWM2OFH         equ	3496	;# 
   885     0DA9                     PWM2TMR         equ	3497	;# 
   886     0DA9                     PWM2TMRL        equ	3497	;# 
   887     0DAA                     PWM2TMRH        equ	3498	;# 
   888     0DAB                     PWM2CON         equ	3499	;# 
   889     0DAC                     PWM2INTE        equ	3500	;# 
   890     0DAC                     PWM2INTCON      equ	3500	;# 
   891     0DAD                     PWM2INTF        equ	3501	;# 
   892     0DAD                     PWM2INTFLG      equ	3501	;# 
   893     0DAE                     PWM2CLKCON      equ	3502	;# 
   894     0DAF                     PWM2LDCON       equ	3503	;# 
   895     0DB0                     PWM2OFCON       equ	3504	;# 
   896     0DB1                     PWM3PH          equ	3505	;# 
   897     0DB1                     PWM3PHL         equ	3505	;# 
   898     0DB2                     PWM3PHH         equ	3506	;# 
   899     0DB3                     PWM3DC          equ	3507	;# 
   900     0DB3                     PWM3DCL         equ	3507	;# 
   901     0DB4                     PWM3DCH         equ	3508	;# 
   902     0DB5                     PWM3PR          equ	3509	;# 
   903     0DB5                     PWM3PRL         equ	3509	;# 
   904     0DB6                     PWM3PRH         equ	3510	;# 
   905     0DB7                     PWM3OF          equ	3511	;# 
   906     0DB7                     PWM3OFL         equ	3511	;# 
   907     0DB8                     PWM3OFH         equ	3512	;# 
   908     0DB9                     PWM3TMR         equ	3513	;# 
   909     0DB9                     PWM3TMRL        equ	3513	;# 
   910     0DBA                     PWM3TMRH        equ	3514	;# 
   911     0DBB                     PWM3CON         equ	3515	;# 
   912     0DBC                     PWM3INTE        equ	3516	;# 
   913     0DBC                     PWM3INTCON      equ	3516	;# 
   914     0DBD                     PWM3INTF        equ	3517	;# 
   915     0DBD                     PWM3INTFLG      equ	3517	;# 
   916     0DBE                     PWM3CLKCON      equ	3518	;# 
   917     0DBF                     PWM3LDCON       equ	3519	;# 
   918     0DC0                     PWM3OFCON       equ	3520	;# 
   919     0FE4                     STATUS_SHAD     equ	4068	;# 
   920     0FE5                     WREG_SHAD       equ	4069	;# 
   921     0FE6                     BSR_SHAD        equ	4070	;# 
   922     0FE7                     PCLATH_SHAD     equ	4071	;# 
   923     0FE8                     FSR0_SHAD       equ	4072	;# 
   924     0FE8                     FSR0L_SHAD      equ	4072	;# 
   925     0FE9                     FSR0H_SHAD      equ	4073	;# 
   926     0FEA                     FSR1_SHAD       equ	4074	;# 
   927     0FEA                     FSR1L_SHAD      equ	4074	;# 
   928     0FEB                     FSR1H_SHAD      equ	4075	;# 
   929     0FED                     STKPTR          equ	4077	;# 
   930     0FEE                     TOS             equ	4078	;# 
   931     0FEE                     TOSL            equ	4078	;# 
   932     0FEF                     TOSH            equ	4079	;# 
   933     0000                     INDF0           equ	0	;# 
   934     0001                     INDF1           equ	1	;# 
   935     0002                     PCL             equ	2	;# 
   936     0003                     STATUS          equ	3	;# 
   937     0004                     FSR0L           equ	4	;# 
   938     0005                     FSR0H           equ	5	;# 
   939     0006                     FSR1L           equ	6	;# 
   940     0007                     FSR1H           equ	7	;# 
   941     0008                     BSR             equ	8	;# 
   942     0009                     WREG            equ	9	;# 
   943     000A                     PCLATH          equ	10	;# 
   944     000B                     INTCON          equ	11	;# 
   945     000C                     PORTA           equ	12	;# 
   946     0011                     PIR1            equ	17	;# 
   947     0012                     PIR2            equ	18	;# 
   948     0013                     PIR3            equ	19	;# 
   949     0015                     TMR0            equ	21	;# 
   950     0016                     TMR1            equ	22	;# 
   951     0016                     TMR1L           equ	22	;# 
   952     0017                     TMR1H           equ	23	;# 
   953     0018                     T1CON           equ	24	;# 
   954     0019                     T1GCON          equ	25	;# 
   955     001A                     TMR2            equ	26	;# 
   956     001B                     PR2             equ	27	;# 
   957     001C                     T2CON           equ	28	;# 
   958     008C                     TRISA           equ	140	;# 
   959     0091                     PIE1            equ	145	;# 
   960     0092                     PIE2            equ	146	;# 
   961     0093                     PIE3            equ	147	;# 
   962     0095                     OPTION_REG      equ	149	;# 
   963     0096                     PCON            equ	150	;# 
   964     0097                     WDTCON          equ	151	;# 
   965     0098                     OSCTUNE         equ	152	;# 
   966     0099                     OSCCON          equ	153	;# 
   967     009A                     OSCSTAT         equ	154	;# 
   968     009B                     ADRES           equ	155	;# 
   969     009B                     ADRESL          equ	155	;# 
   970     009C                     ADRESH          equ	156	;# 
   971     009D                     ADCON0          equ	157	;# 
   972     009E                     ADCON1          equ	158	;# 
   973     009F                     ADCON2          equ	159	;# 
   974     010C                     LATA            equ	268	;# 
   975     0111                     CM1CON0         equ	273	;# 
   976     0112                     CM1CON1         equ	274	;# 
   977     0115                     CMOUT           equ	277	;# 
   978     0116                     BORCON          equ	278	;# 
   979     0117                     FVRCON          equ	279	;# 
   980     0118                     DACCON0         equ	280	;# 
   981     0119                     DACCON1         equ	281	;# 
   982     011D                     APFCON          equ	285	;# 
   983     011D                     APFCON0         equ	285	;# 
   984     018C                     ANSELA          equ	396	;# 
   985     0191                     PMADR           equ	401	;# 
   986     0191                     PMADRL          equ	401	;# 
   987     0192                     PMADRH          equ	402	;# 
   988     0193                     PMDAT           equ	403	;# 
   989     0193                     PMDATL          equ	403	;# 
   990     0194                     PMDATH          equ	404	;# 
   991     0195                     PMCON1          equ	405	;# 
   992     0196                     PMCON2          equ	406	;# 
   993     0197                     VREGCON         equ	407	;# 
   994     0199                     RCREG           equ	409	;# 
   995     019A                     TXREG           equ	410	;# 
   996     019B                     SPBRG           equ	411	;# 
   997     019B                     SPBRGL          equ	411	;# 
   998     019C                     SPBRGH          equ	412	;# 
   999     019D                     RCSTA           equ	413	;# 
  1000     019E                     TXSTA           equ	414	;# 
  1001     019F                     BAUDCON         equ	415	;# 
  1002     020C                     WPUA            equ	524	;# 
  1003     028C                     ODCONA          equ	652	;# 
  1004     030C                     SLRCONA         equ	780	;# 
  1005     038C                     INLVLA          equ	908	;# 
  1006     0391                     IOCAP           equ	913	;# 
  1007     0392                     IOCAN           equ	914	;# 
  1008     0393                     IOCAF           equ	915	;# 
  1009     0691                     CWG1DBR         equ	1681	;# 
  1010     0692                     CWG1DBF         equ	1682	;# 
  1011     0693                     CWG1CON0        equ	1683	;# 
  1012     0694                     CWG1CON1        equ	1684	;# 
  1013     0695                     CWG1CON2        equ	1685	;# 
  1014     0D8E                     PWMEN           equ	3470	;# 
  1015     0D8F                     PWMLD           equ	3471	;# 
  1016     0D90                     PWMOUT          equ	3472	;# 
  1017     0D91                     PWM1PH          equ	3473	;# 
  1018     0D91                     PWM1PHL         equ	3473	;# 
  1019     0D92                     PWM1PHH         equ	3474	;# 
  1020     0D93                     PWM1DC          equ	3475	;# 
  1021     0D93                     PWM1DCL         equ	3475	;# 
  1022     0D94                     PWM1DCH         equ	3476	;# 
  1023     0D95                     PWM1PR          equ	3477	;# 
  1024     0D95                     PWM1PRL         equ	3477	;# 
  1025     0D96                     PWM1PRH         equ	3478	;# 
  1026     0D97                     PWM1OF          equ	3479	;# 
  1027     0D97                     PWM1OFL         equ	3479	;# 
  1028     0D98                     PWM1OFH         equ	3480	;# 
  1029     0D99                     PWM1TMR         equ	3481	;# 
  1030     0D99                     PWM1TMRL        equ	3481	;# 
  1031     0D9A                     PWM1TMRH        equ	3482	;# 
  1032     0D9B                     PWM1CON         equ	3483	;# 
  1033     0D9C                     PWM1INTE        equ	3484	;# 
  1034     0D9C                     PWM1INTCON      equ	3484	;# 
  1035     0D9D                     PWM1INTF        equ	3485	;# 
  1036     0D9D                     PWM1INTFLG      equ	3485	;# 
  1037     0D9E                     PWM1CLKCON      equ	3486	;# 
  1038     0D9F                     PWM1LDCON       equ	3487	;# 
  1039     0DA0                     PWM1OFCON       equ	3488	;# 
  1040     0DA1                     PWM2PH          equ	3489	;# 
  1041     0DA1                     PWM2PHL         equ	3489	;# 
  1042     0DA2                     PWM2PHH         equ	3490	;# 
  1043     0DA3                     PWM2DC          equ	3491	;# 
  1044     0DA3                     PWM2DCL         equ	3491	;# 
  1045     0DA4                     PWM2DCH         equ	3492	;# 
  1046     0DA5                     PWM2PR          equ	3493	;# 
  1047     0DA5                     PWM2PRL         equ	3493	;# 
  1048     0DA6                     PWM2PRH         equ	3494	;# 
  1049     0DA7                     PWM2OF          equ	3495	;# 
  1050     0DA7                     PWM2OFL         equ	3495	;# 
  1051     0DA8                     PWM2OFH         equ	3496	;# 
  1052     0DA9                     PWM2TMR         equ	3497	;# 
  1053     0DA9                     PWM2TMRL        equ	3497	;# 
  1054     0DAA                     PWM2TMRH        equ	3498	;# 
  1055     0DAB                     PWM2CON         equ	3499	;# 
  1056     0DAC                     PWM2INTE        equ	3500	;# 
  1057     0DAC                     PWM2INTCON      equ	3500	;# 
  1058     0DAD                     PWM2INTF        equ	3501	;# 
  1059     0DAD                     PWM2INTFLG      equ	3501	;# 
  1060     0DAE                     PWM2CLKCON      equ	3502	;# 
  1061     0DAF                     PWM2LDCON       equ	3503	;# 
  1062     0DB0                     PWM2OFCON       equ	3504	;# 
  1063     0DB1                     PWM3PH          equ	3505	;# 
  1064     0DB1                     PWM3PHL         equ	3505	;# 
  1065     0DB2                     PWM3PHH         equ	3506	;# 
  1066     0DB3                     PWM3DC          equ	3507	;# 
  1067     0DB3                     PWM3DCL         equ	3507	;# 
  1068     0DB4                     PWM3DCH         equ	3508	;# 
  1069     0DB5                     PWM3PR          equ	3509	;# 
  1070     0DB5                     PWM3PRL         equ	3509	;# 
  1071     0DB6                     PWM3PRH         equ	3510	;# 
  1072     0DB7                     PWM3OF          equ	3511	;# 
  1073     0DB7                     PWM3OFL         equ	3511	;# 
  1074     0DB8                     PWM3OFH         equ	3512	;# 
  1075     0DB9                     PWM3TMR         equ	3513	;# 
  1076     0DB9                     PWM3TMRL        equ	3513	;# 
  1077     0DBA                     PWM3TMRH        equ	3514	;# 
  1078     0DBB                     PWM3CON         equ	3515	;# 
  1079     0DBC                     PWM3INTE        equ	3516	;# 
  1080     0DBC                     PWM3INTCON      equ	3516	;# 
  1081     0DBD                     PWM3INTF        equ	3517	;# 
  1082     0DBD                     PWM3INTFLG      equ	3517	;# 
  1083     0DBE                     PWM3CLKCON      equ	3518	;# 
  1084     0DBF                     PWM3LDCON       equ	3519	;# 
  1085     0DC0                     PWM3OFCON       equ	3520	;# 
  1086     0FE4                     STATUS_SHAD     equ	4068	;# 
  1087     0FE5                     WREG_SHAD       equ	4069	;# 
  1088     0FE6                     BSR_SHAD        equ	4070	;# 
  1089     0FE7                     PCLATH_SHAD     equ	4071	;# 
  1090     0FE8                     FSR0_SHAD       equ	4072	;# 
  1091     0FE8                     FSR0L_SHAD      equ	4072	;# 
  1092     0FE9                     FSR0H_SHAD      equ	4073	;# 
  1093     0FEA                     FSR1_SHAD       equ	4074	;# 
  1094     0FEA                     FSR1L_SHAD      equ	4074	;# 
  1095     0FEB                     FSR1H_SHAD      equ	4075	;# 
  1096     0FED                     STKPTR          equ	4077	;# 
  1097     0FEE                     TOS             equ	4078	;# 
  1098     0FEE                     TOSL            equ	4078	;# 
  1099     0FEF                     TOSH            equ	4079	;# 
  1100     0000                     INDF0           equ	0	;# 
  1101     0001                     INDF1           equ	1	;# 
  1102     0002                     PCL             equ	2	;# 
  1103     0003                     STATUS          equ	3	;# 
  1104     0004                     FSR0L           equ	4	;# 
  1105     0005                     FSR0H           equ	5	;# 
  1106     0006                     FSR1L           equ	6	;# 
  1107     0007                     FSR1H           equ	7	;# 
  1108     0008                     BSR             equ	8	;# 
  1109     0009                     WREG            equ	9	;# 
  1110     000A                     PCLATH          equ	10	;# 
  1111     000B                     INTCON          equ	11	;# 
  1112     000C                     PORTA           equ	12	;# 
  1113     0011                     PIR1            equ	17	;# 
  1114     0012                     PIR2            equ	18	;# 
  1115     0013                     PIR3            equ	19	;# 
  1116     0015                     TMR0            equ	21	;# 
  1117     0016                     TMR1            equ	22	;# 
  1118     0016                     TMR1L           equ	22	;# 
  1119     0017                     TMR1H           equ	23	;# 
  1120     0018                     T1CON           equ	24	;# 
  1121     0019                     T1GCON          equ	25	;# 
  1122     001A                     TMR2            equ	26	;# 
  1123     001B                     PR2             equ	27	;# 
  1124     001C                     T2CON           equ	28	;# 
  1125     008C                     TRISA           equ	140	;# 
  1126     0091                     PIE1            equ	145	;# 
  1127     0092                     PIE2            equ	146	;# 
  1128     0093                     PIE3            equ	147	;# 
  1129     0095                     OPTION_REG      equ	149	;# 
  1130     0096                     PCON            equ	150	;# 
  1131     0097                     WDTCON          equ	151	;# 
  1132     0098                     OSCTUNE         equ	152	;# 
  1133     0099                     OSCCON          equ	153	;# 
  1134     009A                     OSCSTAT         equ	154	;# 
  1135     009B                     ADRES           equ	155	;# 
  1136     009B                     ADRESL          equ	155	;# 
  1137     009C                     ADRESH          equ	156	;# 
  1138     009D                     ADCON0          equ	157	;# 
  1139     009E                     ADCON1          equ	158	;# 
  1140     009F                     ADCON2          equ	159	;# 
  1141     010C                     LATA            equ	268	;# 
  1142     0111                     CM1CON0         equ	273	;# 
  1143     0112                     CM1CON1         equ	274	;# 
  1144     0115                     CMOUT           equ	277	;# 
  1145     0116                     BORCON          equ	278	;# 
  1146     0117                     FVRCON          equ	279	;# 
  1147     0118                     DACCON0         equ	280	;# 
  1148     0119                     DACCON1         equ	281	;# 
  1149     011D                     APFCON          equ	285	;# 
  1150     011D                     APFCON0         equ	285	;# 
  1151     018C                     ANSELA          equ	396	;# 
  1152     0191                     PMADR           equ	401	;# 
  1153     0191                     PMADRL          equ	401	;# 
  1154     0192                     PMADRH          equ	402	;# 
  1155     0193                     PMDAT           equ	403	;# 
  1156     0193                     PMDATL          equ	403	;# 
  1157     0194                     PMDATH          equ	404	;# 
  1158     0195                     PMCON1          equ	405	;# 
  1159     0196                     PMCON2          equ	406	;# 
  1160     0197                     VREGCON         equ	407	;# 
  1161     0199                     RCREG           equ	409	;# 
  1162     019A                     TXREG           equ	410	;# 
  1163     019B                     SPBRG           equ	411	;# 
  1164     019B                     SPBRGL          equ	411	;# 
  1165     019C                     SPBRGH          equ	412	;# 
  1166     019D                     RCSTA           equ	413	;# 
  1167     019E                     TXSTA           equ	414	;# 
  1168     019F                     BAUDCON         equ	415	;# 
  1169     020C                     WPUA            equ	524	;# 
  1170     028C                     ODCONA          equ	652	;# 
  1171     030C                     SLRCONA         equ	780	;# 
  1172     038C                     INLVLA          equ	908	;# 
  1173     0391                     IOCAP           equ	913	;# 
  1174     0392                     IOCAN           equ	914	;# 
  1175     0393                     IOCAF           equ	915	;# 
  1176     0691                     CWG1DBR         equ	1681	;# 
  1177     0692                     CWG1DBF         equ	1682	;# 
  1178     0693                     CWG1CON0        equ	1683	;# 
  1179     0694                     CWG1CON1        equ	1684	;# 
  1180     0695                     CWG1CON2        equ	1685	;# 
  1181     0D8E                     PWMEN           equ	3470	;# 
  1182     0D8F                     PWMLD           equ	3471	;# 
  1183     0D90                     PWMOUT          equ	3472	;# 
  1184     0D91                     PWM1PH          equ	3473	;# 
  1185     0D91                     PWM1PHL         equ	3473	;# 
  1186     0D92                     PWM1PHH         equ	3474	;# 
  1187     0D93                     PWM1DC          equ	3475	;# 
  1188     0D93                     PWM1DCL         equ	3475	;# 
  1189     0D94                     PWM1DCH         equ	3476	;# 
  1190     0D95                     PWM1PR          equ	3477	;# 
  1191     0D95                     PWM1PRL         equ	3477	;# 
  1192     0D96                     PWM1PRH         equ	3478	;# 
  1193     0D97                     PWM1OF          equ	3479	;# 
  1194     0D97                     PWM1OFL         equ	3479	;# 
  1195     0D98                     PWM1OFH         equ	3480	;# 
  1196     0D99                     PWM1TMR         equ	3481	;# 
  1197     0D99                     PWM1TMRL        equ	3481	;# 
  1198     0D9A                     PWM1TMRH        equ	3482	;# 
  1199     0D9B                     PWM1CON         equ	3483	;# 
  1200     0D9C                     PWM1INTE        equ	3484	;# 
  1201     0D9C                     PWM1INTCON      equ	3484	;# 
  1202     0D9D                     PWM1INTF        equ	3485	;# 
  1203     0D9D                     PWM1INTFLG      equ	3485	;# 
  1204     0D9E                     PWM1CLKCON      equ	3486	;# 
  1205     0D9F                     PWM1LDCON       equ	3487	;# 
  1206     0DA0                     PWM1OFCON       equ	3488	;# 
  1207     0DA1                     PWM2PH          equ	3489	;# 
  1208     0DA1                     PWM2PHL         equ	3489	;# 
  1209     0DA2                     PWM2PHH         equ	3490	;# 
  1210     0DA3                     PWM2DC          equ	3491	;# 
  1211     0DA3                     PWM2DCL         equ	3491	;# 
  1212     0DA4                     PWM2DCH         equ	3492	;# 
  1213     0DA5                     PWM2PR          equ	3493	;# 
  1214     0DA5                     PWM2PRL         equ	3493	;# 
  1215     0DA6                     PWM2PRH         equ	3494	;# 
  1216     0DA7                     PWM2OF          equ	3495	;# 
  1217     0DA7                     PWM2OFL         equ	3495	;# 
  1218     0DA8                     PWM2OFH         equ	3496	;# 
  1219     0DA9                     PWM2TMR         equ	3497	;# 
  1220     0DA9                     PWM2TMRL        equ	3497	;# 
  1221     0DAA                     PWM2TMRH        equ	3498	;# 
  1222     0DAB                     PWM2CON         equ	3499	;# 
  1223     0DAC                     PWM2INTE        equ	3500	;# 
  1224     0DAC                     PWM2INTCON      equ	3500	;# 
  1225     0DAD                     PWM2INTF        equ	3501	;# 
  1226     0DAD                     PWM2INTFLG      equ	3501	;# 
  1227     0DAE                     PWM2CLKCON      equ	3502	;# 
  1228     0DAF                     PWM2LDCON       equ	3503	;# 
  1229     0DB0                     PWM2OFCON       equ	3504	;# 
  1230     0DB1                     PWM3PH          equ	3505	;# 
  1231     0DB1                     PWM3PHL         equ	3505	;# 
  1232     0DB2                     PWM3PHH         equ	3506	;# 
  1233     0DB3                     PWM3DC          equ	3507	;# 
  1234     0DB3                     PWM3DCL         equ	3507	;# 
  1235     0DB4                     PWM3DCH         equ	3508	;# 
  1236     0DB5                     PWM3PR          equ	3509	;# 
  1237     0DB5                     PWM3PRL         equ	3509	;# 
  1238     0DB6                     PWM3PRH         equ	3510	;# 
  1239     0DB7                     PWM3OF          equ	3511	;# 
  1240     0DB7                     PWM3OFL         equ	3511	;# 
  1241     0DB8                     PWM3OFH         equ	3512	;# 
  1242     0DB9                     PWM3TMR         equ	3513	;# 
  1243     0DB9                     PWM3TMRL        equ	3513	;# 
  1244     0DBA                     PWM3TMRH        equ	3514	;# 
  1245     0DBB                     PWM3CON         equ	3515	;# 
  1246     0DBC                     PWM3INTE        equ	3516	;# 
  1247     0DBC                     PWM3INTCON      equ	3516	;# 
  1248     0DBD                     PWM3INTF        equ	3517	;# 
  1249     0DBD                     PWM3INTFLG      equ	3517	;# 
  1250     0DBE                     PWM3CLKCON      equ	3518	;# 
  1251     0DBF                     PWM3LDCON       equ	3519	;# 
  1252     0DC0                     PWM3OFCON       equ	3520	;# 
  1253     0FE4                     STATUS_SHAD     equ	4068	;# 
  1254     0FE5                     WREG_SHAD       equ	4069	;# 
  1255     0FE6                     BSR_SHAD        equ	4070	;# 
  1256     0FE7                     PCLATH_SHAD     equ	4071	;# 
  1257     0FE8                     FSR0_SHAD       equ	4072	;# 
  1258     0FE8                     FSR0L_SHAD      equ	4072	;# 
  1259     0FE9                     FSR0H_SHAD      equ	4073	;# 
  1260     0FEA                     FSR1_SHAD       equ	4074	;# 
  1261     0FEA                     FSR1L_SHAD      equ	4074	;# 
  1262     0FEB                     FSR1H_SHAD      equ	4075	;# 
  1263     0FED                     STKPTR          equ	4077	;# 
  1264     0FEE                     TOS             equ	4078	;# 
  1265     0FEE                     TOSL            equ	4078	;# 
  1266     0FEF                     TOSH            equ	4079	;# 
  1267     0000                     INDF0           equ	0	;# 
  1268     0001                     INDF1           equ	1	;# 
  1269     0002                     PCL             equ	2	;# 
  1270     0003                     STATUS          equ	3	;# 
  1271     0004                     FSR0L           equ	4	;# 
  1272     0005                     FSR0H           equ	5	;# 
  1273     0006                     FSR1L           equ	6	;# 
  1274     0007                     FSR1H           equ	7	;# 
  1275     0008                     BSR             equ	8	;# 
  1276     0009                     WREG            equ	9	;# 
  1277     000A                     PCLATH          equ	10	;# 
  1278     000B                     INTCON          equ	11	;# 
  1279     000C                     PORTA           equ	12	;# 
  1280     0011                     PIR1            equ	17	;# 
  1281     0012                     PIR2            equ	18	;# 
  1282     0013                     PIR3            equ	19	;# 
  1283     0015                     TMR0            equ	21	;# 
  1284     0016                     TMR1            equ	22	;# 
  1285     0016                     TMR1L           equ	22	;# 
  1286     0017                     TMR1H           equ	23	;# 
  1287     0018                     T1CON           equ	24	;# 
  1288     0019                     T1GCON          equ	25	;# 
  1289     001A                     TMR2            equ	26	;# 
  1290     001B                     PR2             equ	27	;# 
  1291     001C                     T2CON           equ	28	;# 
  1292     008C                     TRISA           equ	140	;# 
  1293     0091                     PIE1            equ	145	;# 
  1294     0092                     PIE2            equ	146	;# 
  1295     0093                     PIE3            equ	147	;# 
  1296     0095                     OPTION_REG      equ	149	;# 
  1297     0096                     PCON            equ	150	;# 
  1298     0097                     WDTCON          equ	151	;# 
  1299     0098                     OSCTUNE         equ	152	;# 
  1300     0099                     OSCCON          equ	153	;# 
  1301     009A                     OSCSTAT         equ	154	;# 
  1302     009B                     ADRES           equ	155	;# 
  1303     009B                     ADRESL          equ	155	;# 
  1304     009C                     ADRESH          equ	156	;# 
  1305     009D                     ADCON0          equ	157	;# 
  1306     009E                     ADCON1          equ	158	;# 
  1307     009F                     ADCON2          equ	159	;# 
  1308     010C                     LATA            equ	268	;# 
  1309     0111                     CM1CON0         equ	273	;# 
  1310     0112                     CM1CON1         equ	274	;# 
  1311     0115                     CMOUT           equ	277	;# 
  1312     0116                     BORCON          equ	278	;# 
  1313     0117                     FVRCON          equ	279	;# 
  1314     0118                     DACCON0         equ	280	;# 
  1315     0119                     DACCON1         equ	281	;# 
  1316     011D                     APFCON          equ	285	;# 
  1317     011D                     APFCON0         equ	285	;# 
  1318     018C                     ANSELA          equ	396	;# 
  1319     0191                     PMADR           equ	401	;# 
  1320     0191                     PMADRL          equ	401	;# 
  1321     0192                     PMADRH          equ	402	;# 
  1322     0193                     PMDAT           equ	403	;# 
  1323     0193                     PMDATL          equ	403	;# 
  1324     0194                     PMDATH          equ	404	;# 
  1325     0195                     PMCON1          equ	405	;# 
  1326     0196                     PMCON2          equ	406	;# 
  1327     0197                     VREGCON         equ	407	;# 
  1328     0199                     RCREG           equ	409	;# 
  1329     019A                     TXREG           equ	410	;# 
  1330     019B                     SPBRG           equ	411	;# 
  1331     019B                     SPBRGL          equ	411	;# 
  1332     019C                     SPBRGH          equ	412	;# 
  1333     019D                     RCSTA           equ	413	;# 
  1334     019E                     TXSTA           equ	414	;# 
  1335     019F                     BAUDCON         equ	415	;# 
  1336     020C                     WPUA            equ	524	;# 
  1337     028C                     ODCONA          equ	652	;# 
  1338     030C                     SLRCONA         equ	780	;# 
  1339     038C                     INLVLA          equ	908	;# 
  1340     0391                     IOCAP           equ	913	;# 
  1341     0392                     IOCAN           equ	914	;# 
  1342     0393                     IOCAF           equ	915	;# 
  1343     0691                     CWG1DBR         equ	1681	;# 
  1344     0692                     CWG1DBF         equ	1682	;# 
  1345     0693                     CWG1CON0        equ	1683	;# 
  1346     0694                     CWG1CON1        equ	1684	;# 
  1347     0695                     CWG1CON2        equ	1685	;# 
  1348     0D8E                     PWMEN           equ	3470	;# 
  1349     0D8F                     PWMLD           equ	3471	;# 
  1350     0D90                     PWMOUT          equ	3472	;# 
  1351     0D91                     PWM1PH          equ	3473	;# 
  1352     0D91                     PWM1PHL         equ	3473	;# 
  1353     0D92                     PWM1PHH         equ	3474	;# 
  1354     0D93                     PWM1DC          equ	3475	;# 
  1355     0D93                     PWM1DCL         equ	3475	;# 
  1356     0D94                     PWM1DCH         equ	3476	;# 
  1357     0D95                     PWM1PR          equ	3477	;# 
  1358     0D95                     PWM1PRL         equ	3477	;# 
  1359     0D96                     PWM1PRH         equ	3478	;# 
  1360     0D97                     PWM1OF          equ	3479	;# 
  1361     0D97                     PWM1OFL         equ	3479	;# 
  1362     0D98                     PWM1OFH         equ	3480	;# 
  1363     0D99                     PWM1TMR         equ	3481	;# 
  1364     0D99                     PWM1TMRL        equ	3481	;# 
  1365     0D9A                     PWM1TMRH        equ	3482	;# 
  1366     0D9B                     PWM1CON         equ	3483	;# 
  1367     0D9C                     PWM1INTE        equ	3484	;# 
  1368     0D9C                     PWM1INTCON      equ	3484	;# 
  1369     0D9D                     PWM1INTF        equ	3485	;# 
  1370     0D9D                     PWM1INTFLG      equ	3485	;# 
  1371     0D9E                     PWM1CLKCON      equ	3486	;# 
  1372     0D9F                     PWM1LDCON       equ	3487	;# 
  1373     0DA0                     PWM1OFCON       equ	3488	;# 
  1374     0DA1                     PWM2PH          equ	3489	;# 
  1375     0DA1                     PWM2PHL         equ	3489	;# 
  1376     0DA2                     PWM2PHH         equ	3490	;# 
  1377     0DA3                     PWM2DC          equ	3491	;# 
  1378     0DA3                     PWM2DCL         equ	3491	;# 
  1379     0DA4                     PWM2DCH         equ	3492	;# 
  1380     0DA5                     PWM2PR          equ	3493	;# 
  1381     0DA5                     PWM2PRL         equ	3493	;# 
  1382     0DA6                     PWM2PRH         equ	3494	;# 
  1383     0DA7                     PWM2OF          equ	3495	;# 
  1384     0DA7                     PWM2OFL         equ	3495	;# 
  1385     0DA8                     PWM2OFH         equ	3496	;# 
  1386     0DA9                     PWM2TMR         equ	3497	;# 
  1387     0DA9                     PWM2TMRL        equ	3497	;# 
  1388     0DAA                     PWM2TMRH        equ	3498	;# 
  1389     0DAB                     PWM2CON         equ	3499	;# 
  1390     0DAC                     PWM2INTE        equ	3500	;# 
  1391     0DAC                     PWM2INTCON      equ	3500	;# 
  1392     0DAD                     PWM2INTF        equ	3501	;# 
  1393     0DAD                     PWM2INTFLG      equ	3501	;# 
  1394     0DAE                     PWM2CLKCON      equ	3502	;# 
  1395     0DAF                     PWM2LDCON       equ	3503	;# 
  1396     0DB0                     PWM2OFCON       equ	3504	;# 
  1397     0DB1                     PWM3PH          equ	3505	;# 
  1398     0DB1                     PWM3PHL         equ	3505	;# 
  1399     0DB2                     PWM3PHH         equ	3506	;# 
  1400     0DB3                     PWM3DC          equ	3507	;# 
  1401     0DB3                     PWM3DCL         equ	3507	;# 
  1402     0DB4                     PWM3DCH         equ	3508	;# 
  1403     0DB5                     PWM3PR          equ	3509	;# 
  1404     0DB5                     PWM3PRL         equ	3509	;# 
  1405     0DB6                     PWM3PRH         equ	3510	;# 
  1406     0DB7                     PWM3OF          equ	3511	;# 
  1407     0DB7                     PWM3OFL         equ	3511	;# 
  1408     0DB8                     PWM3OFH         equ	3512	;# 
  1409     0DB9                     PWM3TMR         equ	3513	;# 
  1410     0DB9                     PWM3TMRL        equ	3513	;# 
  1411     0DBA                     PWM3TMRH        equ	3514	;# 
  1412     0DBB                     PWM3CON         equ	3515	;# 
  1413     0DBC                     PWM3INTE        equ	3516	;# 
  1414     0DBC                     PWM3INTCON      equ	3516	;# 
  1415     0DBD                     PWM3INTF        equ	3517	;# 
  1416     0DBD                     PWM3INTFLG      equ	3517	;# 
  1417     0DBE                     PWM3CLKCON      equ	3518	;# 
  1418     0DBF                     PWM3LDCON       equ	3519	;# 
  1419     0DC0                     PWM3OFCON       equ	3520	;# 
  1420     0FE4                     STATUS_SHAD     equ	4068	;# 
  1421     0FE5                     WREG_SHAD       equ	4069	;# 
  1422     0FE6                     BSR_SHAD        equ	4070	;# 
  1423     0FE7                     PCLATH_SHAD     equ	4071	;# 
  1424     0FE8                     FSR0_SHAD       equ	4072	;# 
  1425     0FE8                     FSR0L_SHAD      equ	4072	;# 
  1426     0FE9                     FSR0H_SHAD      equ	4073	;# 
  1427     0FEA                     FSR1_SHAD       equ	4074	;# 
  1428     0FEA                     FSR1L_SHAD      equ	4074	;# 
  1429     0FEB                     FSR1H_SHAD      equ	4075	;# 
  1430     0FED                     STKPTR          equ	4077	;# 
  1431     0FEE                     TOS             equ	4078	;# 
  1432     0FEE                     TOSL            equ	4078	;# 
  1433     0FEF                     TOSH            equ	4079	;# 
  1434     0000                     INDF0           equ	0	;# 
  1435     0001                     INDF1           equ	1	;# 
  1436     0002                     PCL             equ	2	;# 
  1437     0003                     STATUS          equ	3	;# 
  1438     0004                     FSR0L           equ	4	;# 
  1439     0005                     FSR0H           equ	5	;# 
  1440     0006                     FSR1L           equ	6	;# 
  1441     0007                     FSR1H           equ	7	;# 
  1442     0008                     BSR             equ	8	;# 
  1443     0009                     WREG            equ	9	;# 
  1444     000A                     PCLATH          equ	10	;# 
  1445     000B                     INTCON          equ	11	;# 
  1446     000C                     PORTA           equ	12	;# 
  1447     0011                     PIR1            equ	17	;# 
  1448     0012                     PIR2            equ	18	;# 
  1449     0013                     PIR3            equ	19	;# 
  1450     0015                     TMR0            equ	21	;# 
  1451     0016                     TMR1            equ	22	;# 
  1452     0016                     TMR1L           equ	22	;# 
  1453     0017                     TMR1H           equ	23	;# 
  1454     0018                     T1CON           equ	24	;# 
  1455     0019                     T1GCON          equ	25	;# 
  1456     001A                     TMR2            equ	26	;# 
  1457     001B                     PR2             equ	27	;# 
  1458     001C                     T2CON           equ	28	;# 
  1459     008C                     TRISA           equ	140	;# 
  1460     0091                     PIE1            equ	145	;# 
  1461     0092                     PIE2            equ	146	;# 
  1462     0093                     PIE3            equ	147	;# 
  1463     0095                     OPTION_REG      equ	149	;# 
  1464     0096                     PCON            equ	150	;# 
  1465     0097                     WDTCON          equ	151	;# 
  1466     0098                     OSCTUNE         equ	152	;# 
  1467     0099                     OSCCON          equ	153	;# 
  1468     009A                     OSCSTAT         equ	154	;# 
  1469     009B                     ADRES           equ	155	;# 
  1470     009B                     ADRESL          equ	155	;# 
  1471     009C                     ADRESH          equ	156	;# 
  1472     009D                     ADCON0          equ	157	;# 
  1473     009E                     ADCON1          equ	158	;# 
  1474     009F                     ADCON2          equ	159	;# 
  1475     010C                     LATA            equ	268	;# 
  1476     0111                     CM1CON0         equ	273	;# 
  1477     0112                     CM1CON1         equ	274	;# 
  1478     0115                     CMOUT           equ	277	;# 
  1479     0116                     BORCON          equ	278	;# 
  1480     0117                     FVRCON          equ	279	;# 
  1481     0118                     DACCON0         equ	280	;# 
  1482     0119                     DACCON1         equ	281	;# 
  1483     011D                     APFCON          equ	285	;# 
  1484     011D                     APFCON0         equ	285	;# 
  1485     018C                     ANSELA          equ	396	;# 
  1486     0191                     PMADR           equ	401	;# 
  1487     0191                     PMADRL          equ	401	;# 
  1488     0192                     PMADRH          equ	402	;# 
  1489     0193                     PMDAT           equ	403	;# 
  1490     0193                     PMDATL          equ	403	;# 
  1491     0194                     PMDATH          equ	404	;# 
  1492     0195                     PMCON1          equ	405	;# 
  1493     0196                     PMCON2          equ	406	;# 
  1494     0197                     VREGCON         equ	407	;# 
  1495     0199                     RCREG           equ	409	;# 
  1496     019A                     TXREG           equ	410	;# 
  1497     019B                     SPBRG           equ	411	;# 
  1498     019B                     SPBRGL          equ	411	;# 
  1499     019C                     SPBRGH          equ	412	;# 
  1500     019D                     RCSTA           equ	413	;# 
  1501     019E                     TXSTA           equ	414	;# 
  1502     019F                     BAUDCON         equ	415	;# 
  1503     020C                     WPUA            equ	524	;# 
  1504     028C                     ODCONA          equ	652	;# 
  1505     030C                     SLRCONA         equ	780	;# 
  1506     038C                     INLVLA          equ	908	;# 
  1507     0391                     IOCAP           equ	913	;# 
  1508     0392                     IOCAN           equ	914	;# 
  1509     0393                     IOCAF           equ	915	;# 
  1510     0691                     CWG1DBR         equ	1681	;# 
  1511     0692                     CWG1DBF         equ	1682	;# 
  1512     0693                     CWG1CON0        equ	1683	;# 
  1513     0694                     CWG1CON1        equ	1684	;# 
  1514     0695                     CWG1CON2        equ	1685	;# 
  1515     0D8E                     PWMEN           equ	3470	;# 
  1516     0D8F                     PWMLD           equ	3471	;# 
  1517     0D90                     PWMOUT          equ	3472	;# 
  1518     0D91                     PWM1PH          equ	3473	;# 
  1519     0D91                     PWM1PHL         equ	3473	;# 
  1520     0D92                     PWM1PHH         equ	3474	;# 
  1521     0D93                     PWM1DC          equ	3475	;# 
  1522     0D93                     PWM1DCL         equ	3475	;# 
  1523     0D94                     PWM1DCH         equ	3476	;# 
  1524     0D95                     PWM1PR          equ	3477	;# 
  1525     0D95                     PWM1PRL         equ	3477	;# 
  1526     0D96                     PWM1PRH         equ	3478	;# 
  1527     0D97                     PWM1OF          equ	3479	;# 
  1528     0D97                     PWM1OFL         equ	3479	;# 
  1529     0D98                     PWM1OFH         equ	3480	;# 
  1530     0D99                     PWM1TMR         equ	3481	;# 
  1531     0D99                     PWM1TMRL        equ	3481	;# 
  1532     0D9A                     PWM1TMRH        equ	3482	;# 
  1533     0D9B                     PWM1CON         equ	3483	;# 
  1534     0D9C                     PWM1INTE        equ	3484	;# 
  1535     0D9C                     PWM1INTCON      equ	3484	;# 
  1536     0D9D                     PWM1INTF        equ	3485	;# 
  1537     0D9D                     PWM1INTFLG      equ	3485	;# 
  1538     0D9E                     PWM1CLKCON      equ	3486	;# 
  1539     0D9F                     PWM1LDCON       equ	3487	;# 
  1540     0DA0                     PWM1OFCON       equ	3488	;# 
  1541     0DA1                     PWM2PH          equ	3489	;# 
  1542     0DA1                     PWM2PHL         equ	3489	;# 
  1543     0DA2                     PWM2PHH         equ	3490	;# 
  1544     0DA3                     PWM2DC          equ	3491	;# 
  1545     0DA3                     PWM2DCL         equ	3491	;# 
  1546     0DA4                     PWM2DCH         equ	3492	;# 
  1547     0DA5                     PWM2PR          equ	3493	;# 
  1548     0DA5                     PWM2PRL         equ	3493	;# 
  1549     0DA6                     PWM2PRH         equ	3494	;# 
  1550     0DA7                     PWM2OF          equ	3495	;# 
  1551     0DA7                     PWM2OFL         equ	3495	;# 
  1552     0DA8                     PWM2OFH         equ	3496	;# 
  1553     0DA9                     PWM2TMR         equ	3497	;# 
  1554     0DA9                     PWM2TMRL        equ	3497	;# 
  1555     0DAA                     PWM2TMRH        equ	3498	;# 
  1556     0DAB                     PWM2CON         equ	3499	;# 
  1557     0DAC                     PWM2INTE        equ	3500	;# 
  1558     0DAC                     PWM2INTCON      equ	3500	;# 
  1559     0DAD                     PWM2INTF        equ	3501	;# 
  1560     0DAD                     PWM2INTFLG      equ	3501	;# 
  1561     0DAE                     PWM2CLKCON      equ	3502	;# 
  1562     0DAF                     PWM2LDCON       equ	3503	;# 
  1563     0DB0                     PWM2OFCON       equ	3504	;# 
  1564     0DB1                     PWM3PH          equ	3505	;# 
  1565     0DB1                     PWM3PHL         equ	3505	;# 
  1566     0DB2                     PWM3PHH         equ	3506	;# 
  1567     0DB3                     PWM3DC          equ	3507	;# 
  1568     0DB3                     PWM3DCL         equ	3507	;# 
  1569     0DB4                     PWM3DCH         equ	3508	;# 
  1570     0DB5                     PWM3PR          equ	3509	;# 
  1571     0DB5                     PWM3PRL         equ	3509	;# 
  1572     0DB6                     PWM3PRH         equ	3510	;# 
  1573     0DB7                     PWM3OF          equ	3511	;# 
  1574     0DB7                     PWM3OFL         equ	3511	;# 
  1575     0DB8                     PWM3OFH         equ	3512	;# 
  1576     0DB9                     PWM3TMR         equ	3513	;# 
  1577     0DB9                     PWM3TMRL        equ	3513	;# 
  1578     0DBA                     PWM3TMRH        equ	3514	;# 
  1579     0DBB                     PWM3CON         equ	3515	;# 
  1580     0DBC                     PWM3INTE        equ	3516	;# 
  1581     0DBC                     PWM3INTCON      equ	3516	;# 
  1582     0DBD                     PWM3INTF        equ	3517	;# 
  1583     0DBD                     PWM3INTFLG      equ	3517	;# 
  1584     0DBE                     PWM3CLKCON      equ	3518	;# 
  1585     0DBF                     PWM3LDCON       equ	3519	;# 
  1586     0DC0                     PWM3OFCON       equ	3520	;# 
  1587     0FE4                     STATUS_SHAD     equ	4068	;# 
  1588     0FE5                     WREG_SHAD       equ	4069	;# 
  1589     0FE6                     BSR_SHAD        equ	4070	;# 
  1590     0FE7                     PCLATH_SHAD     equ	4071	;# 
  1591     0FE8                     FSR0_SHAD       equ	4072	;# 
  1592     0FE8                     FSR0L_SHAD      equ	4072	;# 
  1593     0FE9                     FSR0H_SHAD      equ	4073	;# 
  1594     0FEA                     FSR1_SHAD       equ	4074	;# 
  1595     0FEA                     FSR1L_SHAD      equ	4074	;# 
  1596     0FEB                     FSR1H_SHAD      equ	4075	;# 
  1597     0FED                     STKPTR          equ	4077	;# 
  1598     0FEE                     TOS             equ	4078	;# 
  1599     0FEE                     TOSL            equ	4078	;# 
  1600     0FEF                     TOSH            equ	4079	;# 
  1601     0000                     INDF0           equ	0	;# 
  1602     0001                     INDF1           equ	1	;# 
  1603     0002                     PCL             equ	2	;# 
  1604     0003                     STATUS          equ	3	;# 
  1605     0004                     FSR0L           equ	4	;# 
  1606     0005                     FSR0H           equ	5	;# 
  1607     0006                     FSR1L           equ	6	;# 
  1608     0007                     FSR1H           equ	7	;# 
  1609     0008                     BSR             equ	8	;# 
  1610     0009                     WREG            equ	9	;# 
  1611     000A                     PCLATH          equ	10	;# 
  1612     000B                     INTCON          equ	11	;# 
  1613     000C                     PORTA           equ	12	;# 
  1614     0011                     PIR1            equ	17	;# 
  1615     0012                     PIR2            equ	18	;# 
  1616     0013                     PIR3            equ	19	;# 
  1617     0015                     TMR0            equ	21	;# 
  1618     0016                     TMR1            equ	22	;# 
  1619     0016                     TMR1L           equ	22	;# 
  1620     0017                     TMR1H           equ	23	;# 
  1621     0018                     T1CON           equ	24	;# 
  1622     0019                     T1GCON          equ	25	;# 
  1623     001A                     TMR2            equ	26	;# 
  1624     001B                     PR2             equ	27	;# 
  1625     001C                     T2CON           equ	28	;# 
  1626     008C                     TRISA           equ	140	;# 
  1627     0091                     PIE1            equ	145	;# 
  1628     0092                     PIE2            equ	146	;# 
  1629     0093                     PIE3            equ	147	;# 
  1630     0095                     OPTION_REG      equ	149	;# 
  1631     0096                     PCON            equ	150	;# 
  1632     0097                     WDTCON          equ	151	;# 
  1633     0098                     OSCTUNE         equ	152	;# 
  1634     0099                     OSCCON          equ	153	;# 
  1635     009A                     OSCSTAT         equ	154	;# 
  1636     009B                     ADRES           equ	155	;# 
  1637     009B                     ADRESL          equ	155	;# 
  1638     009C                     ADRESH          equ	156	;# 
  1639     009D                     ADCON0          equ	157	;# 
  1640     009E                     ADCON1          equ	158	;# 
  1641     009F                     ADCON2          equ	159	;# 
  1642     010C                     LATA            equ	268	;# 
  1643     0111                     CM1CON0         equ	273	;# 
  1644     0112                     CM1CON1         equ	274	;# 
  1645     0115                     CMOUT           equ	277	;# 
  1646     0116                     BORCON          equ	278	;# 
  1647     0117                     FVRCON          equ	279	;# 
  1648     0118                     DACCON0         equ	280	;# 
  1649     0119                     DACCON1         equ	281	;# 
  1650     011D                     APFCON          equ	285	;# 
  1651     011D                     APFCON0         equ	285	;# 
  1652     018C                     ANSELA          equ	396	;# 
  1653     0191                     PMADR           equ	401	;# 
  1654     0191                     PMADRL          equ	401	;# 
  1655     0192                     PMADRH          equ	402	;# 
  1656     0193                     PMDAT           equ	403	;# 
  1657     0193                     PMDATL          equ	403	;# 
  1658     0194                     PMDATH          equ	404	;# 
  1659     0195                     PMCON1          equ	405	;# 
  1660     0196                     PMCON2          equ	406	;# 
  1661     0197                     VREGCON         equ	407	;# 
  1662     0199                     RCREG           equ	409	;# 
  1663     019A                     TXREG           equ	410	;# 
  1664     019B                     SPBRG           equ	411	;# 
  1665     019B                     SPBRGL          equ	411	;# 
  1666     019C                     SPBRGH          equ	412	;# 
  1667     019D                     RCSTA           equ	413	;# 
  1668     019E                     TXSTA           equ	414	;# 
  1669     019F                     BAUDCON         equ	415	;# 
  1670     020C                     WPUA            equ	524	;# 
  1671     028C                     ODCONA          equ	652	;# 
  1672     030C                     SLRCONA         equ	780	;# 
  1673     038C                     INLVLA          equ	908	;# 
  1674     0391                     IOCAP           equ	913	;# 
  1675     0392                     IOCAN           equ	914	;# 
  1676     0393                     IOCAF           equ	915	;# 
  1677     0691                     CWG1DBR         equ	1681	;# 
  1678     0692                     CWG1DBF         equ	1682	;# 
  1679     0693                     CWG1CON0        equ	1683	;# 
  1680     0694                     CWG1CON1        equ	1684	;# 
  1681     0695                     CWG1CON2        equ	1685	;# 
  1682     0D8E                     PWMEN           equ	3470	;# 
  1683     0D8F                     PWMLD           equ	3471	;# 
  1684     0D90                     PWMOUT          equ	3472	;# 
  1685     0D91                     PWM1PH          equ	3473	;# 
  1686     0D91                     PWM1PHL         equ	3473	;# 
  1687     0D92                     PWM1PHH         equ	3474	;# 
  1688     0D93                     PWM1DC          equ	3475	;# 
  1689     0D93                     PWM1DCL         equ	3475	;# 
  1690     0D94                     PWM1DCH         equ	3476	;# 
  1691     0D95                     PWM1PR          equ	3477	;# 
  1692     0D95                     PWM1PRL         equ	3477	;# 
  1693     0D96                     PWM1PRH         equ	3478	;# 
  1694     0D97                     PWM1OF          equ	3479	;# 
  1695     0D97                     PWM1OFL         equ	3479	;# 
  1696     0D98                     PWM1OFH         equ	3480	;# 
  1697     0D99                     PWM1TMR         equ	3481	;# 
  1698     0D99                     PWM1TMRL        equ	3481	;# 
  1699     0D9A                     PWM1TMRH        equ	3482	;# 
  1700     0D9B                     PWM1CON         equ	3483	;# 
  1701     0D9C                     PWM1INTE        equ	3484	;# 
  1702     0D9C                     PWM1INTCON      equ	3484	;# 
  1703     0D9D                     PWM1INTF        equ	3485	;# 
  1704     0D9D                     PWM1INTFLG      equ	3485	;# 
  1705     0D9E                     PWM1CLKCON      equ	3486	;# 
  1706     0D9F                     PWM1LDCON       equ	3487	;# 
  1707     0DA0                     PWM1OFCON       equ	3488	;# 
  1708     0DA1                     PWM2PH          equ	3489	;# 
  1709     0DA1                     PWM2PHL         equ	3489	;# 
  1710     0DA2                     PWM2PHH         equ	3490	;# 
  1711     0DA3                     PWM2DC          equ	3491	;# 
  1712     0DA3                     PWM2DCL         equ	3491	;# 
  1713     0DA4                     PWM2DCH         equ	3492	;# 
  1714     0DA5                     PWM2PR          equ	3493	;# 
  1715     0DA5                     PWM2PRL         equ	3493	;# 
  1716     0DA6                     PWM2PRH         equ	3494	;# 
  1717     0DA7                     PWM2OF          equ	3495	;# 
  1718     0DA7                     PWM2OFL         equ	3495	;# 
  1719     0DA8                     PWM2OFH         equ	3496	;# 
  1720     0DA9                     PWM2TMR         equ	3497	;# 
  1721     0DA9                     PWM2TMRL        equ	3497	;# 
  1722     0DAA                     PWM2TMRH        equ	3498	;# 
  1723     0DAB                     PWM2CON         equ	3499	;# 
  1724     0DAC                     PWM2INTE        equ	3500	;# 
  1725     0DAC                     PWM2INTCON      equ	3500	;# 
  1726     0DAD                     PWM2INTF        equ	3501	;# 
  1727     0DAD                     PWM2INTFLG      equ	3501	;# 
  1728     0DAE                     PWM2CLKCON      equ	3502	;# 
  1729     0DAF                     PWM2LDCON       equ	3503	;# 
  1730     0DB0                     PWM2OFCON       equ	3504	;# 
  1731     0DB1                     PWM3PH          equ	3505	;# 
  1732     0DB1                     PWM3PHL         equ	3505	;# 
  1733     0DB2                     PWM3PHH         equ	3506	;# 
  1734     0DB3                     PWM3DC          equ	3507	;# 
  1735     0DB3                     PWM3DCL         equ	3507	;# 
  1736     0DB4                     PWM3DCH         equ	3508	;# 
  1737     0DB5                     PWM3PR          equ	3509	;# 
  1738     0DB5                     PWM3PRL         equ	3509	;# 
  1739     0DB6                     PWM3PRH         equ	3510	;# 
  1740     0DB7                     PWM3OF          equ	3511	;# 
  1741     0DB7                     PWM3OFL         equ	3511	;# 
  1742     0DB8                     PWM3OFH         equ	3512	;# 
  1743     0DB9                     PWM3TMR         equ	3513	;# 
  1744     0DB9                     PWM3TMRL        equ	3513	;# 
  1745     0DBA                     PWM3TMRH        equ	3514	;# 
  1746     0DBB                     PWM3CON         equ	3515	;# 
  1747     0DBC                     PWM3INTE        equ	3516	;# 
  1748     0DBC                     PWM3INTCON      equ	3516	;# 
  1749     0DBD                     PWM3INTF        equ	3517	;# 
  1750     0DBD                     PWM3INTFLG      equ	3517	;# 
  1751     0DBE                     PWM3CLKCON      equ	3518	;# 
  1752     0DBF                     PWM3LDCON       equ	3519	;# 
  1753     0DC0                     PWM3OFCON       equ	3520	;# 
  1754     0FE4                     STATUS_SHAD     equ	4068	;# 
  1755     0FE5                     WREG_SHAD       equ	4069	;# 
  1756     0FE6                     BSR_SHAD        equ	4070	;# 
  1757     0FE7                     PCLATH_SHAD     equ	4071	;# 
  1758     0FE8                     FSR0_SHAD       equ	4072	;# 
  1759     0FE8                     FSR0L_SHAD      equ	4072	;# 
  1760     0FE9                     FSR0H_SHAD      equ	4073	;# 
  1761     0FEA                     FSR1_SHAD       equ	4074	;# 
  1762     0FEA                     FSR1L_SHAD      equ	4074	;# 
  1763     0FEB                     FSR1H_SHAD      equ	4075	;# 
  1764     0FED                     STKPTR          equ	4077	;# 
  1765     0FEE                     TOS             equ	4078	;# 
  1766     0FEE                     TOSL            equ	4078	;# 
  1767     0FEF                     TOSH            equ	4079	;# 
  1768     0000                     INDF0           equ	0	;# 
  1769     0001                     INDF1           equ	1	;# 
  1770     0002                     PCL             equ	2	;# 
  1771     0003                     STATUS          equ	3	;# 
  1772     0004                     FSR0L           equ	4	;# 
  1773     0005                     FSR0H           equ	5	;# 
  1774     0006                     FSR1L           equ	6	;# 
  1775     0007                     FSR1H           equ	7	;# 
  1776     0008                     BSR             equ	8	;# 
  1777     0009                     WREG            equ	9	;# 
  1778     000A                     PCLATH          equ	10	;# 
  1779     000B                     INTCON          equ	11	;# 
  1780     000C                     PORTA           equ	12	;# 
  1781     0011                     PIR1            equ	17	;# 
  1782     0012                     PIR2            equ	18	;# 
  1783     0013                     PIR3            equ	19	;# 
  1784     0015                     TMR0            equ	21	;# 
  1785     0016                     TMR1            equ	22	;# 
  1786     0016                     TMR1L           equ	22	;# 
  1787     0017                     TMR1H           equ	23	;# 
  1788     0018                     T1CON           equ	24	;# 
  1789     0019                     T1GCON          equ	25	;# 
  1790     001A                     TMR2            equ	26	;# 
  1791     001B                     PR2             equ	27	;# 
  1792     001C                     T2CON           equ	28	;# 
  1793     008C                     TRISA           equ	140	;# 
  1794     0091                     PIE1            equ	145	;# 
  1795     0092                     PIE2            equ	146	;# 
  1796     0093                     PIE3            equ	147	;# 
  1797     0095                     OPTION_REG      equ	149	;# 
  1798     0096                     PCON            equ	150	;# 
  1799     0097                     WDTCON          equ	151	;# 
  1800     0098                     OSCTUNE         equ	152	;# 
  1801     0099                     OSCCON          equ	153	;# 
  1802     009A                     OSCSTAT         equ	154	;# 
  1803     009B                     ADRES           equ	155	;# 
  1804     009B                     ADRESL          equ	155	;# 
  1805     009C                     ADRESH          equ	156	;# 
  1806     009D                     ADCON0          equ	157	;# 
  1807     009E                     ADCON1          equ	158	;# 
  1808     009F                     ADCON2          equ	159	;# 
  1809     010C                     LATA            equ	268	;# 
  1810     0111                     CM1CON0         equ	273	;# 
  1811     0112                     CM1CON1         equ	274	;# 
  1812     0115                     CMOUT           equ	277	;# 
  1813     0116                     BORCON          equ	278	;# 
  1814     0117                     FVRCON          equ	279	;# 
  1815     0118                     DACCON0         equ	280	;# 
  1816     0119                     DACCON1         equ	281	;# 
  1817     011D                     APFCON          equ	285	;# 
  1818     011D                     APFCON0         equ	285	;# 
  1819     018C                     ANSELA          equ	396	;# 
  1820     0191                     PMADR           equ	401	;# 
  1821     0191                     PMADRL          equ	401	;# 
  1822     0192                     PMADRH          equ	402	;# 
  1823     0193                     PMDAT           equ	403	;# 
  1824     0193                     PMDATL          equ	403	;# 
  1825     0194                     PMDATH          equ	404	;# 
  1826     0195                     PMCON1          equ	405	;# 
  1827     0196                     PMCON2          equ	406	;# 
  1828     0197                     VREGCON         equ	407	;# 
  1829     0199                     RCREG           equ	409	;# 
  1830     019A                     TXREG           equ	410	;# 
  1831     019B                     SPBRG           equ	411	;# 
  1832     019B                     SPBRGL          equ	411	;# 
  1833     019C                     SPBRGH          equ	412	;# 
  1834     019D                     RCSTA           equ	413	;# 
  1835     019E                     TXSTA           equ	414	;# 
  1836     019F                     BAUDCON         equ	415	;# 
  1837     020C                     WPUA            equ	524	;# 
  1838     028C                     ODCONA          equ	652	;# 
  1839     030C                     SLRCONA         equ	780	;# 
  1840     038C                     INLVLA          equ	908	;# 
  1841     0391                     IOCAP           equ	913	;# 
  1842     0392                     IOCAN           equ	914	;# 
  1843     0393                     IOCAF           equ	915	;# 
  1844     0691                     CWG1DBR         equ	1681	;# 
  1845     0692                     CWG1DBF         equ	1682	;# 
  1846     0693                     CWG1CON0        equ	1683	;# 
  1847     0694                     CWG1CON1        equ	1684	;# 
  1848     0695                     CWG1CON2        equ	1685	;# 
  1849     0D8E                     PWMEN           equ	3470	;# 
  1850     0D8F                     PWMLD           equ	3471	;# 
  1851     0D90                     PWMOUT          equ	3472	;# 
  1852     0D91                     PWM1PH          equ	3473	;# 
  1853     0D91                     PWM1PHL         equ	3473	;# 
  1854     0D92                     PWM1PHH         equ	3474	;# 
  1855     0D93                     PWM1DC          equ	3475	;# 
  1856     0D93                     PWM1DCL         equ	3475	;# 
  1857     0D94                     PWM1DCH         equ	3476	;# 
  1858     0D95                     PWM1PR          equ	3477	;# 
  1859     0D95                     PWM1PRL         equ	3477	;# 
  1860     0D96                     PWM1PRH         equ	3478	;# 
  1861     0D97                     PWM1OF          equ	3479	;# 
  1862     0D97                     PWM1OFL         equ	3479	;# 
  1863     0D98                     PWM1OFH         equ	3480	;# 
  1864     0D99                     PWM1TMR         equ	3481	;# 
  1865     0D99                     PWM1TMRL        equ	3481	;# 
  1866     0D9A                     PWM1TMRH        equ	3482	;# 
  1867     0D9B                     PWM1CON         equ	3483	;# 
  1868     0D9C                     PWM1INTE        equ	3484	;# 
  1869     0D9C                     PWM1INTCON      equ	3484	;# 
  1870     0D9D                     PWM1INTF        equ	3485	;# 
  1871     0D9D                     PWM1INTFLG      equ	3485	;# 
  1872     0D9E                     PWM1CLKCON      equ	3486	;# 
  1873     0D9F                     PWM1LDCON       equ	3487	;# 
  1874     0DA0                     PWM1OFCON       equ	3488	;# 
  1875     0DA1                     PWM2PH          equ	3489	;# 
  1876     0DA1                     PWM2PHL         equ	3489	;# 
  1877     0DA2                     PWM2PHH         equ	3490	;# 
  1878     0DA3                     PWM2DC          equ	3491	;# 
  1879     0DA3                     PWM2DCL         equ	3491	;# 
  1880     0DA4                     PWM2DCH         equ	3492	;# 
  1881     0DA5                     PWM2PR          equ	3493	;# 
  1882     0DA5                     PWM2PRL         equ	3493	;# 
  1883     0DA6                     PWM2PRH         equ	3494	;# 
  1884     0DA7                     PWM2OF          equ	3495	;# 
  1885     0DA7                     PWM2OFL         equ	3495	;# 
  1886     0DA8                     PWM2OFH         equ	3496	;# 
  1887     0DA9                     PWM2TMR         equ	3497	;# 
  1888     0DA9                     PWM2TMRL        equ	3497	;# 
  1889     0DAA                     PWM2TMRH        equ	3498	;# 
  1890     0DAB                     PWM2CON         equ	3499	;# 
  1891     0DAC                     PWM2INTE        equ	3500	;# 
  1892     0DAC                     PWM2INTCON      equ	3500	;# 
  1893     0DAD                     PWM2INTF        equ	3501	;# 
  1894     0DAD                     PWM2INTFLG      equ	3501	;# 
  1895     0DAE                     PWM2CLKCON      equ	3502	;# 
  1896     0DAF                     PWM2LDCON       equ	3503	;# 
  1897     0DB0                     PWM2OFCON       equ	3504	;# 
  1898     0DB1                     PWM3PH          equ	3505	;# 
  1899     0DB1                     PWM3PHL         equ	3505	;# 
  1900     0DB2                     PWM3PHH         equ	3506	;# 
  1901     0DB3                     PWM3DC          equ	3507	;# 
  1902     0DB3                     PWM3DCL         equ	3507	;# 
  1903     0DB4                     PWM3DCH         equ	3508	;# 
  1904     0DB5                     PWM3PR          equ	3509	;# 
  1905     0DB5                     PWM3PRL         equ	3509	;# 
  1906     0DB6                     PWM3PRH         equ	3510	;# 
  1907     0DB7                     PWM3OF          equ	3511	;# 
  1908     0DB7                     PWM3OFL         equ	3511	;# 
  1909     0DB8                     PWM3OFH         equ	3512	;# 
  1910     0DB9                     PWM3TMR         equ	3513	;# 
  1911     0DB9                     PWM3TMRL        equ	3513	;# 
  1912     0DBA                     PWM3TMRH        equ	3514	;# 
  1913     0DBB                     PWM3CON         equ	3515	;# 
  1914     0DBC                     PWM3INTE        equ	3516	;# 
  1915     0DBC                     PWM3INTCON      equ	3516	;# 
  1916     0DBD                     PWM3INTF        equ	3517	;# 
  1917     0DBD                     PWM3INTFLG      equ	3517	;# 
  1918     0DBE                     PWM3CLKCON      equ	3518	;# 
  1919     0DBF                     PWM3LDCON       equ	3519	;# 
  1920     0DC0                     PWM3OFCON       equ	3520	;# 
  1921     0FE4                     STATUS_SHAD     equ	4068	;# 
  1922     0FE5                     WREG_SHAD       equ	4069	;# 
  1923     0FE6                     BSR_SHAD        equ	4070	;# 
  1924     0FE7                     PCLATH_SHAD     equ	4071	;# 
  1925     0FE8                     FSR0_SHAD       equ	4072	;# 
  1926     0FE8                     FSR0L_SHAD      equ	4072	;# 
  1927     0FE9                     FSR0H_SHAD      equ	4073	;# 
  1928     0FEA                     FSR1_SHAD       equ	4074	;# 
  1929     0FEA                     FSR1L_SHAD      equ	4074	;# 
  1930     0FEB                     FSR1H_SHAD      equ	4075	;# 
  1931     0FED                     STKPTR          equ	4077	;# 
  1932     0FEE                     TOS             equ	4078	;# 
  1933     0FEE                     TOSL            equ	4078	;# 
  1934     0FEF                     TOSH            equ	4079	;# 
  1935                           
  1936                           	psect	nvBANK0
  1937     0027                     __pnvBANK0:
  1938     0027                     _Light_State:
  1939     0027                     	ds	2
  1940     0029                     _TMR1_InterruptHandler:
  1941     0029                     	ds	2
  1942     000B                     _INTCONbits     set	11
  1943     0019                     _T1GCONbits     set	25
  1944     0018                     _T1CONbits      set	24
  1945     0018                     _T1CON          set	24
  1946     0016                     _TMR1L          set	22
  1947     0017                     _TMR1H          set	23
  1948     0019                     _T1GCON         set	25
  1949     000C                     _PORTAbits      set	12
  1950     0011                     _PIR1bits       set	17
  1951     0091                     _PIE1bits       set	145
  1952     0097                     _WDTCON         set	151
  1953     0098                     _OSCTUNE        set	152
  1954     0099                     _OSCCON         set	153
  1955     009D                     _ADCON0bits     set	157
  1956     009D                     _ADCON0         set	157
  1957     009C                     _ADRESH         set	156
  1958     009B                     _ADRESL         set	155
  1959     009F                     _ADCON2         set	159
  1960     009E                     _ADCON1         set	158
  1961     0095                     _OPTION_REGbits set	149
  1962     008C                     _TRISA          set	140
  1963     008C                     _TRISAbits      set	140
  1964     0116                     _BORCON         set	278
  1965     011D                     _APFCON         set	285
  1966     010C                     _LATA           set	268
  1967     010C                     _LATAbits       set	268
  1968     0195                     _PMCON1         set	405
  1969     0196                     _PMCON2         set	406
  1970     0193                     _PMDATL         set	403
  1971     0194                     _PMDATH         set	404
  1972     0195                     _PMCON1bits     set	405
  1973     0192                     _PMADRH         set	402
  1974     0191                     _PMADRL         set	401
  1975     018C                     _ANSELA         set	396
  1976     020C                     _WPUA           set	524
  1977     028C                     _ODCONA         set	652
  1978     028C                     _ODCONAbits     set	652
  1979     030C                     _SLRCONA        set	780
  1980     038C                     _INLVLA         set	908
  1981                           
  1982                           	psect	stringtext1
  1983     0120                     __pstringtext1:
  1984     0120                     STR_1:
  1985     0120  344E               	retlw	78	;'N'
  1986     0121  346F               	retlw	111	;'o'
  1987     0122  3420               	retlw	32	;' '
  1988     0123  344D               	retlw	77	;'M'
  1989     0124  346F               	retlw	111	;'o'
  1990     0125  3474               	retlw	116	;'t'
  1991     0126  3469               	retlw	105	;'i'
  1992     0127  346F               	retlw	111	;'o'
  1993     0128  346E               	retlw	110	;'n'
  1994     0129  3420               	retlw	32	;' '
  1995     012A  346F               	retlw	111	;'o'
  1996     012B  3472               	retlw	114	;'r'
  1997     012C  3420               	retlw	32	;' '
  1998     012D  344E               	retlw	78	;'N'
  1999     012E  346F               	retlw	111	;'o'
  2000     012F  3420               	retlw	32	;' '
  2001     0130  344C               	retlw	76	;'L'
  2002     0131  3469               	retlw	105	;'i'
  2003     0132  3467               	retlw	103	;'g'
  2004     0133  3468               	retlw	104	;'h'
  2005     0134  3474               	retlw	116	;'t'
  2006     0135  3420               	retlw	32	;' '
  2007     0136  3450               	retlw	80	;'P'
  2008     0137  3472               	retlw	114	;'r'
  2009     0138  3465               	retlw	101	;'e'
  2010     0139  3473               	retlw	115	;'s'
  2011     013A  3465               	retlw	101	;'e'
  2012     013B  346E               	retlw	110	;'n'
  2013     013C  3474               	retlw	116	;'t'
  2014     013D  340D               	retlw	13
  2015     013E  340A               	retlw	10
  2016     013F  3400               	retlw	0
  2017                           
  2018                           	psect	stringtext2
  2019     0000                     __pstringtext2:
  2020                           
  2021                           	psect	cinit
  2022     001A                     start_initialization:	
  2023                           ; #config settings
  2024                           
  2025     001A                     __initialization:
  2026                           
  2027                           ; Clear objects allocated to COMMON
  2028     001A  01F9               	clrf	__pbssCOMMON& (0+127)
  2029     001B  01FA               	clrf	(__pbssCOMMON+1)& (0+127)
  2030     001C  01FB               	clrf	(__pbssCOMMON+2)& (0+127)
  2031                           
  2032                           ; Clear objects allocated to BANK0
  2033     001D  0020               	movlb	0	; select bank0
  2034     001E  01AB               	clrf	__pbssBANK0& (0+127)
  2035     001F  01AC               	clrf	(__pbssBANK0+1)& (0+127)
  2036     0020  01AD               	clrf	(__pbssBANK0+2)& (0+127)
  2037     0021  01AE               	clrf	(__pbssBANK0+3)& (0+127)
  2038     0022                     end_of_initialization:	
  2039                           ;End of C runtime variable initialization code
  2040                           
  2041     0022                     __end_of__initialization:
  2042     0022  107E               	bcf	int$flags,0	;clear compiler interrupt flag (level 1)
  2043     0023  0020               	movlb	0
  2044     0024  2861               	ljmp	_main	;jump to C main() function
  2045                           
  2046                           	psect	bssCOMMON
  2047     0079                     __pbssCOMMON:
  2048     0079                     _timer1ReloadVal:
  2049     0079                     	ds	2
  2050     007B                     _MotionPresent:
  2051     007B                     	ds	1
  2052                           
  2053                           	psect	bssBANK0
  2054     002B                     __pbssBANK0:
  2055     002B                     TMR1_ISR@CountCallBack:
  2056     002B                     	ds	2
  2057     002D                     _ADC1_InterruptHandler:
  2058     002D                     	ds	2
  2059                           
  2060                           	psect	cstackCOMMON
  2061     0070                     __pcstackCOMMON:
  2062     0070                     ?_UART_Init:
  2063     0070                     ?_TMR1_StopTimer:	
  2064                           ; 1 bytes @ 0x0
  2065                           
  2066     0070                     ?_IsDarkCondition:	
  2067                           ; 1 bytes @ 0x0
  2068                           
  2069     0070                     ?_IsMotionDetected:	
  2070                           ; 1 bytes @ 0x0
  2071                           
  2072     0070                     ?_TMR1_StartTimer:	
  2073                           ; 1 bytes @ 0x0
  2074                           
  2075     0070                     ?_TMR1_Reload:	
  2076                           ; 1 bytes @ 0x0
  2077                           
  2078     0070                     ?_ADC1_SelectChannel:	
  2079                           ; 1 bytes @ 0x0
  2080                           
  2081     0070                     ?_ADC1_StartConversion:	
  2082                           ; 1 bytes @ 0x0
  2083                           
  2084     0070                     ?_ADC1_IsConversionDone:	
  2085                           ; 1 bytes @ 0x0
  2086                           
  2087     0070                     ?_OSCILLATOR_Initialize:	
  2088                           ; 1 bytes @ 0x0
  2089                           
  2090     0070                     ?_WDT_Initialize:	
  2091                           ; 1 bytes @ 0x0
  2092                           
  2093     0070                     ?_TMR1_Initialize:	
  2094                           ; 1 bytes @ 0x0
  2095                           
  2096     0070                     ?_TMR1_DefaultInterruptHandler:	
  2097                           ; 1 bytes @ 0x0
  2098                           
  2099     0070                     ?_APP_Init:	
  2100                           ; 1 bytes @ 0x0
  2101                           
  2102     0070                     ?_APP_Task:	
  2103                           ; 1 bytes @ 0x0
  2104                           
  2105     0070                     ?_ReadPIR:	
  2106                           ; 1 bytes @ 0x0
  2107                           
  2108     0070                     ?_PIN_MANAGER_Initialize:	
  2109                           ; 1 bytes @ 0x0
  2110                           
  2111     0070                     ?_ADC1_Initialize:	
  2112                           ; 1 bytes @ 0x0
  2113                           
  2114     0070                     ?_SYSTEM_Initialize:	
  2115                           ; 1 bytes @ 0x0
  2116                           
  2117     0070                     ?_TMR1_CallBack:	
  2118                           ; 1 bytes @ 0x0
  2119                           
  2120     0070                     ?_TMR1_ISR:	
  2121                           ; 1 bytes @ 0x0
  2122                           
  2123     0070                     ?_INTERRUPT_InterruptManager:	
  2124                           ; 1 bytes @ 0x0
  2125                           
  2126     0070                     ?_UART_SendChar:	
  2127                           ; 1 bytes @ 0x0
  2128                           
  2129     0070                     ?_main:	
  2130                           ; 1 bytes @ 0x0
  2131                           
  2132     0070                     ?i1_TMR1_WriteTimer:	
  2133                           ; 1 bytes @ 0x0
  2134                           
  2135     0070                     i1TMR1_WriteTimer@timerVal:	
  2136                           ; 1 bytes @ 0x0
  2137                           
  2138     0070                     ??_TMR1_DefaultInterruptHandler:	
  2139                           ; 2 bytes @ 0x0
  2140                           
  2141     0070                     ??_TMR1_CallBack:	
  2142                           ; 1 bytes @ 0x0
  2143                           
  2144                           
  2145                           ; 1 bytes @ 0x0
  2146     0070                     	ds	2
  2147     0072                     ?_TMR1_SetInterruptHandler:
  2148     0072                     ?_TMR1_WriteTimer:	
  2149                           ; 1 bytes @ 0x2
  2150                           
  2151     0072                     ?_Flash_Write:	
  2152                           ; 1 bytes @ 0x2
  2153                           
  2154     0072                     ?_ADC1_GetConversionResult:	
  2155                           ; 1 bytes @ 0x2
  2156                           
  2157     0072                     ?_Flash_Read:	
  2158                           ; 2 bytes @ 0x2
  2159                           
  2160     0072                     TMR1_WriteTimer@timerVal:	
  2161                           ; 2 bytes @ 0x2
  2162                           
  2163     0072                     TMR1_SetInterruptHandler@InterruptHandler:	
  2164                           ; 2 bytes @ 0x2
  2165                           
  2166     0072                     Flash_Write@address:	
  2167                           ; 2 bytes @ 0x2
  2168                           
  2169     0072                     Flash_Read@address:	
  2170                           ; 2 bytes @ 0x2
  2171                           
  2172     0072                     ??_UART_Init:	
  2173                           ; 2 bytes @ 0x2
  2174                           
  2175     0072                     ??_TMR1_StopTimer:	
  2176                           ; 1 bytes @ 0x2
  2177                           
  2178     0072                     ??_IsMotionDetected:	
  2179                           ; 1 bytes @ 0x2
  2180                           
  2181     0072                     ??_TMR1_StartTimer:	
  2182                           ; 1 bytes @ 0x2
  2183                           
  2184     0072                     ??_ADC1_SelectChannel:	
  2185                           ; 1 bytes @ 0x2
  2186                           
  2187     0072                     ??_ADC1_StartConversion:	
  2188                           ; 1 bytes @ 0x2
  2189                           
  2190     0072                     ??_ADC1_IsConversionDone:	
  2191                           ; 1 bytes @ 0x2
  2192                           
  2193     0072                     ??_OSCILLATOR_Initialize:	
  2194                           ; 1 bytes @ 0x2
  2195                           
  2196     0072                     ??_WDT_Initialize:	
  2197                           ; 1 bytes @ 0x2
  2198                           
  2199     0072                     ??_APP_Init:	
  2200                           ; 1 bytes @ 0x2
  2201                           
  2202     0072                     ??_ReadPIR:	
  2203                           ; 1 bytes @ 0x2
  2204                           
  2205     0072                     ??_PIN_MANAGER_Initialize:	
  2206                           ; 1 bytes @ 0x2
  2207                           
  2208     0072                     ??_ADC1_Initialize:	
  2209                           ; 1 bytes @ 0x2
  2210                           
  2211     0072                     ??_TMR1_ISR:	
  2212                           ; 1 bytes @ 0x2
  2213                           
  2214     0072                     ??_INTERRUPT_InterruptManager:	
  2215                           ; 1 bytes @ 0x2
  2216                           
  2217     0072                     ??_UART_SendChar:	
  2218                           ; 1 bytes @ 0x2
  2219                           
  2220     0072                     ??i1_TMR1_WriteTimer:	
  2221                           ; 1 bytes @ 0x2
  2222                           
  2223                           
  2224                           ; 1 bytes @ 0x2
  2225     0072                     	ds	1
  2226     0073                     ADC1_SelectChannel@channel:
  2227                           
  2228                           ; 1 bytes @ 0x3
  2229     0073                     	ds	1
  2230     0074                     ?_ReadLDR1:
  2231     0074                     ?_ReadLDR2:	
  2232                           ; 2 bytes @ 0x4
  2233                           
  2234     0074                     UART_SendChar@data:	
  2235                           ; 2 bytes @ 0x4
  2236                           
  2237     0074                     Flash_Write@data:	
  2238                           ; 1 bytes @ 0x4
  2239                           
  2240     0074                     ??_TMR1_Reload:	
  2241                           ; 2 bytes @ 0x4
  2242                           
  2243     0074                     ??_ADC1_GetConversionResult:	
  2244                           ; 1 bytes @ 0x4
  2245                           
  2246     0074                     ??_TMR1_Initialize:	
  2247                           ; 1 bytes @ 0x4
  2248                           
  2249     0074                     ??_TMR1_SetInterruptHandler:	
  2250                           ; 1 bytes @ 0x4
  2251                           
  2252     0074                     ??_SYSTEM_Initialize:	
  2253                           ; 1 bytes @ 0x4
  2254                           
  2255     0074                     ??_TMR1_WriteTimer:	
  2256                           ; 1 bytes @ 0x4
  2257                           
  2258     0074                     ??_Flash_Read:	
  2259                           ; 1 bytes @ 0x4
  2260                           
  2261                           
  2262                           ; 1 bytes @ 0x4
  2263     0074                     	ds	1
  2264     0075                     UART_SendChar@i:
  2265                           
  2266                           ; 1 bytes @ 0x5
  2267     0075                     	ds	1
  2268     0076                     ?_UART_SendString:
  2269     0076                     UART_SendString@str:	
  2270                           ; 1 bytes @ 0x6
  2271                           
  2272     0076                     ??_IsDarkCondition:	
  2273                           ; 2 bytes @ 0x6
  2274                           
  2275     0076                     ??_ReadLDR1:	
  2276                           ; 1 bytes @ 0x6
  2277                           
  2278     0076                     ??_ReadLDR2:	
  2279                           ; 1 bytes @ 0x6
  2280                           
  2281     0076                     ??_Flash_Write:	
  2282                           ; 1 bytes @ 0x6
  2283                           
  2284                           
  2285                           ; 1 bytes @ 0x6
  2286     0076                     	ds	2
  2287     0078                     ??_UART_SendString:
  2288                           
  2289                           ; 1 bytes @ 0x8
  2290     0078                     	ds	1
  2291     0079                     ??_APP_Task:
  2292                           
  2293                           	psect	cstackBANK0
  2294     0020                     __pcstackBANK0:	
  2295                           ; 1 bytes @ 0x9
  2296                           
  2297     0020                     IsDarkCondition@ldr1:
  2298                           
  2299                           ; 2 bytes @ 0x0
  2300     0020                     	ds	2
  2301     0022                     IsDarkCondition@ldr2:
  2302                           
  2303                           ; 2 bytes @ 0x2
  2304     0022                     	ds	2
  2305     0024                     _IsDarkCondition$695:
  2306                           
  2307                           ; 1 bytes @ 0x4
  2308     0024                     	ds	1
  2309     0025                     ??_main:
  2310                           
  2311                           ; 1 bytes @ 0x5
  2312     0025                     	ds	2
  2313                           
  2314                           	psect	maintext
  2315     0061                     __pmaintext:	
  2316 ;;
  2317 ;;Main: autosize = 0, tempsize = 2, incstack = 0, save=0
  2318 ;;
  2319 ;; *************** function _main *****************
  2320 ;; Defined at:
  2321 ;;		line 10 in file "main.c"
  2322 ;; Parameters:    Size  Location     Type
  2323 ;;		None
  2324 ;; Auto vars:     Size  Location     Type
  2325 ;;		None
  2326 ;; Return value:  Size  Location     Type
  2327 ;;                  1    wreg      void 
  2328 ;; Registers used:
  2329 ;;		wreg, fsr0l, fsr0h, status,2, status,0, pclath, cstack
  2330 ;; Tracked objects:
  2331 ;;		On entry : B1F/0
  2332 ;;		On exit  : 0/0
  2333 ;;		Unchanged: 0/0
  2334 ;; Data sizes:     COMMON   BANK0   BANK1   BANK2
  2335 ;;      Params:         0       0       0       0
  2336 ;;      Locals:         0       0       0       0
  2337 ;;      Temps:          0       2       0       0
  2338 ;;      Totals:         0       2       0       0
  2339 ;;Total ram usage:        2 bytes
  2340 ;; Hardware stack levels required when called: 8
  2341 ;; This function calls:
  2342 ;;		_APP_Init
  2343 ;;		_APP_Task
  2344 ;;		_Flash_Read
  2345 ;;		_Flash_Write
  2346 ;;		_SYSTEM_Initialize
  2347 ;; This function is called by:
  2348 ;;		Startup code after reset
  2349 ;; This function uses a non-reentrant model
  2350 ;;
  2351                           
  2352     0061                     _main:	
  2353                           ;psect for function _main
  2354                           
  2355     0061                     l1696:	
  2356                           ;incstack = 0
  2357                           ; Regs used in _main: [wreg-fsr0h+status,2+status,0+pclath+cstack]
  2358                           
  2359                           
  2360                           ;main.c: 12:     SYSTEM_Initialize(); // Initialize the MCU, clock, GPIO, interrupts
  2361     0061  3182  220C  3180   	fcall	_SYSTEM_Initialize
  2362     0064                     l1698:
  2363                           
  2364                           ;main.c: 13:     (INTCONbits.GIE = 1); // Enable interrupts after everything is configur
      +                          ed
  2365     0064  178B               	bsf	11,7	;volatile
  2366     0065                     l1700:
  2367                           
  2368                           ;main.c: 14:     (INTCONbits.PEIE = 1);
  2369     0065  170B               	bsf	11,6	;volatile
  2370     0066                     l1702:
  2371                           
  2372                           ;main.c: 16:     APP_Init(); //Application initialize
  2373     0066  3181  21D3  3180   	fcall	_APP_Init
  2374     0069                     l1704:
  2375                           
  2376                           ;main.c: 18:        Light_State = Flash_Read(0x0780 // Store sensor state here in Flash)
      +                          ;
  2377     0069  3080               	movlw	128
  2378     006A  00F2               	movwf	Flash_Read@address
  2379     006B  3007               	movlw	7
  2380     006C  00F3               	movwf	Flash_Read@address+1
  2381     006D  3182  2236  3180   	fcall	_Flash_Read
  2382     0070  0873               	movf	?_Flash_Read+1,w
  2383     0071  0020               	movlb	0	; select bank0
  2384     0072  00A8               	movwf	_Light_State+1
  2385     0073  0872               	movf	?_Flash_Read,w
  2386     0074  00A7               	movwf	_Light_State
  2387     0075                     l1706:
  2388                           
  2389                           ;main.c: 21:         APP_Task();
  2390     0075  3180  2025  3180   	fcall	_APP_Task
  2391     0078                     l1708:
  2392                           
  2393                           ;main.c: 22:         Light_State = PORTAbits.RA5;
  2394     0078  0020               	movlb	0	; select bank0
  2395     0079  0E0C               	swapf	12,w	;volatile
  2396     007A  0C89               	rrf	9,f
  2397     007B  3901               	andlw	1
  2398     007C  00A5               	movwf	??_main
  2399     007D  01A6               	clrf	??_main+1
  2400     007E  0825               	movf	??_main,w
  2401     007F  00A7               	movwf	_Light_State
  2402     0080  0826               	movf	??_main+1,w
  2403     0081  00A8               	movwf	_Light_State+1
  2404     0082                     l1710:
  2405                           
  2406                           ;main.c: 23:         Flash_Write(0x0780 // Store sensor state here in Flash, Light_State
      +                          );
  2407     0082  3080               	movlw	128
  2408     0083  00F2               	movwf	Flash_Write@address
  2409     0084  3007               	movlw	7
  2410     0085  00F3               	movwf	Flash_Write@address+1
  2411     0086  0828               	movf	_Light_State+1,w
  2412     0087  00F5               	movwf	Flash_Write@data+1
  2413     0088  0827               	movf	_Light_State,w
  2414     0089  00F4               	movwf	Flash_Write@data
  2415     008A  3180  209C  3180   	fcall	_Flash_Write
  2416     008D                     l1712:
  2417                           
  2418                           ;main.c: 24:        _delay((unsigned long)((1000)*(2000000/4000.0))); // Sampling interv
      +                          al
  2419     008D  3003               	movlw	3
  2420     008E  0020               	movlb	0	; select bank0
  2421     008F  00A6               	movwf	??_main+1
  2422     0090  308A               	movlw	138
  2423     0091  00A5               	movwf	??_main
  2424     0092  3055               	movlw	85
  2425     0093                     u557:
  2426     0093  0B89               	decfsz	9,f
  2427     0094  2893               	goto	u557
  2428     0095  0BA5               	decfsz	??_main,f
  2429     0096  2893               	goto	u557
  2430     0097  0BA6               	decfsz	??_main+1,f
  2431     0098  2893               	goto	u557
  2432     0099  3200               	nop2
  2433     009A  2875               	goto	l1706
  2434     009B  2819               	ljmp	start
  2435     009C                     __end_of_main:
  2436                           
  2437                           	psect	text1
  2438     020C                     __ptext1:	
  2439 ;; *************** function _SYSTEM_Initialize *****************
  2440 ;; Defined at:
  2441 ;;		line 50 in file "mcc_generated_files/mcc.c"
  2442 ;; Parameters:    Size  Location     Type
  2443 ;;		None
  2444 ;; Auto vars:     Size  Location     Type
  2445 ;;		None
  2446 ;; Return value:  Size  Location     Type
  2447 ;;                  1    wreg      void 
  2448 ;; Registers used:
  2449 ;;		wreg, status,2, status,0, pclath, cstack
  2450 ;; Tracked objects:
  2451 ;;		On entry : 0/0
  2452 ;;		On exit  : 0/0
  2453 ;;		Unchanged: 0/0
  2454 ;; Data sizes:     COMMON   BANK0   BANK1   BANK2
  2455 ;;      Params:         0       0       0       0
  2456 ;;      Locals:         0       0       0       0
  2457 ;;      Temps:          0       0       0       0
  2458 ;;      Totals:         0       0       0       0
  2459 ;;Total ram usage:        0 bytes
  2460 ;; Hardware stack levels used: 1
  2461 ;; Hardware stack levels required when called: 6
  2462 ;; This function calls:
  2463 ;;		_ADC1_Initialize
  2464 ;;		_OSCILLATOR_Initialize
  2465 ;;		_PIN_MANAGER_Initialize
  2466 ;;		_TMR1_Initialize
  2467 ;;		_WDT_Initialize
  2468 ;; This function is called by:
  2469 ;;		_main
  2470 ;; This function uses a non-reentrant model
  2471 ;;
  2472                           
  2473     020C                     _SYSTEM_Initialize:	
  2474                           ;psect for function _SYSTEM_Initialize
  2475                           
  2476     020C                     l1534:	
  2477                           ;incstack = 0
  2478                           ; Regs used in _SYSTEM_Initialize: [wreg+status,2+status,0+pclath+cstack]
  2479                           
  2480                           
  2481                           ;mcc_generated_files/mcc.c: 53:     PIN_MANAGER_Initialize();
  2482     020C  3181  2176  3182   	fcall	_PIN_MANAGER_Initialize
  2483                           
  2484                           ;mcc_generated_files/mcc.c: 54:     OSCILLATOR_Initialize();
  2485     020F  3182  2252  3182   	fcall	_OSCILLATOR_Initialize
  2486                           
  2487                           ;mcc_generated_files/mcc.c: 55:     WDT_Initialize();
  2488     0212  3182  2271  3182   	fcall	_WDT_Initialize
  2489                           
  2490                           ;mcc_generated_files/mcc.c: 56:     ADC1_Initialize();
  2491     0215  3182  2241  3182   	fcall	_ADC1_Initialize
  2492     0218                     l1536:
  2493                           
  2494                           ;mcc_generated_files/mcc.c: 57:     TMR1_Initialize();
  2495     0218  3181  215E  3182   	fcall	_TMR1_Initialize
  2496     021B                     l157:
  2497     021B  0008               	return
  2498     021C                     __end_of_SYSTEM_Initialize:
  2499                           
  2500                           	psect	text2
  2501     0271                     __ptext2:	
  2502 ;; *************** function _WDT_Initialize *****************
  2503 ;; Defined at:
  2504 ;;		line 70 in file "mcc_generated_files/mcc.c"
  2505 ;; Parameters:    Size  Location     Type
  2506 ;;		None
  2507 ;; Auto vars:     Size  Location     Type
  2508 ;;		None
  2509 ;; Return value:  Size  Location     Type
  2510 ;;                  1    wreg      void 
  2511 ;; Registers used:
  2512 ;;		None
  2513 ;; Tracked objects:
  2514 ;;		On entry : 0/0
  2515 ;;		On exit  : 0/0
  2516 ;;		Unchanged: 0/0
  2517 ;; Data sizes:     COMMON   BANK0   BANK1   BANK2
  2518 ;;      Params:         0       0       0       0
  2519 ;;      Locals:         0       0       0       0
  2520 ;;      Temps:          0       0       0       0
  2521 ;;      Totals:         0       0       0       0
  2522 ;;Total ram usage:        0 bytes
  2523 ;; Hardware stack levels used: 1
  2524 ;; Hardware stack levels required when called: 4
  2525 ;; This function calls:
  2526 ;;		Nothing
  2527 ;; This function is called by:
  2528 ;;		_SYSTEM_Initialize
  2529 ;; This function uses a non-reentrant model
  2530 ;;
  2531                           
  2532     0271                     _WDT_Initialize:	
  2533                           ;psect for function _WDT_Initialize
  2534                           
  2535     0271                     l1458:	
  2536                           ;incstack = 0
  2537                           ; Regs used in _WDT_Initialize: []
  2538                           
  2539                           
  2540                           ;mcc_generated_files/mcc.c: 73:     WDTCON = 0x16;
  2541     0271  3016               	movlw	22
  2542     0272  0021               	movlb	1	; select bank1
  2543     0273  0097               	movwf	23	;volatile
  2544     0274                     l163:
  2545     0274  0008               	return
  2546     0275                     __end_of_WDT_Initialize:
  2547                           
  2548                           	psect	text3
  2549     015E                     __ptext3:	
  2550 ;; *************** function _TMR1_Initialize *****************
  2551 ;; Defined at:
  2552 ;;		line 67 in file "mcc_generated_files/tmr1.c"
  2553 ;; Parameters:    Size  Location     Type
  2554 ;;		None
  2555 ;; Auto vars:     Size  Location     Type
  2556 ;;		None
  2557 ;; Return value:  Size  Location     Type
  2558 ;;                  1    wreg      void 
  2559 ;; Registers used:
  2560 ;;		wreg, status,2, status,0, pclath, cstack
  2561 ;; Tracked objects:
  2562 ;;		On entry : 0/0
  2563 ;;		On exit  : 0/0
  2564 ;;		Unchanged: 0/0
  2565 ;; Data sizes:     COMMON   BANK0   BANK1   BANK2
  2566 ;;      Params:         0       0       0       0
  2567 ;;      Locals:         0       0       0       0
  2568 ;;      Temps:          0       0       0       0
  2569 ;;      Totals:         0       0       0       0
  2570 ;;Total ram usage:        0 bytes
  2571 ;; Hardware stack levels used: 1
  2572 ;; Hardware stack levels required when called: 5
  2573 ;; This function calls:
  2574 ;;		_TMR1_SetInterruptHandler
  2575 ;; This function is called by:
  2576 ;;		_SYSTEM_Initialize
  2577 ;; This function uses a non-reentrant model
  2578 ;;
  2579                           
  2580     015E                     _TMR1_Initialize:	
  2581                           ;psect for function _TMR1_Initialize
  2582                           
  2583     015E                     l1460:	
  2584                           ;incstack = 0
  2585                           ; Regs used in _TMR1_Initialize: [wreg+status,2+status,0+pclath+cstack]
  2586                           
  2587                           
  2588                           ;mcc_generated_files/tmr1.c: 72:     T1GCON = 0x00;
  2589     015E  0020               	movlb	0	; select bank0
  2590     015F  0199               	clrf	25	;volatile
  2591     0160                     l1462:
  2592                           
  2593                           ;mcc_generated_files/tmr1.c: 75:     TMR1H = 0x0B;
  2594     0160  300B               	movlw	11
  2595     0161  0097               	movwf	23	;volatile
  2596     0162                     l1464:
  2597                           
  2598                           ;mcc_generated_files/tmr1.c: 78:     TMR1L = 0xDC;
  2599     0162  30DC               	movlw	220
  2600     0163  0096               	movwf	22	;volatile
  2601     0164                     l1466:
  2602                           
  2603                           ;mcc_generated_files/tmr1.c: 81:     PIR1bits.TMR1IF = 0;
  2604     0164  1011               	bcf	17,0	;volatile
  2605     0165                     l1468:
  2606                           
  2607                           ;mcc_generated_files/tmr1.c: 84:     timer1ReloadVal=(uint16_t)((TMR1H << 8) | TMR1L);
  2608     0165  0817               	movf	23,w	;volatile
  2609     0166  00FA               	movwf	_timer1ReloadVal+1	;volatile
  2610     0167  0816               	movf	22,w	;volatile
  2611     0168  00F9               	movwf	_timer1ReloadVal	;volatile
  2612     0169                     l1470:
  2613                           
  2614                           ;mcc_generated_files/tmr1.c: 87:     PIE1bits.TMR1IE = 1;
  2615     0169  0021               	movlb	1	; select bank1
  2616     016A  1411               	bsf	17,0	;volatile
  2617     016B                     l1472:
  2618                           
  2619                           ;mcc_generated_files/tmr1.c: 90:     TMR1_SetInterruptHandler(TMR1_DefaultInterruptHandl
      +                          er);
  2620     016B  3086               	movlw	low _TMR1_DefaultInterruptHandler
  2621     016C  00F2               	movwf	TMR1_SetInterruptHandler@InterruptHandler
  2622     016D  3002               	movlw	high _TMR1_DefaultInterruptHandler
  2623     016E  00F3               	movwf	TMR1_SetInterruptHandler@InterruptHandler+1
  2624     016F  3182  2260  3181   	fcall	_TMR1_SetInterruptHandler
  2625     0172                     l1474:
  2626                           
  2627                           ;mcc_generated_files/tmr1.c: 93:     T1CON = 0x35;
  2628     0172  3035               	movlw	53
  2629     0173  0020               	movlb	0	; select bank0
  2630     0174  0098               	movwf	24	;volatile
  2631     0175                     l192:
  2632     0175  0008               	return
  2633     0176                     __end_of_TMR1_Initialize:
  2634                           
  2635                           	psect	text4
  2636     0260                     __ptext4:	
  2637 ;; *************** function _TMR1_SetInterruptHandler *****************
  2638 ;; Defined at:
  2639 ;;		line 188 in file "mcc_generated_files/tmr1.c"
  2640 ;; Parameters:    Size  Location     Type
  2641 ;;  InterruptHan    2    2[COMMON] PTR FTN()void 
  2642 ;;		 -> TMR1_DefaultInterruptHandler(1), 
  2643 ;; Auto vars:     Size  Location     Type
  2644 ;;		None
  2645 ;; Return value:  Size  Location     Type
  2646 ;;                  1    wreg      void 
  2647 ;; Registers used:
  2648 ;;		wreg
  2649 ;; Tracked objects:
  2650 ;;		On entry : 0/0
  2651 ;;		On exit  : 0/0
  2652 ;;		Unchanged: 0/0
  2653 ;; Data sizes:     COMMON   BANK0   BANK1   BANK2
  2654 ;;      Params:         2       0       0       0
  2655 ;;      Locals:         0       0       0       0
  2656 ;;      Temps:          0       0       0       0
  2657 ;;      Totals:         2       0       0       0
  2658 ;;Total ram usage:        2 bytes
  2659 ;; Hardware stack levels used: 1
  2660 ;; Hardware stack levels required when called: 4
  2661 ;; This function calls:
  2662 ;;		Nothing
  2663 ;; This function is called by:
  2664 ;;		_TMR1_Initialize
  2665 ;; This function uses a non-reentrant model
  2666 ;;
  2667                           
  2668     0260                     _TMR1_SetInterruptHandler:	
  2669                           ;psect for function _TMR1_SetInterruptHandler
  2670                           
  2671     0260                     l1364:	
  2672                           ;incstack = 0
  2673                           ; Regs used in _TMR1_SetInterruptHandler: [wreg]
  2674                           
  2675                           
  2676                           ;mcc_generated_files/tmr1.c: 189:     TMR1_InterruptHandler = InterruptHandler;
  2677     0260  0873               	movf	TMR1_SetInterruptHandler@InterruptHandler+1,w
  2678     0261  0020               	movlb	0	; select bank0
  2679     0262  00AA               	movwf	_TMR1_InterruptHandler+1
  2680     0263  0872               	movf	TMR1_SetInterruptHandler@InterruptHandler,w
  2681     0264  00A9               	movwf	_TMR1_InterruptHandler
  2682     0265                     l228:
  2683     0265  0008               	return
  2684     0266                     __end_of_TMR1_SetInterruptHandler:
  2685                           
  2686                           	psect	text5
  2687     0176                     __ptext5:	
  2688 ;; *************** function _PIN_MANAGER_Initialize *****************
  2689 ;; Defined at:
  2690 ;;		line 55 in file "mcc_generated_files/pin_manager.c"
  2691 ;; Parameters:    Size  Location     Type
  2692 ;;		None
  2693 ;; Auto vars:     Size  Location     Type
  2694 ;;		None
  2695 ;; Return value:  Size  Location     Type
  2696 ;;                  1    wreg      void 
  2697 ;; Registers used:
  2698 ;;		status,2
  2699 ;; Tracked objects:
  2700 ;;		On entry : 0/0
  2701 ;;		On exit  : 0/0
  2702 ;;		Unchanged: 0/0
  2703 ;; Data sizes:     COMMON   BANK0   BANK1   BANK2
  2704 ;;      Params:         0       0       0       0
  2705 ;;      Locals:         0       0       0       0
  2706 ;;      Temps:          0       0       0       0
  2707 ;;      Totals:         0       0       0       0
  2708 ;;Total ram usage:        0 bytes
  2709 ;; Hardware stack levels used: 1
  2710 ;; Hardware stack levels required when called: 4
  2711 ;; This function calls:
  2712 ;;		Nothing
  2713 ;; This function is called by:
  2714 ;;		_SYSTEM_Initialize
  2715 ;; This function uses a non-reentrant model
  2716 ;;
  2717                           
  2718     0176                     _PIN_MANAGER_Initialize:	
  2719                           ;psect for function _PIN_MANAGER_Initialize
  2720                           
  2721     0176                     l1434:	
  2722                           ;incstack = 0
  2723                           ; Regs used in _PIN_MANAGER_Initialize: [status,2]
  2724                           
  2725                           
  2726                           ;mcc_generated_files/pin_manager.c: 60:     LATA = 0x00;
  2727     0176  0022               	movlb	2	; select bank2
  2728     0177  018C               	clrf	12	;volatile
  2729     0178                     l1436:
  2730                           
  2731                           ;mcc_generated_files/pin_manager.c: 65:     TRISA = 0x1B;
  2732     0178  301B               	movlw	27
  2733     0179  0021               	movlb	1	; select bank1
  2734     017A  008C               	movwf	12	;volatile
  2735     017B                     l1438:
  2736                           
  2737                           ;mcc_generated_files/pin_manager.c: 70:     ANSELA = 0x03;
  2738     017B  3003               	movlw	3
  2739     017C  0023               	movlb	3	; select bank3
  2740     017D  008C               	movwf	12	;volatile
  2741                           
  2742                           ;mcc_generated_files/pin_manager.c: 75:     WPUA = 0x00;
  2743     017E  0024               	movlb	4	; select bank4
  2744     017F  018C               	clrf	12	;volatile
  2745     0180                     l1440:
  2746                           
  2747                           ;mcc_generated_files/pin_manager.c: 76:     OPTION_REGbits.nWPUEN = 1;
  2748     0180  0021               	movlb	1	; select bank1
  2749     0181  1795               	bsf	21,7	;volatile
  2750                           
  2751                           ;mcc_generated_files/pin_manager.c: 81:     ODCONA = 0x00;
  2752     0182  0025               	movlb	5	; select bank5
  2753     0183  018C               	clrf	12	;volatile
  2754     0184                     l1442:
  2755                           
  2756                           ;mcc_generated_files/pin_manager.c: 86:     SLRCONA = 0x37;
  2757     0184  3037               	movlw	55
  2758     0185  0026               	movlb	6	; select bank6
  2759     0186  008C               	movwf	12	;volatile
  2760     0187                     l1444:
  2761                           
  2762                           ;mcc_generated_files/pin_manager.c: 91:     INLVLA = 0x3F;
  2763     0187  303F               	movlw	63
  2764     0188  0027               	movlb	7	; select bank7
  2765     0189  008C               	movwf	12	;volatile
  2766     018A                     l1446:
  2767                           
  2768                           ;mcc_generated_files/pin_manager.c: 96:     APFCON = 0x04;
  2769     018A  3004               	movlw	4
  2770     018B  0022               	movlb	2	; select bank2
  2771     018C  009D               	movwf	29	;volatile
  2772     018D                     l93:
  2773     018D  0008               	return
  2774     018E                     __end_of_PIN_MANAGER_Initialize:
  2775                           
  2776                           	psect	text6
  2777     0252                     __ptext6:	
  2778 ;; *************** function _OSCILLATOR_Initialize *****************
  2779 ;; Defined at:
  2780 ;;		line 60 in file "mcc_generated_files/mcc.c"
  2781 ;; Parameters:    Size  Location     Type
  2782 ;;		None
  2783 ;; Auto vars:     Size  Location     Type
  2784 ;;		None
  2785 ;; Return value:  Size  Location     Type
  2786 ;;                  1    wreg      void 
  2787 ;; Registers used:
  2788 ;;		status,2
  2789 ;; Tracked objects:
  2790 ;;		On entry : 0/0
  2791 ;;		On exit  : 0/0
  2792 ;;		Unchanged: 0/0
  2793 ;; Data sizes:     COMMON   BANK0   BANK1   BANK2
  2794 ;;      Params:         0       0       0       0
  2795 ;;      Locals:         0       0       0       0
  2796 ;;      Temps:          0       0       0       0
  2797 ;;      Totals:         0       0       0       0
  2798 ;;Total ram usage:        0 bytes
  2799 ;; Hardware stack levels used: 1
  2800 ;; Hardware stack levels required when called: 4
  2801 ;; This function calls:
  2802 ;;		Nothing
  2803 ;; This function is called by:
  2804 ;;		_SYSTEM_Initialize
  2805 ;; This function uses a non-reentrant model
  2806 ;;
  2807                           
  2808     0252                     _OSCILLATOR_Initialize:	
  2809                           ;psect for function _OSCILLATOR_Initialize
  2810                           
  2811     0252                     l1454:	
  2812                           ;incstack = 0
  2813                           ; Regs used in _OSCILLATOR_Initialize: [status,2]
  2814                           
  2815                           
  2816                           ;mcc_generated_files/mcc.c: 63:     OSCCON = 0x6A;
  2817     0252  306A               	movlw	106
  2818     0253  0021               	movlb	1	; select bank1
  2819     0254  0099               	movwf	25	;volatile
  2820     0255                     l1456:
  2821                           
  2822                           ;mcc_generated_files/mcc.c: 65:     OSCTUNE = 0x00;
  2823     0255  0198               	clrf	24	;volatile
  2824                           
  2825                           ;mcc_generated_files/mcc.c: 67:     BORCON = 0x00;
  2826     0256  0022               	movlb	2	; select bank2
  2827     0257  0196               	clrf	22	;volatile
  2828     0258                     l160:
  2829     0258  0008               	return
  2830     0259                     __end_of_OSCILLATOR_Initialize:
  2831                           
  2832                           	psect	text7
  2833     0241                     __ptext7:	
  2834 ;; *************** function _ADC1_Initialize *****************
  2835 ;; Defined at:
  2836 ;;		line 67 in file "mcc_generated_files/adc1.c"
  2837 ;; Parameters:    Size  Location     Type
  2838 ;;		None
  2839 ;; Auto vars:     Size  Location     Type
  2840 ;;		None
  2841 ;; Return value:  Size  Location     Type
  2842 ;;                  1    wreg      void 
  2843 ;; Registers used:
  2844 ;;		status,2
  2845 ;; Tracked objects:
  2846 ;;		On entry : 0/0
  2847 ;;		On exit  : 0/0
  2848 ;;		Unchanged: 0/0
  2849 ;; Data sizes:     COMMON   BANK0   BANK1   BANK2
  2850 ;;      Params:         0       0       0       0
  2851 ;;      Locals:         0       0       0       0
  2852 ;;      Temps:          0       0       0       0
  2853 ;;      Totals:         0       0       0       0
  2854 ;;Total ram usage:        0 bytes
  2855 ;; Hardware stack levels used: 1
  2856 ;; Hardware stack levels required when called: 4
  2857 ;; This function calls:
  2858 ;;		Nothing
  2859 ;; This function is called by:
  2860 ;;		_SYSTEM_Initialize
  2861 ;; This function uses a non-reentrant model
  2862 ;;
  2863                           
  2864     0241                     _ADC1_Initialize:	
  2865                           ;psect for function _ADC1_Initialize
  2866                           
  2867     0241                     l1448:	
  2868                           ;incstack = 0
  2869                           ; Regs used in _ADC1_Initialize: [status,2]
  2870                           
  2871                           
  2872                           ;mcc_generated_files/adc1.c: 72:     ADCON1 = 0xA0;
  2873     0241  30A0               	movlw	160
  2874     0242  0021               	movlb	1	; select bank1
  2875     0243  009E               	movwf	30	;volatile
  2876     0244                     l1450:
  2877                           
  2878                           ;mcc_generated_files/adc1.c: 75:     ADCON2 = 0x00;
  2879     0244  019F               	clrf	31	;volatile
  2880                           
  2881                           ;mcc_generated_files/adc1.c: 78:     ADRESL = 0x00;
  2882     0245  019B               	clrf	27	;volatile
  2883                           
  2884                           ;mcc_generated_files/adc1.c: 81:     ADRESH = 0x00;
  2885     0246  019C               	clrf	28	;volatile
  2886     0247                     l1452:
  2887                           
  2888                           ;mcc_generated_files/adc1.c: 84:     ADCON0 = 0x01;
  2889     0247  3001               	movlw	1
  2890     0248  009D               	movwf	29	;volatile
  2891     0249                     l115:
  2892     0249  0008               	return
  2893     024A                     __end_of_ADC1_Initialize:
  2894                           
  2895                           	psect	text8
  2896     009C                     __ptext8:	
  2897 ;; *************** function _Flash_Write *****************
  2898 ;; Defined at:
  2899 ;;		line 10 in file "service/FlashService.c"
  2900 ;; Parameters:    Size  Location     Type
  2901 ;;  address         2    2[COMMON] unsigned short 
  2902 ;;  data            2    4[COMMON] unsigned short 
  2903 ;; Auto vars:     Size  Location     Type
  2904 ;;		None
  2905 ;; Return value:  Size  Location     Type
  2906 ;;                  1    wreg      void 
  2907 ;; Registers used:
  2908 ;;		wreg, status,2
  2909 ;; Tracked objects:
  2910 ;;		On entry : 0/0
  2911 ;;		On exit  : 0/0
  2912 ;;		Unchanged: 0/0
  2913 ;; Data sizes:     COMMON   BANK0   BANK1   BANK2
  2914 ;;      Params:         4       0       0       0
  2915 ;;      Locals:         0       0       0       0
  2916 ;;      Temps:          0       0       0       0
  2917 ;;      Totals:         4       0       0       0
  2918 ;;Total ram usage:        4 bytes
  2919 ;; Hardware stack levels used: 1
  2920 ;; Hardware stack levels required when called: 4
  2921 ;; This function calls:
  2922 ;;		Nothing
  2923 ;; This function is called by:
  2924 ;;		_main
  2925 ;; This function uses a non-reentrant model
  2926 ;;
  2927                           
  2928     009C                     _Flash_Write:	
  2929                           ;psect for function _Flash_Write
  2930                           
  2931     009C                     l1548:	
  2932                           ;incstack = 0
  2933                           ; Regs used in _Flash_Write: [wreg+status,2]
  2934                           
  2935                           
  2936                           ;service/FlashService.c: 10: void Flash_Write(uint16_t address, uint16_t data);service/F
      +                          lashService.c: 11: {;service/FlashService.c: 16:     PMADRL = address & 0xFF;
  2937     009C  0872               	movf	Flash_Write@address,w
  2938     009D  0023               	movlb	3	; select bank3
  2939     009E  0091               	movwf	17	;volatile
  2940     009F                     l1550:
  2941                           
  2942                           ;service/FlashService.c: 17:     PMADRH = (address >> 8) & 0x07;
  2943     009F  0873               	movf	Flash_Write@address+1,w
  2944     00A0  3907               	andlw	7
  2945     00A1  0092               	movwf	18	;volatile
  2946     00A2                     l1552:
  2947                           
  2948                           ;service/FlashService.c: 19:     PMCON1 = 0x94; // Row Erase command
  2949     00A2  3094               	movlw	148
  2950     00A3  0095               	movwf	21	;volatile
  2951     00A4                     l1554:
  2952                           
  2953                           ;service/FlashService.c: 20:     PMCON1bits.WREN = 1;
  2954     00A4  1515               	bsf	21,2	;volatile
  2955     00A5                     l1556:
  2956                           
  2957                           ;service/FlashService.c: 23:     INTCONbits.GIE = 0;
  2958     00A5  138B               	bcf	11,7	;volatile
  2959     00A6                     l1558:
  2960                           
  2961                           ;service/FlashService.c: 24:     PMCON1bits.WREN = 1;
  2962     00A6  1515               	bsf	21,2	;volatile
  2963     00A7                     l1560:
  2964                           
  2965                           ;service/FlashService.c: 26:     PMCON2 = 0x55;
  2966     00A7  3055               	movlw	85
  2967     00A8  0096               	movwf	22	;volsfr
  2968     00A9                     l1562:
  2969                           
  2970                           ;service/FlashService.c: 27:     PMCON2 = 0xAA;
  2971     00A9  30AA               	movlw	170
  2972     00AA  0096               	movwf	22	;volsfr
  2973     00AB                     l1564:
  2974                           
  2975                           ;service/FlashService.c: 29:     PMCON1bits.WR = 1;
  2976     00AB  1495               	bsf	21,1	;volatile
  2977     00AC                     l339:	
  2978                           ;service/FlashService.c: 31:     while (PMCON1bits.WR);
  2979                           
  2980     00AC  1895               	btfsc	21,1	;volatile
  2981     00AD  28AF               	goto	u431
  2982     00AE  28B0               	goto	u430
  2983     00AF                     u431:
  2984     00AF  28AC               	goto	l339
  2985     00B0                     u430:
  2986     00B0                     l341:
  2987                           
  2988                           ;service/FlashService.c: 32:     PMCON1bits.WREN = 0;
  2989     00B0  1115               	bcf	21,2	;volatile
  2990                           
  2991                           ;service/FlashService.c: 34:     INTCONbits.GIE = 1;
  2992     00B1  178B               	bsf	11,7	;volatile
  2993     00B2                     l1566:
  2994                           
  2995                           ;service/FlashService.c: 37:     PMADRL = address & 0xFF;
  2996     00B2  0872               	movf	Flash_Write@address,w
  2997     00B3  0091               	movwf	17	;volatile
  2998     00B4                     l1568:
  2999                           
  3000                           ;service/FlashService.c: 38:     PMADRH = (address >> 8) & 0x07;
  3001     00B4  0873               	movf	Flash_Write@address+1,w
  3002     00B5  3907               	andlw	7
  3003     00B6  0092               	movwf	18	;volatile
  3004     00B7                     l1570:
  3005                           
  3006                           ;service/FlashService.c: 40:     PMDATL = data & 0xFF;
  3007     00B7  0874               	movf	Flash_Write@data,w
  3008     00B8  0093               	movwf	19	;volatile
  3009                           
  3010                           ;service/FlashService.c: 41:     PMDATH = (data >> 8) & 0x3F;
  3011     00B9  0875               	movf	Flash_Write@data+1,w
  3012     00BA  393F               	andlw	63
  3013     00BB  0094               	movwf	20	;volatile
  3014     00BC                     l1572:
  3015                           
  3016                           ;service/FlashService.c: 43:     PMCON1 = 0xA0; // Word write command
  3017     00BC  30A0               	movlw	160
  3018     00BD  0095               	movwf	21	;volatile
  3019     00BE                     l1574:
  3020                           
  3021                           ;service/FlashService.c: 44:     PMCON1bits.WREN = 1;
  3022     00BE  1515               	bsf	21,2	;volatile
  3023     00BF                     l1576:
  3024                           
  3025                           ;service/FlashService.c: 47:     INTCONbits.GIE = 0;
  3026     00BF  138B               	bcf	11,7	;volatile
  3027     00C0                     l1578:
  3028                           
  3029                           ;service/FlashService.c: 49:     PMCON2 = 0x55;
  3030     00C0  3055               	movlw	85
  3031     00C1  0096               	movwf	22	;volsfr
  3032     00C2                     l1580:
  3033                           
  3034                           ;service/FlashService.c: 50:     PMCON2 = 0xAA;
  3035     00C2  30AA               	movlw	170
  3036     00C3  0096               	movwf	22	;volsfr
  3037     00C4                     l1582:
  3038                           
  3039                           ;service/FlashService.c: 52:     PMCON1bits.WR = 1;
  3040     00C4  1495               	bsf	21,1	;volatile
  3041     00C5                     l342:	
  3042                           ;service/FlashService.c: 54:     while (PMCON1bits.WR);
  3043                           
  3044     00C5  1895               	btfsc	21,1	;volatile
  3045     00C6  28C8               	goto	u441
  3046     00C7  28C9               	goto	u440
  3047     00C8                     u441:
  3048     00C8  28C5               	goto	l342
  3049     00C9                     u440:
  3050     00C9                     l344:
  3051                           
  3052                           ;service/FlashService.c: 55:     PMCON1bits.WREN = 0;
  3053     00C9  1115               	bcf	21,2	;volatile
  3054                           
  3055                           ;service/FlashService.c: 57:     INTCONbits.GIE = 1;
  3056     00CA  178B               	bsf	11,7	;volatile
  3057     00CB                     l345:
  3058     00CB  0008               	return
  3059     00CC                     __end_of_Flash_Write:
  3060                           
  3061                           	psect	text9
  3062     0236                     __ptext9:	
  3063 ;; *************** function _Flash_Read *****************
  3064 ;; Defined at:
  3065 ;;		line 60 in file "service/FlashService.c"
  3066 ;; Parameters:    Size  Location     Type
  3067 ;;  address         2    2[COMMON] unsigned short 
  3068 ;; Auto vars:     Size  Location     Type
  3069 ;;		None
  3070 ;; Return value:  Size  Location     Type
  3071 ;;                  2    2[COMMON] unsigned short 
  3072 ;; Registers used:
  3073 ;;		wreg, status,2
  3074 ;; Tracked objects:
  3075 ;;		On entry : 0/0
  3076 ;;		On exit  : 0/0
  3077 ;;		Unchanged: 0/0
  3078 ;; Data sizes:     COMMON   BANK0   BANK1   BANK2
  3079 ;;      Params:         2       0       0       0
  3080 ;;      Locals:         0       0       0       0
  3081 ;;      Temps:          0       0       0       0
  3082 ;;      Totals:         2       0       0       0
  3083 ;;Total ram usage:        2 bytes
  3084 ;; Hardware stack levels used: 1
  3085 ;; Hardware stack levels required when called: 4
  3086 ;; This function calls:
  3087 ;;		Nothing
  3088 ;; This function is called by:
  3089 ;;		_main
  3090 ;; This function uses a non-reentrant model
  3091 ;;
  3092                           
  3093     0236                     _Flash_Read:	
  3094                           ;psect for function _Flash_Read
  3095                           
  3096     0236                     l1584:	
  3097                           ;incstack = 0
  3098                           ; Regs used in _Flash_Read: [wreg+status,2]
  3099                           
  3100                           
  3101                           ;service/FlashService.c: 60: uint16_t Flash_Read(uint16_t address);service/FlashService.
      +                          c: 61: {;service/FlashService.c: 62:     PMADRL = address & 0xFF;
  3102     0236  0872               	movf	Flash_Read@address,w
  3103     0237  0023               	movlb	3	; select bank3
  3104     0238  0091               	movwf	17	;volatile
  3105     0239                     l1586:
  3106                           
  3107                           ;service/FlashService.c: 63:     PMADRH = (address >> 8) & 0x07;
  3108     0239  0873               	movf	Flash_Read@address+1,w
  3109     023A  3907               	andlw	7
  3110     023B  0092               	movwf	18	;volatile
  3111     023C                     l1588:
  3112                           
  3113                           ;service/FlashService.c: 65:     return ( ( (uint16_t)PMDATH ) << 8 ) | PMDATL;
  3114     023C  0814               	movf	20,w	;volatile
  3115     023D  00F3               	movwf	?_Flash_Read+1
  3116     023E  0813               	movf	19,w	;volatile
  3117     023F  00F2               	movwf	?_Flash_Read
  3118     0240                     l348:
  3119     0240  0008               	return
  3120     0241                     __end_of_Flash_Read:
  3121                           
  3122                           	psect	text10
  3123     0025                     __ptext10:	
  3124 ;; *************** function _APP_Task *****************
  3125 ;; Defined at:
  3126 ;;		line 19 in file "application/app.c"
  3127 ;; Parameters:    Size  Location     Type
  3128 ;;		None
  3129 ;; Auto vars:     Size  Location     Type
  3130 ;;		None
  3131 ;; Return value:  Size  Location     Type
  3132 ;;                  1    wreg      void 
  3133 ;; Registers used:
  3134 ;;		wreg, fsr0l, fsr0h, status,2, status,0, pclath, cstack
  3135 ;; Tracked objects:
  3136 ;;		On entry : 0/0
  3137 ;;		On exit  : 0/0
  3138 ;;		Unchanged: 0/0
  3139 ;; Data sizes:     COMMON   BANK0   BANK1   BANK2
  3140 ;;      Params:         0       0       0       0
  3141 ;;      Locals:         0       0       0       0
  3142 ;;      Temps:          0       0       0       0
  3143 ;;      Totals:         0       0       0       0
  3144 ;;Total ram usage:        0 bytes
  3145 ;; Hardware stack levels used: 1
  3146 ;; Hardware stack levels required when called: 7
  3147 ;; This function calls:
  3148 ;;		_IsDarkCondition
  3149 ;;		_IsMotionDetected
  3150 ;;		_TMR1_Reload
  3151 ;;		_TMR1_StartTimer
  3152 ;;		_TMR1_StopTimer
  3153 ;;		_UART_SendString
  3154 ;; This function is called by:
  3155 ;;		_main
  3156 ;; This function uses a non-reentrant model
  3157 ;;
  3158                           
  3159     0025                     _APP_Task:	
  3160                           ;psect for function _APP_Task
  3161                           
  3162     0025                     l1666:	
  3163                           ;incstack = 0
  3164                           ; Regs used in _APP_Task: [wreg-fsr0h+status,2+status,0+pclath+cstack]
  3165                           
  3166                           
  3167                           ;application/app.c: 20:     if (IsDarkCondition()) { // Check if it?s dark
  3168     0025  3180  20F9  3180   	fcall	_IsDarkCondition
  3169     0028  3A00               	xorlw	0
  3170     0029  1903               	skipnz
  3171     002A  282C               	goto	u521
  3172     002B  282D               	goto	u520
  3173     002C                     u521:
  3174     002C  2855               	goto	l36
  3175     002D                     u520:
  3176     002D                     l1668:
  3177                           
  3178                           ;application/app.c: 21:         if(MotionPresent == 0) // If we haven't already recogniz
      +                          ed a motion event
  3179     002D  087B               	movf	_MotionPresent,w	;volatile
  3180     002E  1D03               	btfss	3,2
  3181     002F  2831               	goto	u531
  3182     0030  2832               	goto	u530
  3183     0031                     u531:
  3184     0031  2860               	goto	l47
  3185     0032                     u530:
  3186     0032                     l1670:
  3187                           
  3188                           ;application/app.c: 22:         {;application/app.c: 23:             if(IsMotionDetected
      +                          ()) // If motion is now detected by PIR sensor
  3189     0032  3182  2275  3180   	fcall	_IsMotionDetected
  3190     0035  3A00               	xorlw	0
  3191     0036  1903               	skipnz
  3192     0037  2839               	goto	u541
  3193     0038  283A               	goto	u540
  3194     0039                     u541:
  3195     0039  2842               	goto	l38
  3196     003A                     u540:
  3197     003A                     l1672:
  3198                           
  3199                           ;application/app.c: 24:             {;application/app.c: 25:                 TMR1_StartT
      +                          imer();
  3200     003A  3182  227D  3180   	fcall	_TMR1_StartTimer
  3201     003D                     l1674:
  3202                           
  3203                           ;application/app.c: 26:                 MotionPresent = 1; // Set to 1 to ignore further
      +                           detections during this period
  3204     003D  3001               	movlw	1
  3205     003E  00FB               	movwf	_MotionPresent	;volatile
  3206     003F                     l1676:
  3207     003F  0022               	movlb	2	; select bank2
  3208     0040  168C               	bsf	12,5	;volatile
  3209     0041  2860               	goto	l47
  3210     0042                     l38:	
  3211                           ;application/app.c: 30:              else
  3212                           
  3213                           
  3214                           ;application/app.c: 31:             {;application/app.c: 32:                 PIR1bits.TM
      +                          R1IF = 0;
  3215     0042  0020               	movlb	0	; select bank0
  3216     0043  1011               	bcf	17,0	;volatile
  3217     0044                     l1678:
  3218                           
  3219                           ;application/app.c: 33:                 TMR1_StopTimer();
  3220     0044  3182  2283  3180   	fcall	_TMR1_StopTimer
  3221     0047                     l1680:
  3222                           
  3223                           ;application/app.c: 34:                 TMR1_Reload();
  3224     0047  3182  224A  3180   	fcall	_TMR1_Reload
  3225     004A                     l1682:
  3226                           
  3227                           ;application/app.c: 35:                 MotionPresent = 0;
  3228     004A  01FB               	clrf	_MotionPresent	;volatile
  3229     004B                     l1684:
  3230     004B  0022               	movlb	2	; select bank2
  3231     004C  128C               	bcf	12,5	;volatile
  3232     004D                     l1686:
  3233                           
  3234                           ;application/app.c: 37:                 UART_SendString("No Motion or No Light Present\r
      +                          \n");
  3235     004D  3020               	movlw	low (STR_1| (0+32768))
  3236     004E  00F6               	movwf	UART_SendString@str
  3237     004F  3081               	movlw	high (STR_1| (0+32768))
  3238     0050  00F7               	movwf	UART_SendString@str+1
  3239     0051  3181  218E  3180   	fcall	_UART_SendString
  3240     0054  2860               	goto	l47
  3241     0055                     l36:	
  3242                           ;application/app.c: 41:     else
  3243                           
  3244                           
  3245                           ;application/app.c: 42:     {;application/app.c: 43:         PIR1bits.TMR1IF = 0;
  3246     0055  0020               	movlb	0	; select bank0
  3247     0056  1011               	bcf	17,0	;volatile
  3248     0057                     l1688:
  3249                           
  3250                           ;application/app.c: 44:         TMR1_StopTimer();
  3251     0057  3182  2283  3180   	fcall	_TMR1_StopTimer
  3252     005A                     l1690:
  3253                           
  3254                           ;application/app.c: 45:         TMR1_Reload();
  3255     005A  3182  224A  3180   	fcall	_TMR1_Reload
  3256     005D                     l1692:
  3257                           
  3258                           ;application/app.c: 46:         MotionPresent = 0;
  3259     005D  01FB               	clrf	_MotionPresent	;volatile
  3260     005E                     l1694:
  3261     005E  0022               	movlb	2	; select bank2
  3262     005F  128C               	bcf	12,5	;volatile
  3263     0060                     l47:
  3264     0060  0008               	return
  3265     0061                     __end_of_APP_Task:
  3266                           
  3267                           	psect	text11
  3268     018E                     __ptext11:	
  3269 ;; *************** function _UART_SendString *****************
  3270 ;; Defined at:
  3271 ;;		line 36 in file "service/uart_service.c"
  3272 ;; Parameters:    Size  Location     Type
  3273 ;;  str             2    6[COMMON] PTR const unsigned char 
  3274 ;;		 -> STR_1(32), 
  3275 ;; Auto vars:     Size  Location     Type
  3276 ;;		None
  3277 ;; Return value:  Size  Location     Type
  3278 ;;                  1    wreg      void 
  3279 ;; Registers used:
  3280 ;;		wreg, fsr0l, fsr0h, status,2, status,0, pclath, cstack
  3281 ;; Tracked objects:
  3282 ;;		On entry : 0/0
  3283 ;;		On exit  : 0/0
  3284 ;;		Unchanged: 0/0
  3285 ;; Data sizes:     COMMON   BANK0   BANK1   BANK2
  3286 ;;      Params:         2       0       0       0
  3287 ;;      Locals:         0       0       0       0
  3288 ;;      Temps:          1       0       0       0
  3289 ;;      Totals:         3       0       0       0
  3290 ;;Total ram usage:        3 bytes
  3291 ;; Hardware stack levels used: 1
  3292 ;; Hardware stack levels required when called: 5
  3293 ;; This function calls:
  3294 ;;		_UART_SendChar
  3295 ;; This function is called by:
  3296 ;;		_APP_Task
  3297 ;; This function uses a non-reentrant model
  3298 ;;
  3299                           
  3300     018E                     _UART_SendString:	
  3301                           ;psect for function _UART_SendString
  3302                           
  3303     018E                     l1426:	
  3304                           ;incstack = 0
  3305                           ; Regs used in _UART_SendString: [wreg-fsr0h+status,2+status,0+pclath+cstack]
  3306                           
  3307                           
  3308                           ;service/uart_service.c: 36: void UART_SendString(const char* str);service/uart_service.
      +                          c: 37: {;service/uart_service.c: 39:     while (*str)
  3309     018E  299B               	goto	l1432
  3310     018F                     l1428:
  3311                           
  3312                           ;service/uart_service.c: 40:     {;service/uart_service.c: 41:         UART_SendChar(*st
      +                          r++); // Send each character in the string
  3313     018F  0876               	movf	UART_SendString@str,w
  3314     0190  0084               	movwf	4
  3315     0191  0877               	movf	UART_SendString@str+1,w
  3316     0192  0085               	movwf	5
  3317     0193  0800               	movf	0,w	;code access
  3318     0194  3180  20CC  3181   	fcall	_UART_SendChar
  3319     0197                     l1430:
  3320     0197  3001               	movlw	1
  3321     0198  07F6               	addwf	UART_SendString@str,f
  3322     0199  3000               	movlw	0
  3323     019A  3DF7               	addwfc	UART_SendString@str+1,f
  3324     019B                     l1432:
  3325                           
  3326                           ;service/uart_service.c: 39:     while (*str)
  3327     019B  0876               	movf	UART_SendString@str,w
  3328     019C  0084               	movwf	4
  3329     019D  0877               	movf	UART_SendString@str+1,w
  3330     019E  0085               	movwf	5
  3331     019F  0012               	moviw fsr0++
  3332     01A0  1D03               	btfss	3,2
  3333     01A1  29A3               	goto	u341
  3334     01A2  29A4               	goto	u340
  3335     01A3                     u341:
  3336     01A3  298F               	goto	l1428
  3337     01A4                     u340:
  3338     01A4                     l320:
  3339     01A4  0008               	return
  3340     01A5                     __end_of_UART_SendString:
  3341                           
  3342                           	psect	text12
  3343     00CC                     __ptext12:	
  3344 ;; *************** function _UART_SendChar *****************
  3345 ;; Defined at:
  3346 ;;		line 17 in file "service/uart_service.c"
  3347 ;; Parameters:    Size  Location     Type
  3348 ;;  data            1    wreg     unsigned char 
  3349 ;; Auto vars:     Size  Location     Type
  3350 ;;  data            1    4[COMMON] unsigned char 
  3351 ;;  i               1    5[COMMON] unsigned char 
  3352 ;; Return value:  Size  Location     Type
  3353 ;;                  1    wreg      void 
  3354 ;; Registers used:
  3355 ;;		wreg, status,2, status,0
  3356 ;; Tracked objects:
  3357 ;;		On entry : 0/0
  3358 ;;		On exit  : 0/0
  3359 ;;		Unchanged: 0/0
  3360 ;; Data sizes:     COMMON   BANK0   BANK1   BANK2
  3361 ;;      Params:         0       0       0       0
  3362 ;;      Locals:         2       0       0       0
  3363 ;;      Temps:          2       0       0       0
  3364 ;;      Totals:         4       0       0       0
  3365 ;;Total ram usage:        4 bytes
  3366 ;; Hardware stack levels used: 1
  3367 ;; Hardware stack levels required when called: 4
  3368 ;; This function calls:
  3369 ;;		Nothing
  3370 ;; This function is called by:
  3371 ;;		_UART_SendString
  3372 ;; This function uses a non-reentrant model
  3373 ;;
  3374                           
  3375     00CC                     _UART_SendChar:	
  3376                           ;psect for function _UART_SendChar
  3377                           
  3378                           
  3379                           ;incstack = 0
  3380                           ; Regs used in _UART_SendChar: [wreg+status,2+status,0]
  3381                           ;UART_SendChar@data stored from wreg
  3382     00CC  00F4               	movwf	UART_SendChar@data
  3383     00CD                     l1382:
  3384                           
  3385                           ;service/uart_service.c: 17: void UART_SendChar(char data);service/uart_service.c: 18: {
      +                          ;service/uart_service.c: 19:      uint8_t i;;service/uart_service.c: 22:     LATAbits.LA
      +                          TA2 = 0;
  3386     00CD  0022               	movlb	2	; select bank2
  3387     00CE  110C               	bcf	12,2	;volatile
  3388     00CF                     l1384:
  3389                           
  3390                           ;service/uart_service.c: 23:     _delay((unsigned long)(((1000000 / 9600) // in microsec
      +                          onds)*(2000000/4000000.0)));
  3391     00CF  3011               	movlw	17
  3392     00D0                     u567:
  3393     00D0  0B89               	decfsz	9,f
  3394     00D1  28D0               	goto	u567
  3395     00D2  0000               	nop
  3396     00D3                     l1386:
  3397                           
  3398                           ;service/uart_service.c: 26:     for (i = 0; i < 8; i++){
  3399     00D3  01F5               	clrf	UART_SendChar@i
  3400     00D4                     l1392:
  3401                           
  3402                           ;service/uart_service.c: 27:         LATAbits.LATA2 = (data >> i) & 0x01;
  3403     00D4  0874               	movf	UART_SendChar@data,w
  3404     00D5  00F2               	movwf	??_UART_SendChar
  3405     00D6  0A75               	incf	UART_SendChar@i,w
  3406     00D7  28D9               	goto	u304
  3407     00D8                     u305:
  3408     00D8  36F2               	lsrf	??_UART_SendChar,f
  3409     00D9                     u304:
  3410     00D9  0B89               	decfsz	9,f
  3411     00DA  28D8               	goto	u305
  3412     00DB  0872               	movf	??_UART_SendChar,w
  3413     00DC  3901               	andlw	1
  3414     00DD  00F3               	movwf	??_UART_SendChar+1
  3415     00DE  0DF3               	rlf	??_UART_SendChar+1,f
  3416     00DF  0DF3               	rlf	??_UART_SendChar+1,f
  3417     00E0  0022               	movlb	2	; select bank2
  3418     00E1  080C               	movf	12,w	;volatile
  3419     00E2  0673               	xorwf	??_UART_SendChar+1,w
  3420     00E3  39FB               	andlw	-5
  3421     00E4  0673               	xorwf	??_UART_SendChar+1,w
  3422     00E5  008C               	movwf	12	;volatile
  3423     00E6                     l1394:
  3424                           
  3425                           ;service/uart_service.c: 28:         _delay((unsigned long)(((1000000 / 9600) // in micr
      +                          oseconds)*(2000000/4000000.0)));
  3426     00E6  3011               	movlw	17
  3427     00E7                     u577:
  3428     00E7  0B89               	decfsz	9,f
  3429     00E8  28E7               	goto	u577
  3430     00E9  0000               	nop
  3431     00EA                     l1396:
  3432                           
  3433                           ;service/uart_service.c: 29:     }
  3434     00EA  3001               	movlw	1
  3435     00EB  07F5               	addwf	UART_SendChar@i,f
  3436     00EC  3008               	movlw	8
  3437     00ED  0275               	subwf	UART_SendChar@i,w
  3438     00EE  1C03               	skipc
  3439     00EF  28F1               	goto	u311
  3440     00F0  28F2               	goto	u310
  3441     00F1                     u311:
  3442     00F1  28D4               	goto	l1392
  3443     00F2                     u310:
  3444     00F2                     l313:
  3445                           
  3446                           ;service/uart_service.c: 32:     LATAbits.LATA2 = 1;
  3447     00F2  0022               	movlb	2	; select bank2
  3448     00F3  150C               	bsf	12,2	;volatile
  3449     00F4                     l1398:
  3450                           
  3451                           ;service/uart_service.c: 33:     _delay((unsigned long)(((1000000 / 9600) // in microsec
      +                          onds)*(2000000/4000000.0)));
  3452     00F4  3011               	movlw	17
  3453     00F5                     u587:
  3454     00F5  0B89               	decfsz	9,f
  3455     00F6  28F5               	goto	u587
  3456     00F7  0000               	nop
  3457     00F8                     l314:
  3458     00F8  0008               	return
  3459     00F9                     __end_of_UART_SendChar:
  3460                           
  3461                           	psect	text13
  3462     027D                     __ptext13:	
  3463 ;; *************** function _TMR1_StartTimer *****************
  3464 ;; Defined at:
  3465 ;;		line 96 in file "mcc_generated_files/tmr1.c"
  3466 ;; Parameters:    Size  Location     Type
  3467 ;;		None
  3468 ;; Auto vars:     Size  Location     Type
  3469 ;;		None
  3470 ;; Return value:  Size  Location     Type
  3471 ;;                  1    wreg      void 
  3472 ;; Registers used:
  3473 ;;		None
  3474 ;; Tracked objects:
  3475 ;;		On entry : 0/0
  3476 ;;		On exit  : 0/0
  3477 ;;		Unchanged: 0/0
  3478 ;; Data sizes:     COMMON   BANK0   BANK1   BANK2
  3479 ;;      Params:         0       0       0       0
  3480 ;;      Locals:         0       0       0       0
  3481 ;;      Temps:          0       0       0       0
  3482 ;;      Totals:         0       0       0       0
  3483 ;;Total ram usage:        0 bytes
  3484 ;; Hardware stack levels used: 1
  3485 ;; Hardware stack levels required when called: 4
  3486 ;; This function calls:
  3487 ;;		Nothing
  3488 ;; This function is called by:
  3489 ;;		_APP_Task
  3490 ;; This function uses a non-reentrant model
  3491 ;;
  3492                           
  3493     027D                     _TMR1_StartTimer:	
  3494                           ;psect for function _TMR1_StartTimer
  3495                           
  3496     027D                     l1422:	
  3497                           ;incstack = 0
  3498                           ; Regs used in _TMR1_StartTimer: []
  3499                           
  3500                           
  3501                           ;mcc_generated_files/tmr1.c: 99:     T1CONbits.TMR1ON = 1;
  3502     027D  0020               	movlb	0	; select bank0
  3503     027E  1418               	bsf	24,0	;volatile
  3504     027F                     l195:
  3505     027F  0008               	return
  3506     0280                     __end_of_TMR1_StartTimer:
  3507                           
  3508                           	psect	text14
  3509     024A                     __ptext14:	
  3510 ;; *************** function _TMR1_Reload *****************
  3511 ;; Defined at:
  3512 ;;		line 145 in file "mcc_generated_files/tmr1.c"
  3513 ;; Parameters:    Size  Location     Type
  3514 ;;		None
  3515 ;; Auto vars:     Size  Location     Type
  3516 ;;		None
  3517 ;; Return value:  Size  Location     Type
  3518 ;;                  1    wreg      void 
  3519 ;; Registers used:
  3520 ;;		wreg, status,2, status,0, pclath, cstack
  3521 ;; Tracked objects:
  3522 ;;		On entry : 0/0
  3523 ;;		On exit  : 0/0
  3524 ;;		Unchanged: 0/0
  3525 ;; Data sizes:     COMMON   BANK0   BANK1   BANK2
  3526 ;;      Params:         0       0       0       0
  3527 ;;      Locals:         0       0       0       0
  3528 ;;      Temps:          0       0       0       0
  3529 ;;      Totals:         0       0       0       0
  3530 ;;Total ram usage:        0 bytes
  3531 ;; Hardware stack levels used: 1
  3532 ;; Hardware stack levels required when called: 5
  3533 ;; This function calls:
  3534 ;;		_TMR1_WriteTimer
  3535 ;; This function is called by:
  3536 ;;		_APP_Task
  3537 ;; This function uses a non-reentrant model
  3538 ;;
  3539                           
  3540     024A                     _TMR1_Reload:	
  3541                           ;psect for function _TMR1_Reload
  3542                           
  3543     024A                     l1424:	
  3544                           ;incstack = 0
  3545                           ; Regs used in _TMR1_Reload: [wreg+status,2+status,0+pclath+cstack]
  3546                           
  3547                           
  3548                           ;mcc_generated_files/tmr1.c: 147:     TMR1_WriteTimer(timer1ReloadVal);
  3549     024A  087A               	movf	_timer1ReloadVal+1,w	;volatile
  3550     024B  00F3               	movwf	TMR1_WriteTimer@timerVal+1
  3551     024C  0879               	movf	_timer1ReloadVal,w	;volatile
  3552     024D  00F2               	movwf	TMR1_WriteTimer@timerVal
  3553     024E  3181  21EA  3182   	fcall	_TMR1_WriteTimer
  3554     0251                     l209:
  3555     0251  0008               	return
  3556     0252                     __end_of_TMR1_Reload:
  3557                           
  3558                           	psect	text15
  3559     01EA                     __ptext15:	
  3560 ;; *************** function _TMR1_WriteTimer *****************
  3561 ;; Defined at:
  3562 ;;		line 123 in file "mcc_generated_files/tmr1.c"
  3563 ;; Parameters:    Size  Location     Type
  3564 ;;  timerVal        2    2[COMMON] unsigned short 
  3565 ;; Auto vars:     Size  Location     Type
  3566 ;;		None
  3567 ;; Return value:  Size  Location     Type
  3568 ;;                  1    wreg      void 
  3569 ;; Registers used:
  3570 ;;		wreg, status,2
  3571 ;; Tracked objects:
  3572 ;;		On entry : 0/0
  3573 ;;		On exit  : 0/0
  3574 ;;		Unchanged: 0/0
  3575 ;; Data sizes:     COMMON   BANK0   BANK1   BANK2
  3576 ;;      Params:         2       0       0       0
  3577 ;;      Locals:         0       0       0       0
  3578 ;;      Temps:          0       0       0       0
  3579 ;;      Totals:         2       0       0       0
  3580 ;;Total ram usage:        2 bytes
  3581 ;; Hardware stack levels used: 1
  3582 ;; Hardware stack levels required when called: 4
  3583 ;; This function calls:
  3584 ;;		Nothing
  3585 ;; This function is called by:
  3586 ;;		_TMR1_Reload
  3587 ;; This function uses a non-reentrant model
  3588 ;;
  3589                           
  3590     01EA                     _TMR1_WriteTimer:	
  3591                           ;psect for function _TMR1_WriteTimer
  3592                           
  3593     01EA                     l1366:	
  3594                           ;incstack = 0
  3595                           ; Regs used in _TMR1_WriteTimer: [wreg+status,2]
  3596                           
  3597                           
  3598                           ;mcc_generated_files/tmr1.c: 123: void TMR1_WriteTimer(uint16_t timerVal);mcc_generated_
      +                          files/tmr1.c: 124: {;mcc_generated_files/tmr1.c: 125:     if (T1CONbits.nT1SYNC == 1)
  3599     01EA  0020               	movlb	0	; select bank0
  3600     01EB  1D18               	btfss	24,2	;volatile
  3601     01EC  29EE               	goto	u291
  3602     01ED  29EF               	goto	u290
  3603     01EE                     u291:
  3604     01EE  29F6               	goto	l1376
  3605     01EF                     u290:
  3606     01EF                     l1368:
  3607                           
  3608                           ;mcc_generated_files/tmr1.c: 126:     {;mcc_generated_files/tmr1.c: 128:         T1CONbi
      +                          ts.TMR1ON = 0;
  3609     01EF  1018               	bcf	24,0	;volatile
  3610     01F0                     l1370:
  3611                           
  3612                           ;mcc_generated_files/tmr1.c: 131:         TMR1H = (uint8_t)(timerVal >> 8);
  3613     01F0  0873               	movf	TMR1_WriteTimer@timerVal+1,w
  3614     01F1  0097               	movwf	23	;volatile
  3615     01F2                     l1372:
  3616                           
  3617                           ;mcc_generated_files/tmr1.c: 132:         TMR1L = (uint8_t)timerVal;
  3618     01F2  0872               	movf	TMR1_WriteTimer@timerVal,w
  3619     01F3  0096               	movwf	22	;volatile
  3620     01F4                     l1374:
  3621                           
  3622                           ;mcc_generated_files/tmr1.c: 135:         T1CONbits.TMR1ON =1;
  3623     01F4  1418               	bsf	24,0	;volatile
  3624                           
  3625                           ;mcc_generated_files/tmr1.c: 136:     }
  3626     01F5  29FA               	goto	l206
  3627     01F6                     l1376:
  3628                           
  3629                           ;mcc_generated_files/tmr1.c: 138:     {;mcc_generated_files/tmr1.c: 140:         TMR1H =
      +                           (uint8_t)(timerVal >> 8);
  3630     01F6  0873               	movf	TMR1_WriteTimer@timerVal+1,w
  3631     01F7  0097               	movwf	23	;volatile
  3632     01F8                     l1378:
  3633                           
  3634                           ;mcc_generated_files/tmr1.c: 141:         TMR1L = (uint8_t)timerVal;
  3635     01F8  0872               	movf	TMR1_WriteTimer@timerVal,w
  3636     01F9  0096               	movwf	22	;volatile
  3637     01FA                     l206:
  3638     01FA  0008               	return
  3639     01FB                     __end_of_TMR1_WriteTimer:
  3640                           
  3641                           	psect	text16
  3642     0275                     __ptext16:	
  3643 ;; *************** function _IsMotionDetected *****************
  3644 ;; Defined at:
  3645 ;;		line 15 in file "service/sensor_service.c"
  3646 ;; Parameters:    Size  Location     Type
  3647 ;;		None
  3648 ;; Auto vars:     Size  Location     Type
  3649 ;;		None
  3650 ;; Return value:  Size  Location     Type
  3651 ;;                  1    wreg      _Bool 
  3652 ;; Registers used:
  3653 ;;		wreg, status,2, status,0, pclath, cstack
  3654 ;; Tracked objects:
  3655 ;;		On entry : 0/0
  3656 ;;		On exit  : 0/0
  3657 ;;		Unchanged: 0/0
  3658 ;; Data sizes:     COMMON   BANK0   BANK1   BANK2
  3659 ;;      Params:         0       0       0       0
  3660 ;;      Locals:         0       0       0       0
  3661 ;;      Temps:          0       0       0       0
  3662 ;;      Totals:         0       0       0       0
  3663 ;;Total ram usage:        0 bytes
  3664 ;; Hardware stack levels used: 1
  3665 ;; Hardware stack levels required when called: 5
  3666 ;; This function calls:
  3667 ;;		_ReadPIR
  3668 ;; This function is called by:
  3669 ;;		_APP_Task
  3670 ;; This function uses a non-reentrant model
  3671 ;;
  3672                           
  3673     0275                     _IsMotionDetected:	
  3674                           ;psect for function _IsMotionDetected
  3675                           
  3676     0275                     l1418:	
  3677                           ;incstack = 0
  3678                           ; Regs used in _IsMotionDetected: [wreg+status,2+status,0+pclath+cstack]
  3679                           
  3680                           
  3681                           ;service/sensor_service.c: 17:     return ReadPIR();
  3682     0275  3182  2279  3182   	fcall	_ReadPIR
  3683     0278                     l300:
  3684     0278  0008               	return
  3685     0279                     __end_of_IsMotionDetected:
  3686                           
  3687                           	psect	text17
  3688     0279                     __ptext17:	
  3689 ;; *************** function _ReadPIR *****************
  3690 ;; Defined at:
  3691 ;;		line 19 in file "hal/hal_sensor.c"
  3692 ;; Parameters:    Size  Location     Type
  3693 ;;		None
  3694 ;; Auto vars:     Size  Location     Type
  3695 ;;		None
  3696 ;; Return value:  Size  Location     Type
  3697 ;;                  1    wreg      _Bool 
  3698 ;; Registers used:
  3699 ;;		wreg, status,2, status,0
  3700 ;; Tracked objects:
  3701 ;;		On entry : 0/0
  3702 ;;		On exit  : 0/0
  3703 ;;		Unchanged: 0/0
  3704 ;; Data sizes:     COMMON   BANK0   BANK1   BANK2
  3705 ;;      Params:         0       0       0       0
  3706 ;;      Locals:         0       0       0       0
  3707 ;;      Temps:          0       0       0       0
  3708 ;;      Totals:         0       0       0       0
  3709 ;;Total ram usage:        0 bytes
  3710 ;; Hardware stack levels used: 1
  3711 ;; Hardware stack levels required when called: 4
  3712 ;; This function calls:
  3713 ;;		Nothing
  3714 ;; This function is called by:
  3715 ;;		_IsMotionDetected
  3716 ;; This function uses a non-reentrant model
  3717 ;;
  3718                           
  3719     0279                     _ReadPIR:	
  3720                           ;psect for function _ReadPIR
  3721                           
  3722     0279                     l1360:	
  3723                           ;incstack = 0
  3724                           ; Regs used in _ReadPIR: [wreg+status,2+status,0]
  3725                           
  3726                           
  3727                           ;hal/hal_sensor.c: 20:     return PORTAbits.RA4; // Acquire digital state (TRUE or FALSE
      +                          ) from PIR sensor
  3728     0279  0020               	movlb	0	; select bank0
  3729     027A  0E0C               	swapf	12,w	;volatile
  3730     027B  3901               	andlw	1
  3731     027C                     l72:
  3732     027C  0008               	return
  3733     027D                     __end_of_ReadPIR:
  3734                           
  3735                           	psect	text18
  3736     00F9                     __ptext18:	
  3737 ;; *************** function _IsDarkCondition *****************
  3738 ;; Defined at:
  3739 ;;		line 6 in file "service/sensor_service.c"
  3740 ;; Parameters:    Size  Location     Type
  3741 ;;		None
  3742 ;; Auto vars:     Size  Location     Type
  3743 ;;  ldr2            2    2[BANK0 ] unsigned short 
  3744 ;;  ldr1            2    0[BANK0 ] unsigned short 
  3745 ;; Return value:  Size  Location     Type
  3746 ;;                  1    wreg      _Bool 
  3747 ;; Registers used:
  3748 ;;		wreg, status,2, status,0, pclath, cstack
  3749 ;; Tracked objects:
  3750 ;;		On entry : 0/0
  3751 ;;		On exit  : 0/0
  3752 ;;		Unchanged: 0/0
  3753 ;; Data sizes:     COMMON   BANK0   BANK1   BANK2
  3754 ;;      Params:         0       0       0       0
  3755 ;;      Locals:         0       5       0       0
  3756 ;;      Temps:          0       0       0       0
  3757 ;;      Totals:         0       5       0       0
  3758 ;;Total ram usage:        5 bytes
  3759 ;; Hardware stack levels used: 1
  3760 ;; Hardware stack levels required when called: 6
  3761 ;; This function calls:
  3762 ;;		_ReadLDR1
  3763 ;;		_ReadLDR2
  3764 ;; This function is called by:
  3765 ;;		_APP_Task
  3766 ;; This function uses a non-reentrant model
  3767 ;;
  3768                           
  3769     00F9                     _IsDarkCondition:	
  3770                           ;psect for function _IsDarkCondition
  3771                           
  3772     00F9                     l1652:	
  3773                           ;incstack = 0
  3774                           ; Regs used in _IsDarkCondition: [wreg+status,2+status,0+pclath+cstack]
  3775                           
  3776                           
  3777                           ;service/sensor_service.c: 8:     uint16_t ldr1 = (uint16_t)ReadLDR1();
  3778     00F9  3181  21BC  3180   	fcall	_ReadLDR1
  3779     00FC  0875               	movf	?_ReadLDR1+1,w
  3780     00FD  0020               	movlb	0	; select bank0
  3781     00FE  00A1               	movwf	IsDarkCondition@ldr1+1
  3782     00FF  0874               	movf	?_ReadLDR1,w
  3783     0100  00A0               	movwf	IsDarkCondition@ldr1
  3784                           
  3785                           ;service/sensor_service.c: 9:     uint16_t ldr2 = (uint16_t)ReadLDR2();
  3786     0101  3181  21A5  3180   	fcall	_ReadLDR2
  3787     0104  0875               	movf	?_ReadLDR2+1,w
  3788     0105  0020               	movlb	0	; select bank0
  3789     0106  00A3               	movwf	IsDarkCondition@ldr2+1
  3790     0107  0874               	movf	?_ReadLDR2,w
  3791     0108  00A2               	movwf	IsDarkCondition@ldr2
  3792     0109                     l1654:
  3793                           
  3794                           ;service/sensor_service.c: 11:     return (ldr1 > 900 // Adjust as needed // Threshold f
      +                          or distinguishing dark condition (adjust as needed)) && (ldr2 > 900 // Adjust as needed 
      +                          // Threshold for distinguishing dark condition (adjust as needed));
  3795     0109  01A4               	clrf	_IsDarkCondition$695
  3796     010A                     l1656:
  3797     010A  3003               	movlw	3
  3798     010B  0221               	subwf	IsDarkCondition@ldr1+1,w
  3799     010C  3085               	movlw	133
  3800     010D  1903               	skipnz
  3801     010E  0220               	subwf	IsDarkCondition@ldr1,w
  3802     010F  1C03               	skipc
  3803     0110  2912               	goto	u501
  3804     0111  2913               	goto	u500
  3805     0112                     u501:
  3806     0112  291E               	goto	l1662
  3807     0113                     u500:
  3808     0113                     l1658:
  3809     0113  3003               	movlw	3
  3810     0114  0223               	subwf	IsDarkCondition@ldr2+1,w
  3811     0115  3085               	movlw	133
  3812     0116  1903               	skipnz
  3813     0117  0222               	subwf	IsDarkCondition@ldr2,w
  3814     0118  1C03               	skipc
  3815     0119  291B               	goto	u511
  3816     011A  291C               	goto	u510
  3817     011B                     u511:
  3818     011B  291E               	goto	l1662
  3819     011C                     u510:
  3820     011C                     l1660:
  3821     011C  3001               	movlw	1
  3822     011D  00A4               	movwf	_IsDarkCondition$695
  3823     011E                     l1662:
  3824     011E  0824               	movf	_IsDarkCondition$695,w
  3825     011F                     l297:
  3826     011F  0008               	return
  3827     0120                     __end_of_IsDarkCondition:
  3828                           
  3829                           	psect	text19
  3830     01A5                     __ptext19:	
  3831 ;; *************** function _ReadLDR2 *****************
  3832 ;; Defined at:
  3833 ;;		line 12 in file "hal/hal_sensor.c"
  3834 ;; Parameters:    Size  Location     Type
  3835 ;;		None
  3836 ;; Auto vars:     Size  Location     Type
  3837 ;;		None
  3838 ;; Return value:  Size  Location     Type
  3839 ;;                  2    4[COMMON] unsigned short 
  3840 ;; Registers used:
  3841 ;;		wreg, status,2, status,0, pclath, cstack
  3842 ;; Tracked objects:
  3843 ;;		On entry : 0/0
  3844 ;;		On exit  : 0/0
  3845 ;;		Unchanged: 0/0
  3846 ;; Data sizes:     COMMON   BANK0   BANK1   BANK2
  3847 ;;      Params:         2       0       0       0
  3848 ;;      Locals:         0       0       0       0
  3849 ;;      Temps:          0       0       0       0
  3850 ;;      Totals:         2       0       0       0
  3851 ;;Total ram usage:        2 bytes
  3852 ;; Hardware stack levels used: 1
  3853 ;; Hardware stack levels required when called: 5
  3854 ;; This function calls:
  3855 ;;		_ADC1_GetConversionResult
  3856 ;;		_ADC1_IsConversionDone
  3857 ;;		_ADC1_SelectChannel
  3858 ;;		_ADC1_StartConversion
  3859 ;; This function is called by:
  3860 ;;		_IsDarkCondition
  3861 ;; This function uses a non-reentrant model
  3862 ;;
  3863                           
  3864     01A5                     _ReadLDR2:	
  3865                           ;psect for function _ReadLDR2
  3866                           
  3867     01A5                     l1642:	
  3868                           ;incstack = 0
  3869                           ; Regs used in _ReadLDR2: [wreg+status,2+status,0+pclath+cstack]
  3870                           
  3871                           
  3872                           ;hal/hal_sensor.c: 13:     ADC1_SelectChannel(channel_AN1); // Select analog channel 1
  3873     01A5  3001               	movlw	1
  3874     01A6  3182  221C  3181   	fcall	_ADC1_SelectChannel
  3875     01A9                     l1644:
  3876                           
  3877                           ;hal/hal_sensor.c: 14:     ADC1_StartConversion(); // Start analog-to-digital conversion
  3878     01A9  3182  2280  3181   	fcall	_ADC1_StartConversion
  3879     01AC                     l1646:	
  3880                           ;hal/hal_sensor.c: 15:     while (!ADC1_IsConversionDone()); // Wait until conversion is
      +                           finished
  3881                           
  3882     01AC  3182  2259  3181   	fcall	_ADC1_IsConversionDone
  3883     01AF  3A00               	xorlw	0
  3884     01B0  1903               	skipnz
  3885     01B1  29B3               	goto	u491
  3886     01B2  29B4               	goto	u490
  3887     01B3                     u491:
  3888     01B3  29AC               	goto	l1646
  3889     01B4                     u490:
  3890     01B4                     l1648:
  3891                           
  3892                           ;hal/hal_sensor.c: 16:     return ADC1_GetConversionResult(); // Retrieve the 10-bit con
      +                          version result
  3893     01B4  3182  2266  3181   	fcall	_ADC1_GetConversionResult
  3894     01B7  0873               	movf	?_ADC1_GetConversionResult+1,w
  3895     01B8  00F5               	movwf	?_ReadLDR2+1
  3896     01B9  0872               	movf	?_ADC1_GetConversionResult,w
  3897     01BA  00F4               	movwf	?_ReadLDR2
  3898     01BB                     l69:
  3899     01BB  0008               	return
  3900     01BC                     __end_of_ReadLDR2:
  3901                           
  3902                           	psect	text20
  3903     01BC                     __ptext20:	
  3904 ;; *************** function _ReadLDR1 *****************
  3905 ;; Defined at:
  3906 ;;		line 4 in file "hal/hal_sensor.c"
  3907 ;; Parameters:    Size  Location     Type
  3908 ;;		None
  3909 ;; Auto vars:     Size  Location     Type
  3910 ;;		None
  3911 ;; Return value:  Size  Location     Type
  3912 ;;                  2    4[COMMON] unsigned short 
  3913 ;; Registers used:
  3914 ;;		wreg, status,2, status,0, pclath, cstack
  3915 ;; Tracked objects:
  3916 ;;		On entry : 0/0
  3917 ;;		On exit  : 0/0
  3918 ;;		Unchanged: 0/0
  3919 ;; Data sizes:     COMMON   BANK0   BANK1   BANK2
  3920 ;;      Params:         2       0       0       0
  3921 ;;      Locals:         0       0       0       0
  3922 ;;      Temps:          0       0       0       0
  3923 ;;      Totals:         2       0       0       0
  3924 ;;Total ram usage:        2 bytes
  3925 ;; Hardware stack levels used: 1
  3926 ;; Hardware stack levels required when called: 5
  3927 ;; This function calls:
  3928 ;;		_ADC1_GetConversionResult
  3929 ;;		_ADC1_IsConversionDone
  3930 ;;		_ADC1_SelectChannel
  3931 ;;		_ADC1_StartConversion
  3932 ;; This function is called by:
  3933 ;;		_IsDarkCondition
  3934 ;; This function uses a non-reentrant model
  3935 ;;
  3936                           
  3937     01BC                     _ReadLDR1:	
  3938                           ;psect for function _ReadLDR1
  3939                           
  3940     01BC                     l1632:	
  3941                           ;incstack = 0
  3942                           ; Regs used in _ReadLDR1: [wreg+status,2+status,0+pclath+cstack]
  3943                           
  3944                           
  3945                           ;hal/hal_sensor.c: 5:     ADC1_SelectChannel(channel_AN0); // Select analog channel 0
  3946     01BC  3000               	movlw	0
  3947     01BD  3182  221C  3181   	fcall	_ADC1_SelectChannel
  3948     01C0                     l1634:
  3949                           
  3950                           ;hal/hal_sensor.c: 6:     ADC1_StartConversion(); // Start analog-to-digital conversion
  3951     01C0  3182  2280  3181   	fcall	_ADC1_StartConversion
  3952     01C3                     l1636:	
  3953                           ;hal/hal_sensor.c: 7:     while (!ADC1_IsConversionDone()); // Wait until conversion is 
      +                          finished
  3954                           
  3955     01C3  3182  2259  3181   	fcall	_ADC1_IsConversionDone
  3956     01C6  3A00               	xorlw	0
  3957     01C7  1903               	skipnz
  3958     01C8  29CA               	goto	u481
  3959     01C9  29CB               	goto	u480
  3960     01CA                     u481:
  3961     01CA  29C3               	goto	l1636
  3962     01CB                     u480:
  3963     01CB                     l1638:
  3964                           
  3965                           ;hal/hal_sensor.c: 8:     return ADC1_GetConversionResult(); // Retrieve the 10-bit conv
      +                          ersion result
  3966     01CB  3182  2266  3181   	fcall	_ADC1_GetConversionResult
  3967     01CE  0873               	movf	?_ADC1_GetConversionResult+1,w
  3968     01CF  00F5               	movwf	?_ReadLDR1+1
  3969     01D0  0872               	movf	?_ADC1_GetConversionResult,w
  3970     01D1  00F4               	movwf	?_ReadLDR1
  3971     01D2                     l63:
  3972     01D2  0008               	return
  3973     01D3                     __end_of_ReadLDR1:
  3974                           
  3975                           	psect	text21
  3976     0280                     __ptext21:	
  3977 ;; *************** function _ADC1_StartConversion *****************
  3978 ;; Defined at:
  3979 ;;		line 96 in file "mcc_generated_files/adc1.c"
  3980 ;; Parameters:    Size  Location     Type
  3981 ;;		None
  3982 ;; Auto vars:     Size  Location     Type
  3983 ;;		None
  3984 ;; Return value:  Size  Location     Type
  3985 ;;                  1    wreg      void 
  3986 ;; Registers used:
  3987 ;;		None
  3988 ;; Tracked objects:
  3989 ;;		On entry : 0/0
  3990 ;;		On exit  : 0/0
  3991 ;;		Unchanged: 0/0
  3992 ;; Data sizes:     COMMON   BANK0   BANK1   BANK2
  3993 ;;      Params:         0       0       0       0
  3994 ;;      Locals:         0       0       0       0
  3995 ;;      Temps:          0       0       0       0
  3996 ;;      Totals:         0       0       0       0
  3997 ;;Total ram usage:        0 bytes
  3998 ;; Hardware stack levels used: 1
  3999 ;; Hardware stack levels required when called: 4
  4000 ;; This function calls:
  4001 ;;		Nothing
  4002 ;; This function is called by:
  4003 ;;		_ReadLDR1
  4004 ;;		_ReadLDR2
  4005 ;; This function uses a non-reentrant model
  4006 ;;
  4007                           
  4008     0280                     _ADC1_StartConversion:	
  4009                           ;psect for function _ADC1_StartConversion
  4010                           
  4011     0280                     l1622:	
  4012                           ;incstack = 0
  4013                           ; Regs used in _ADC1_StartConversion: []
  4014                           
  4015                           
  4016                           ;mcc_generated_files/adc1.c: 99:     ADCON0bits.GO_nDONE = 1;
  4017     0280  0021               	movlb	1	; select bank1
  4018     0281  149D               	bsf	29,1	;volatile
  4019     0282                     l121:
  4020     0282  0008               	return
  4021     0283                     __end_of_ADC1_StartConversion:
  4022                           
  4023                           	psect	text22
  4024     021C                     __ptext22:	
  4025 ;; *************** function _ADC1_SelectChannel *****************
  4026 ;; Defined at:
  4027 ;;		line 88 in file "mcc_generated_files/adc1.c"
  4028 ;; Parameters:    Size  Location     Type
  4029 ;;  channel         1    wreg     enum E3037
  4030 ;; Auto vars:     Size  Location     Type
  4031 ;;  channel         1    3[COMMON] enum E3037
  4032 ;; Return value:  Size  Location     Type
  4033 ;;                  1    wreg      void 
  4034 ;; Registers used:
  4035 ;;		wreg, status,2, status,0
  4036 ;; Tracked objects:
  4037 ;;		On entry : 0/0
  4038 ;;		On exit  : 0/0
  4039 ;;		Unchanged: 0/0
  4040 ;; Data sizes:     COMMON   BANK0   BANK1   BANK2
  4041 ;;      Params:         0       0       0       0
  4042 ;;      Locals:         1       0       0       0
  4043 ;;      Temps:          1       0       0       0
  4044 ;;      Totals:         2       0       0       0
  4045 ;;Total ram usage:        2 bytes
  4046 ;; Hardware stack levels used: 1
  4047 ;; Hardware stack levels required when called: 4
  4048 ;; This function calls:
  4049 ;;		Nothing
  4050 ;; This function is called by:
  4051 ;;		_ReadLDR1
  4052 ;;		_ReadLDR2
  4053 ;; This function uses a non-reentrant model
  4054 ;;
  4055                           
  4056     021C                     _ADC1_SelectChannel:	
  4057                           ;psect for function _ADC1_SelectChannel
  4058                           
  4059                           
  4060                           ;incstack = 0
  4061                           ; Regs used in _ADC1_SelectChannel: [wreg+status,2+status,0]
  4062                           ;ADC1_SelectChannel@channel stored from wreg
  4063     021C  00F3               	movwf	ADC1_SelectChannel@channel
  4064     021D                     l1618:
  4065                           
  4066                           ;mcc_generated_files/adc1.c: 88: void ADC1_SelectChannel(adc_channel_t channel);mcc_gene
      +                          rated_files/adc1.c: 89: {;mcc_generated_files/adc1.c: 91:     ADCON0bits.CHS = (unsigned
      +                           char)channel;
  4067     021D  0873               	movf	ADC1_SelectChannel@channel,w
  4068     021E  00F2               	movwf	??_ADC1_SelectChannel
  4069     021F  0DF2               	rlf	??_ADC1_SelectChannel,f
  4070     0220  0DF2               	rlf	??_ADC1_SelectChannel,f
  4071     0221  0021               	movlb	1	; select bank1
  4072     0222  081D               	movf	29,w	;volatile
  4073     0223  0672               	xorwf	??_ADC1_SelectChannel,w
  4074     0224  3983               	andlw	-125
  4075     0225  0672               	xorwf	??_ADC1_SelectChannel,w
  4076     0226  009D               	movwf	29	;volatile
  4077     0227                     l1620:
  4078                           
  4079                           ;mcc_generated_files/adc1.c: 93:     ADCON0bits.ADON = 1;
  4080     0227  141D               	bsf	29,0	;volatile
  4081     0228                     l118:
  4082     0228  0008               	return
  4083     0229                     __end_of_ADC1_SelectChannel:
  4084                           
  4085                           	psect	text23
  4086     0259                     __ptext23:	
  4087 ;; *************** function _ADC1_IsConversionDone *****************
  4088 ;; Defined at:
  4089 ;;		line 103 in file "mcc_generated_files/adc1.c"
  4090 ;; Parameters:    Size  Location     Type
  4091 ;;		None
  4092 ;; Auto vars:     Size  Location     Type
  4093 ;;		None
  4094 ;; Return value:  Size  Location     Type
  4095 ;;                  1    wreg      _Bool 
  4096 ;; Registers used:
  4097 ;;		wreg, status,0
  4098 ;; Tracked objects:
  4099 ;;		On entry : 0/0
  4100 ;;		On exit  : 0/0
  4101 ;;		Unchanged: 0/0
  4102 ;; Data sizes:     COMMON   BANK0   BANK1   BANK2
  4103 ;;      Params:         0       0       0       0
  4104 ;;      Locals:         0       0       0       0
  4105 ;;      Temps:          0       0       0       0
  4106 ;;      Totals:         0       0       0       0
  4107 ;;Total ram usage:        0 bytes
  4108 ;; Hardware stack levels used: 1
  4109 ;; Hardware stack levels required when called: 4
  4110 ;; This function calls:
  4111 ;;		Nothing
  4112 ;; This function is called by:
  4113 ;;		_ReadLDR1
  4114 ;;		_ReadLDR2
  4115 ;; This function uses a non-reentrant model
  4116 ;;
  4117                           
  4118     0259                     _ADC1_IsConversionDone:	
  4119                           ;psect for function _ADC1_IsConversionDone
  4120                           
  4121     0259                     l1624:	
  4122                           ;incstack = 0
  4123                           ; Regs used in _ADC1_IsConversionDone: [wreg+status,0]
  4124                           
  4125                           
  4126                           ;mcc_generated_files/adc1.c: 106:    return ((_Bool)(!ADCON0bits.GO_nDONE));
  4127     0259  1003               	clrc
  4128     025A  0021               	movlb	1	; select bank1
  4129     025B  1C9D               	btfss	29,1	;volatile
  4130     025C  1403               	setc
  4131     025D  3000               	movlw	0
  4132     025E  3D09               	addwfc	9,w
  4133     025F                     l124:
  4134     025F  0008               	return
  4135     0260                     __end_of_ADC1_IsConversionDone:
  4136                           
  4137                           	psect	text24
  4138     0266                     __ptext24:	
  4139 ;; *************** function _ADC1_GetConversionResult *****************
  4140 ;; Defined at:
  4141 ;;		line 109 in file "mcc_generated_files/adc1.c"
  4142 ;; Parameters:    Size  Location     Type
  4143 ;;		None
  4144 ;; Auto vars:     Size  Location     Type
  4145 ;;		None
  4146 ;; Return value:  Size  Location     Type
  4147 ;;                  2    2[COMMON] unsigned short 
  4148 ;; Registers used:
  4149 ;;		wreg
  4150 ;; Tracked objects:
  4151 ;;		On entry : 0/0
  4152 ;;		On exit  : 0/0
  4153 ;;		Unchanged: 0/0
  4154 ;; Data sizes:     COMMON   BANK0   BANK1   BANK2
  4155 ;;      Params:         2       0       0       0
  4156 ;;      Locals:         0       0       0       0
  4157 ;;      Temps:          0       0       0       0
  4158 ;;      Totals:         2       0       0       0
  4159 ;;Total ram usage:        2 bytes
  4160 ;; Hardware stack levels used: 1
  4161 ;; Hardware stack levels required when called: 4
  4162 ;; This function calls:
  4163 ;;		Nothing
  4164 ;; This function is called by:
  4165 ;;		_ReadLDR1
  4166 ;;		_ReadLDR2
  4167 ;; This function uses a non-reentrant model
  4168 ;;
  4169                           
  4170     0266                     _ADC1_GetConversionResult:	
  4171                           ;psect for function _ADC1_GetConversionResult
  4172                           
  4173     0266                     l1628:	
  4174                           ;incstack = 0
  4175                           ; Regs used in _ADC1_GetConversionResult: [wreg]
  4176                           
  4177                           
  4178                           ;mcc_generated_files/adc1.c: 112:     return ((adc_result_t)((ADRESH << 8) + ADRESL));
  4179     0266  0021               	movlb	1	; select bank1
  4180     0267  081C               	movf	28,w	;volatile
  4181     0268  00F3               	movwf	?_ADC1_GetConversionResult+1
  4182     0269  081B               	movf	27,w	;volatile
  4183     026A  00F2               	movwf	?_ADC1_GetConversionResult
  4184     026B                     l127:
  4185     026B  0008               	return
  4186     026C                     __end_of_ADC1_GetConversionResult:
  4187                           
  4188                           	psect	text25
  4189     01D3                     __ptext25:	
  4190 ;; *************** function _APP_Init *****************
  4191 ;; Defined at:
  4192 ;;		line 9 in file "application/app.c"
  4193 ;; Parameters:    Size  Location     Type
  4194 ;;		None
  4195 ;; Auto vars:     Size  Location     Type
  4196 ;;		None
  4197 ;; Return value:  Size  Location     Type
  4198 ;;                  1    wreg      _Bool 
  4199 ;; Registers used:
  4200 ;;		status,2, status,0, pclath, cstack
  4201 ;; Tracked objects:
  4202 ;;		On entry : 0/0
  4203 ;;		On exit  : 0/0
  4204 ;;		Unchanged: 0/0
  4205 ;; Data sizes:     COMMON   BANK0   BANK1   BANK2
  4206 ;;      Params:         0       0       0       0
  4207 ;;      Locals:         0       0       0       0
  4208 ;;      Temps:          0       0       0       0
  4209 ;;      Totals:         0       0       0       0
  4210 ;;Total ram usage:        0 bytes
  4211 ;; Hardware stack levels used: 1
  4212 ;; Hardware stack levels required when called: 5
  4213 ;; This function calls:
  4214 ;;		_TMR1_StopTimer
  4215 ;;		_UART_Init
  4216 ;; This function is called by:
  4217 ;;		_main
  4218 ;; This function uses a non-reentrant model
  4219 ;;
  4220                           
  4221     01D3                     _APP_Init:	
  4222                           ;psect for function _APP_Init
  4223                           
  4224     01D3                     l1494:	
  4225                           ;incstack = 0
  4226                           ; Regs used in _APP_Init: [status,2+status,0+pclath+cstack]
  4227                           
  4228                           
  4229                           ;application/app.c: 10:     UART_Init();
  4230     01D3  3182  226C  3181   	fcall	_UART_Init
  4231                           
  4232                           ;application/app.c: 11:     TMR1_StopTimer(); // Stop timer initially
  4233     01D6  3182  2283  3181   	fcall	_TMR1_StopTimer
  4234     01D9                     l1496:
  4235     01D9  0021               	movlb	1	; select bank1
  4236     01DA  128C               	bcf	12,5	;volatile
  4237     01DB                     l1498:
  4238     01DB  0025               	movlb	5	; select bank5
  4239     01DC  128C               	bcf	12,5	;volatile
  4240     01DD                     l1500:
  4241     01DD  1003               	clrc
  4242     01DE  0022               	movlb	2	; select bank2
  4243     01DF  1E8C               	btfss	12,5	;volatile
  4244     01E0  1403               	setc
  4245     01E1  1803               	btfsc	3,0
  4246     01E2  29E4               	goto	u371
  4247     01E3  29E7               	goto	u370
  4248     01E4                     u371:
  4249     01E4  0022               	movlb	2	; select bank2
  4250     01E5  168C               	bsf	12,5	;volatile
  4251     01E6  29E9               	goto	u384
  4252     01E7                     u370:
  4253     01E7  0022               	movlb	2	; select bank2
  4254     01E8  128C               	bcf	12,5	;volatile
  4255     01E9                     u384:
  4256     01E9                     l33:
  4257     01E9  0008               	return
  4258     01EA                     __end_of_APP_Init:
  4259                           
  4260                           	psect	text26
  4261     026C                     __ptext26:	
  4262 ;; *************** function _UART_Init *****************
  4263 ;; Defined at:
  4264 ;;		line 12 in file "service/uart_service.c"
  4265 ;; Parameters:    Size  Location     Type
  4266 ;;		None
  4267 ;; Auto vars:     Size  Location     Type
  4268 ;;		None
  4269 ;; Return value:  Size  Location     Type
  4270 ;;                  1    wreg      void 
  4271 ;; Registers used:
  4272 ;;		None
  4273 ;; Tracked objects:
  4274 ;;		On entry : 0/0
  4275 ;;		On exit  : 0/0
  4276 ;;		Unchanged: 0/0
  4277 ;; Data sizes:     COMMON   BANK0   BANK1   BANK2
  4278 ;;      Params:         0       0       0       0
  4279 ;;      Locals:         0       0       0       0
  4280 ;;      Temps:          0       0       0       0
  4281 ;;      Totals:         0       0       0       0
  4282 ;;Total ram usage:        0 bytes
  4283 ;; Hardware stack levels used: 1
  4284 ;; Hardware stack levels required when called: 4
  4285 ;; This function calls:
  4286 ;;		Nothing
  4287 ;; This function is called by:
  4288 ;;		_APP_Init
  4289 ;; This function uses a non-reentrant model
  4290 ;;
  4291                           
  4292     026C                     _UART_Init:	
  4293                           ;psect for function _UART_Init
  4294                           
  4295     026C                     l1400:	
  4296                           ;incstack = 0
  4297                           ; Regs used in _UART_Init: []
  4298                           
  4299                           
  4300                           ;service/uart_service.c: 14:     TRISAbits.TRISA2 = 0; // Set TX pin as output
  4301     026C  0021               	movlb	1	; select bank1
  4302     026D  110C               	bcf	12,2	;volatile
  4303                           
  4304                           ;service/uart_service.c: 15:     LATAbits.LATA2 = 1; // Idle state is 1
  4305     026E  0022               	movlb	2	; select bank2
  4306     026F  150C               	bsf	12,2	;volatile
  4307     0270                     l309:
  4308     0270  0008               	return
  4309     0271                     __end_of_UART_Init:
  4310                           
  4311                           	psect	text27
  4312     0283                     __ptext27:	
  4313 ;; *************** function _TMR1_StopTimer *****************
  4314 ;; Defined at:
  4315 ;;		line 102 in file "mcc_generated_files/tmr1.c"
  4316 ;; Parameters:    Size  Location     Type
  4317 ;;		None
  4318 ;; Auto vars:     Size  Location     Type
  4319 ;;		None
  4320 ;; Return value:  Size  Location     Type
  4321 ;;                  1    wreg      void 
  4322 ;; Registers used:
  4323 ;;		None
  4324 ;; Tracked objects:
  4325 ;;		On entry : 0/0
  4326 ;;		On exit  : 0/0
  4327 ;;		Unchanged: 0/0
  4328 ;; Data sizes:     COMMON   BANK0   BANK1   BANK2
  4329 ;;      Params:         0       0       0       0
  4330 ;;      Locals:         0       0       0       0
  4331 ;;      Temps:          0       0       0       0
  4332 ;;      Totals:         0       0       0       0
  4333 ;;Total ram usage:        0 bytes
  4334 ;; Hardware stack levels used: 1
  4335 ;; Hardware stack levels required when called: 4
  4336 ;; This function calls:
  4337 ;;		Nothing
  4338 ;; This function is called by:
  4339 ;;		_APP_Init
  4340 ;;		_APP_Task
  4341 ;; This function uses a non-reentrant model
  4342 ;;
  4343                           
  4344     0283                     _TMR1_StopTimer:	
  4345                           ;psect for function _TMR1_StopTimer
  4346                           
  4347     0283                     l1402:	
  4348                           ;incstack = 0
  4349                           ; Regs used in _TMR1_StopTimer: []
  4350                           
  4351                           
  4352                           ;mcc_generated_files/tmr1.c: 105:     T1CONbits.TMR1ON = 0;
  4353     0283  0020               	movlb	0	; select bank0
  4354     0284  1018               	bcf	24,0	;volatile
  4355     0285                     l198:
  4356     0285  0008               	return
  4357     0286                     __end_of_TMR1_StopTimer:
  4358                           
  4359                           	psect	intentry
  4360     0004                     __pintentry:	
  4361 ;; *************** function _INTERRUPT_InterruptManager *****************
  4362 ;; Defined at:
  4363 ;;		line 52 in file "mcc_generated_files/interrupt_manager.c"
  4364 ;; Parameters:    Size  Location     Type
  4365 ;;		None
  4366 ;; Auto vars:     Size  Location     Type
  4367 ;;		None
  4368 ;; Return value:  Size  Location     Type
  4369 ;;                  1    wreg      void 
  4370 ;; Registers used:
  4371 ;;		wreg, status,2, status,0, pclath, cstack
  4372 ;; Tracked objects:
  4373 ;;		On entry : 0/0
  4374 ;;		On exit  : 0/0
  4375 ;;		Unchanged: 0/0
  4376 ;; Data sizes:     COMMON   BANK0   BANK1   BANK2
  4377 ;;      Params:         0       0       0       0
  4378 ;;      Locals:         0       0       0       0
  4379 ;;      Temps:          0       0       0       0
  4380 ;;      Totals:         0       0       0       0
  4381 ;;Total ram usage:        0 bytes
  4382 ;; Hardware stack levels used: 1
  4383 ;; Hardware stack levels required when called: 3
  4384 ;; This function calls:
  4385 ;;		_TMR1_ISR
  4386 ;; This function is called by:
  4387 ;;		Interrupt level 1
  4388 ;; This function uses a non-reentrant model
  4389 ;;
  4390                           
  4391     0004                     _INTERRUPT_InterruptManager:
  4392                           
  4393                           ;incstack = 0
  4394     0004  147E               	bsf	int$flags,0	;set compiler interrupt flag (level 1)
  4395                           
  4396                           ; Regs used in _INTERRUPT_InterruptManager: [wreg+status,2+status,0+pclath+cstack]
  4397     0005  3180               	pagesel	$
  4398     0006                     i1l1592:
  4399                           
  4400                           ;mcc_generated_files/interrupt_manager.c: 55:     if(INTCONbits.PEIE == 1)
  4401     0006  1F0B               	btfss	11,6	;volatile
  4402     0007  2809               	goto	u45_21
  4403     0008  280A               	goto	u45_20
  4404     0009                     u45_21:
  4405     0009  2817               	goto	i1l248
  4406     000A                     u45_20:
  4407     000A                     i1l1594:
  4408                           
  4409                           ;mcc_generated_files/interrupt_manager.c: 56:     {;mcc_generated_files/interrupt_manage
      +                          r.c: 57:         if(PIE1bits.TMR1IE == 1 && PIR1bits.TMR1IF == 1)
  4410     000A  0021               	movlb	1	; select bank1
  4411     000B  1C11               	btfss	17,0	;volatile
  4412     000C  280E               	goto	u46_21
  4413     000D  280F               	goto	u46_20
  4414     000E                     u46_21:
  4415     000E  2817               	goto	i1l248
  4416     000F                     u46_20:
  4417     000F                     i1l1596:
  4418     000F  0020               	movlb	0	; select bank0
  4419     0010  1C11               	btfss	17,0	;volatile
  4420     0011  2813               	goto	u47_21
  4421     0012  2814               	goto	u47_20
  4422     0013                     u47_21:
  4423     0013  2817               	goto	i1l248
  4424     0014                     u47_20:
  4425     0014                     i1l1598:
  4426                           
  4427                           ;mcc_generated_files/interrupt_manager.c: 58:         {;mcc_generated_files/interrupt_ma
      +                          nager.c: 59:             TMR1_ISR();
  4428     0014  3181  2140  3180   	fcall	_TMR1_ISR
  4429     0017                     i1l248:	
  4430                           ;mcc_generated_files/interrupt_manager.c: 60:         }
  4431                           
  4432     0017  107E               	bcf	int$flags,0	;clear compiler interrupt flag (level 1)
  4433     0018  0009               	retfie
  4434     0019                     __end_of_INTERRUPT_InterruptManager:
  4435                           
  4436                           	psect	text29
  4437     0140                     __ptext29:	
  4438 ;; *************** function _TMR1_ISR *****************
  4439 ;; Defined at:
  4440 ;;		line 169 in file "mcc_generated_files/tmr1.c"
  4441 ;; Parameters:    Size  Location     Type
  4442 ;;		None
  4443 ;; Auto vars:     Size  Location     Type
  4444 ;;		None
  4445 ;; Return value:  Size  Location     Type
  4446 ;;                  1    wreg      void 
  4447 ;; Registers used:
  4448 ;;		wreg, status,2, status,0, pclath, cstack
  4449 ;; Tracked objects:
  4450 ;;		On entry : 0/0
  4451 ;;		On exit  : 0/0
  4452 ;;		Unchanged: 0/0
  4453 ;; Data sizes:     COMMON   BANK0   BANK1   BANK2
  4454 ;;      Params:         0       0       0       0
  4455 ;;      Locals:         0       0       0       0
  4456 ;;      Temps:          0       0       0       0
  4457 ;;      Totals:         0       0       0       0
  4458 ;;Total ram usage:        0 bytes
  4459 ;; Hardware stack levels used: 1
  4460 ;; Hardware stack levels required when called: 2
  4461 ;; This function calls:
  4462 ;;		_TMR1_CallBack
  4463 ;;		i1_TMR1_WriteTimer
  4464 ;; This function is called by:
  4465 ;;		_INTERRUPT_InterruptManager
  4466 ;; This function uses a non-reentrant model
  4467 ;;
  4468                           
  4469     0140                     _TMR1_ISR:	
  4470                           ;psect for function _TMR1_ISR
  4471                           
  4472     0140                     i1l1538:	
  4473                           ;incstack = 0
  4474                           ; Regs used in _TMR1_ISR: [wreg+status,2+status,0+pclath+cstack]
  4475                           
  4476                           
  4477                           ;mcc_generated_files/tmr1.c: 171:     static volatile unsigned int CountCallBack = 0;;mc
      +                          c_generated_files/tmr1.c: 174:     PIR1bits.TMR1IF = 0;
  4478     0140  0020               	movlb	0	; select bank0
  4479     0141  1011               	bcf	17,0	;volatile
  4480     0142                     i1l1540:
  4481                           
  4482                           ;mcc_generated_files/tmr1.c: 175:     TMR1_WriteTimer(timer1ReloadVal);
  4483     0142  087A               	movf	_timer1ReloadVal+1,w	;volatile
  4484     0143  00F1               	movwf	i1TMR1_WriteTimer@timerVal+1
  4485     0144  0879               	movf	_timer1ReloadVal,w	;volatile
  4486     0145  00F0               	movwf	i1TMR1_WriteTimer@timerVal
  4487     0146  3181  21FB  3181   	fcall	i1_TMR1_WriteTimer
  4488     0149                     i1l1542:
  4489                           
  4490                           ;mcc_generated_files/tmr1.c: 178:     if (++CountCallBack >= 240)
  4491     0149  3001               	movlw	1
  4492     014A  0020               	movlb	0	; select bank0
  4493     014B  07AB               	addwf	TMR1_ISR@CountCallBack,f	;volatile
  4494     014C  3000               	movlw	0
  4495     014D  3DAC               	addwfc	TMR1_ISR@CountCallBack+1,f	;volatile
  4496     014E  3000               	movlw	0
  4497     014F  022C               	subwf	TMR1_ISR@CountCallBack+1,w	;volatile
  4498     0150  30F0               	movlw	240
  4499     0151  1903               	skipnz
  4500     0152  022B               	subwf	TMR1_ISR@CountCallBack,w	;volatile
  4501     0153  1C03               	skipc
  4502     0154  2956               	goto	u42_21
  4503     0155  2957               	goto	u42_20
  4504     0156                     u42_21:
  4505     0156  295D               	goto	i1l225
  4506     0157                     u42_20:
  4507     0157                     i1l1544:
  4508                           
  4509                           ;mcc_generated_files/tmr1.c: 179:     {;mcc_generated_files/tmr1.c: 181:         TMR1_Ca
      +                          llBack();
  4510     0157  3182  2229  3181   	fcall	_TMR1_CallBack
  4511     015A                     i1l1546:
  4512                           
  4513                           ;mcc_generated_files/tmr1.c: 184:         CountCallBack = 0;
  4514     015A  0020               	movlb	0	; select bank0
  4515     015B  01AB               	clrf	TMR1_ISR@CountCallBack	;volatile
  4516     015C  01AC               	clrf	TMR1_ISR@CountCallBack+1	;volatile
  4517     015D                     i1l225:
  4518     015D  0008               	return
  4519     015E                     __end_of_TMR1_ISR:
  4520                           
  4521                           	psect	text30
  4522     01FB                     __ptext30:	
  4523 ;; *************** function i1_TMR1_WriteTimer *****************
  4524 ;; Defined at:
  4525 ;;		line 123 in file "mcc_generated_files/tmr1.c"
  4526 ;; Parameters:    Size  Location     Type
  4527 ;;  timerVal        2    0[COMMON] unsigned short 
  4528 ;; Auto vars:     Size  Location     Type
  4529 ;;		None
  4530 ;; Return value:  Size  Location     Type
  4531 ;;                  1    wreg      void 
  4532 ;; Registers used:
  4533 ;;		wreg, status,2
  4534 ;; Tracked objects:
  4535 ;;		On entry : 0/0
  4536 ;;		On exit  : 0/0
  4537 ;;		Unchanged: 0/0
  4538 ;; Data sizes:     COMMON   BANK0   BANK1   BANK2
  4539 ;;      Params:         2       0       0       0
  4540 ;;      Locals:         0       0       0       0
  4541 ;;      Temps:          0       0       0       0
  4542 ;;      Totals:         2       0       0       0
  4543 ;;Total ram usage:        2 bytes
  4544 ;; Hardware stack levels used: 1
  4545 ;; This function calls:
  4546 ;;		Nothing
  4547 ;; This function is called by:
  4548 ;;		_TMR1_ISR
  4549 ;; This function uses a non-reentrant model
  4550 ;;
  4551                           
  4552     01FB                     i1_TMR1_WriteTimer:	
  4553                           ;psect for function i1_TMR1_WriteTimer
  4554                           
  4555     01FB                     i1l1480:	
  4556                           ;incstack = 0
  4557                           ; Regs used in i1_TMR1_WriteTimer: [wreg+status,2]
  4558                           
  4559                           
  4560                           ;mcc_generated_files/tmr1.c: 123: void TMR1_WriteTimer(uint16_t timerVal);mcc_generated_
      +                          files/tmr1.c: 124: {;mcc_generated_files/tmr1.c: 125:     if (T1CONbits.nT1SYNC == 1)
  4561     01FB  0020               	movlb	0	; select bank0
  4562     01FC  1D18               	btfss	24,2	;volatile
  4563     01FD  29FF               	goto	u36_21
  4564     01FE  2A00               	goto	u36_20
  4565     01FF                     u36_21:
  4566     01FF  2A07               	goto	i1l1490
  4567     0200                     u36_20:
  4568     0200                     i1l1482:
  4569                           
  4570                           ;mcc_generated_files/tmr1.c: 126:     {;mcc_generated_files/tmr1.c: 128:         T1CONbi
      +                          ts.TMR1ON = 0;
  4571     0200  1018               	bcf	24,0	;volatile
  4572     0201                     i1l1484:
  4573                           
  4574                           ;mcc_generated_files/tmr1.c: 131:         TMR1H = (uint8_t)(timerVal >> 8);
  4575     0201  0871               	movf	i1TMR1_WriteTimer@timerVal+1,w
  4576     0202  0097               	movwf	23	;volatile
  4577     0203                     i1l1486:
  4578                           
  4579                           ;mcc_generated_files/tmr1.c: 132:         TMR1L = (uint8_t)timerVal;
  4580     0203  0870               	movf	i1TMR1_WriteTimer@timerVal,w
  4581     0204  0096               	movwf	22	;volatile
  4582     0205                     i1l1488:
  4583                           
  4584                           ;mcc_generated_files/tmr1.c: 135:         T1CONbits.TMR1ON =1;
  4585     0205  1418               	bsf	24,0	;volatile
  4586                           
  4587                           ;mcc_generated_files/tmr1.c: 136:     }
  4588     0206  2A0B               	goto	i1l206
  4589     0207                     i1l1490:
  4590                           
  4591                           ;mcc_generated_files/tmr1.c: 138:     {;mcc_generated_files/tmr1.c: 140:         TMR1H =
      +                           (uint8_t)(timerVal >> 8);
  4592     0207  0871               	movf	i1TMR1_WriteTimer@timerVal+1,w
  4593     0208  0097               	movwf	23	;volatile
  4594     0209                     i1l1492:
  4595                           
  4596                           ;mcc_generated_files/tmr1.c: 141:         TMR1L = (uint8_t)timerVal;
  4597     0209  0870               	movf	i1TMR1_WriteTimer@timerVal,w
  4598     020A  0096               	movwf	22	;volatile
  4599     020B                     i1l206:
  4600     020B  0008               	return
  4601     020C                     __end_ofi1_TMR1_WriteTimer:
  4602                           
  4603                           	psect	text31
  4604     0229                     __ptext31:	
  4605 ;; *************** function _TMR1_CallBack *****************
  4606 ;; Defined at:
  4607 ;;		line 160 in file "mcc_generated_files/tmr1.c"
  4608 ;; Parameters:    Size  Location     Type
  4609 ;;		None
  4610 ;; Auto vars:     Size  Location     Type
  4611 ;;		None
  4612 ;; Return value:  Size  Location     Type
  4613 ;;                  1    wreg      void 
  4614 ;; Registers used:
  4615 ;;		wreg, status,2, status,0, pclath, cstack
  4616 ;; Tracked objects:
  4617 ;;		On entry : 0/0
  4618 ;;		On exit  : 0/0
  4619 ;;		Unchanged: 0/0
  4620 ;; Data sizes:     COMMON   BANK0   BANK1   BANK2
  4621 ;;      Params:         0       0       0       0
  4622 ;;      Locals:         0       0       0       0
  4623 ;;      Temps:          0       0       0       0
  4624 ;;      Totals:         0       0       0       0
  4625 ;;Total ram usage:        0 bytes
  4626 ;; Hardware stack levels used: 1
  4627 ;; Hardware stack levels required when called: 1
  4628 ;; This function calls:
  4629 ;;		NULL
  4630 ;;		_TMR1_DefaultInterruptHandler
  4631 ;; This function is called by:
  4632 ;;		_TMR1_ISR
  4633 ;; This function uses a non-reentrant model
  4634 ;;
  4635                           
  4636     0229                     _TMR1_CallBack:	
  4637                           ;psect for function _TMR1_CallBack
  4638                           
  4639     0229                     i1l1476:	
  4640                           ;incstack = 0
  4641                           ; Regs used in _TMR1_CallBack: [wreg+status,2+status,0+pclath+cstack]
  4642                           
  4643                           
  4644                           ;mcc_generated_files/tmr1.c: 163:     if(TMR1_InterruptHandler)
  4645     0229  0020               	movlb	0	; select bank0
  4646     022A  0829               	movf	_TMR1_InterruptHandler,w
  4647     022B  042A               	iorwf	_TMR1_InterruptHandler+1,w
  4648     022C  1903               	btfsc	3,2
  4649     022D  2A2F               	goto	u35_21
  4650     022E  2A30               	goto	u35_20
  4651     022F                     u35_21:
  4652     022F  2A35               	goto	i1l219
  4653     0230                     u35_20:
  4654     0230                     i1l1478:
  4655                           
  4656                           ;mcc_generated_files/tmr1.c: 164:     {;mcc_generated_files/tmr1.c: 165:         TMR1_In
      +                          terruptHandler();
  4657     0230  082A               	movf	_TMR1_InterruptHandler+1,w
  4658     0231  008A               	movwf	10
  4659     0232  0829               	movf	_TMR1_InterruptHandler,w
  4660     0233  000A               	callw
  4661     0234  3182               	pagesel	$
  4662     0235                     i1l219:
  4663     0235  0008               	return
  4664     0236                     __end_of_TMR1_CallBack:
  4665                           
  4666                           	psect	text32
  4667     0286                     __ptext32:	
  4668 ;; *************** function _TMR1_DefaultInterruptHandler *****************
  4669 ;; Defined at:
  4670 ;;		line 192 in file "mcc_generated_files/tmr1.c"
  4671 ;; Parameters:    Size  Location     Type
  4672 ;;		None
  4673 ;; Auto vars:     Size  Location     Type
  4674 ;;		None
  4675 ;; Return value:  Size  Location     Type
  4676 ;;                  1    wreg      void 
  4677 ;; Registers used:
  4678 ;;		status,2
  4679 ;; Tracked objects:
  4680 ;;		On entry : 0/0
  4681 ;;		On exit  : 0/0
  4682 ;;		Unchanged: 0/0
  4683 ;; Data sizes:     COMMON   BANK0   BANK1   BANK2
  4684 ;;      Params:         0       0       0       0
  4685 ;;      Locals:         0       0       0       0
  4686 ;;      Temps:          0       0       0       0
  4687 ;;      Totals:         0       0       0       0
  4688 ;;Total ram usage:        0 bytes
  4689 ;; Hardware stack levels used: 1
  4690 ;; This function calls:
  4691 ;;		Nothing
  4692 ;; This function is called by:
  4693 ;;		_TMR1_Initialize
  4694 ;;		_TMR1_CallBack
  4695 ;; This function uses a non-reentrant model
  4696 ;;
  4697                           
  4698     0286                     _TMR1_DefaultInterruptHandler:	
  4699                           ;psect for function _TMR1_DefaultInterruptHandler
  4700                           
  4701     0286                     i1l1380:	
  4702                           ;incstack = 0
  4703                           ; Regs used in _TMR1_DefaultInterruptHandler: [status,2]
  4704                           
  4705                           
  4706                           ;mcc_generated_files/tmr1.c: 193:    MotionPresent = 0;
  4707     0286  01FB               	clrf	_MotionPresent	;volatile
  4708     0287                     i1l231:
  4709     0287  0008               	return
  4710     0288                     __end_of_TMR1_DefaultInterruptHandler:
  4711     0000                     ___latbits      equ	0
  4712     007E                     btemp           set	126	;btemp
  4713     007E                     int$flags       set	126
  4714     007E                     wtemp0          set	126
  4715                           
  4716                           	psect	idloc
  4717                           
  4718                           ;Config register IDLOC0 @ 0x8000
  4719                           ;	unspecified, using default values
  4720     8000                     	org	32768
  4721     8000  3FFF               	dw	16383
  4722                           
  4723                           ;Config register IDLOC1 @ 0x8001
  4724                           ;	unspecified, using default values
  4725     8001                     	org	32769
  4726     8001  3FFF               	dw	16383
  4727                           
  4728                           ;Config register IDLOC2 @ 0x8002
  4729                           ;	unspecified, using default values
  4730     8002                     	org	32770
  4731     8002  3FFF               	dw	16383
  4732                           
  4733                           ;Config register IDLOC3 @ 0x8003
  4734                           ;	unspecified, using default values
  4735     8003                     	org	32771
  4736     8003  3FFF               	dw	16383
  4737                           
  4738                           	psect	config
  4739                           
  4740                           ;Config register CONFIG1 @ 0x8007
  4741                           ;	
  4742                           ;	FOSC = INTOSC, INTOSC oscillator; I/O function on CLKIN pin
  4743                           ;	Watchdog Timer Enable
  4744                           ;	WDTE = OFF, WDT disabled
  4745                           ;	Power-up Timer Enable
  4746                           ;	PWRTE = OFF, PWRT disabled
  4747                           ;	MCLR Pin Function Select
  4748                           ;	MCLRE = ON, MCLR/VPP pin function is MCLR
  4749                           ;	Flash Program Memory Code Protection
  4750                           ;	CP = OFF, Program memory code protection is disabled
  4751                           ;	Brown-out Reset Enable
  4752                           ;	BOREN = ON, Brown-out Reset enabled
  4753                           ;	Clock Out Enable
  4754                           ;	CLKOUTEN = OFF, CLKOUT function is disabled. I/O or oscillator function on the CLKOUT 
      +                          pin
  4755     8007                     	org	32775
  4756     8007  3FE4               	dw	16356
  4757                           
  4758                           ;Config register CONFIG2 @ 0x8008
  4759                           ;	Flash Memory Self-Write Protection
  4760                           ;	WRT = OFF, Write protection off
  4761                           ;	PLL Enable
  4762                           ;	PLLEN = OFF, 4x PLL disabled
  4763                           ;	Stack Overflow/Underflow Reset Enable
  4764                           ;	STVREN = ON, Stack Overflow or Underflow will cause a Reset
  4765                           ;	Brown-out Reset Voltage Selection
  4766                           ;	BORV = LO, Brown-out Reset Voltage (Vbor), low trip point selected.
  4767                           ;	Low Power Brown-out Reset enable bit
  4768                           ;	LPBOREN = OFF, LPBOR is disabled
  4769                           ;	Low-Voltage Programming Enable
  4770                           ;	LVP = ON, Low-voltage programming enabled
  4771     8008                     	org	32776
  4772     8008  3EFF               	dw	16127

Data Sizes:
    Strings     32
    Constant    0
    Data        0
    BSS         7
    Persistent  36
    Stack       0

Auto Spaces:
    Space          Size  Autos    Used
    COMMON           14      9      12
    BANK0            80      7      15
    BANK1            80      0       0
    BANK2            80      0       0

Pointer List with Targets:

    ADC1_InterruptHandler	PTR FTN()void  size(2) Largest target is 1
		 -> NULL(), 

    TMR1_InterruptHandler	PTR FTN()void  size(2) Largest target is 1
		 -> TMR1_DefaultInterruptHandler(), NULL(), 

    TMR1_SetInterruptHandler@InterruptHandler	PTR FTN()void  size(2) Largest target is 1
		 -> TMR1_DefaultInterruptHandler(), 

    UART_SendString@str	PTR const unsigned char  size(2) Largest target is 32
		 -> STR_1(CODE[32]), 


Critical Paths under _main in COMMON

    _TMR1_Initialize->_TMR1_SetInterruptHandler
    _APP_Task->_UART_SendString
    _UART_SendString->_UART_SendChar
    _TMR1_Reload->_TMR1_WriteTimer
    _IsDarkCondition->_ReadLDR1
    _IsDarkCondition->_ReadLDR2
    _ReadLDR2->_ADC1_GetConversionResult
    _ReadLDR2->_ADC1_SelectChannel
    _ReadLDR1->_ADC1_GetConversionResult
    _ReadLDR1->_ADC1_SelectChannel

Critical Paths under _INTERRUPT_InterruptManager in COMMON

    _TMR1_ISR->i1_TMR1_WriteTimer

Critical Paths under _main in BANK0

    _APP_Task->_IsDarkCondition

Critical Paths under _INTERRUPT_InterruptManager in BANK0

    None.

Critical Paths under _main in BANK1

    None.

Critical Paths under _INTERRUPT_InterruptManager in BANK1

    None.

Critical Paths under _main in BANK2

    None.

Critical Paths under _INTERRUPT_InterruptManager in BANK2

    None.

Call Graph Tables:

 ---------------------------------------------------------------------------------
 (Depth) Function   	        Calls       Base Space   Used Autos Params    Refs
 ---------------------------------------------------------------------------------
 (0) _main                                                 2     2      0     633
                                              5 BANK0      2     2      0
                           _APP_Init
                           _APP_Task
                         _Flash_Read
                        _Flash_Write
                  _SYSTEM_Initialize
 ---------------------------------------------------------------------------------
 (1) _SYSTEM_Initialize                                    0     0      0      23
                    _ADC1_Initialize
              _OSCILLATOR_Initialize
             _PIN_MANAGER_Initialize
                    _TMR1_Initialize
                     _WDT_Initialize
 ---------------------------------------------------------------------------------
 (2) _WDT_Initialize                                       0     0      0       0
 ---------------------------------------------------------------------------------
 (2) _TMR1_Initialize                                      0     0      0      23
           _TMR1_SetInterruptHandler
 ---------------------------------------------------------------------------------
 (3) _TMR1_SetInterruptHandler                             2     0      2      23
                                              2 COMMON     2     0      2
 ---------------------------------------------------------------------------------
 (2) _PIN_MANAGER_Initialize                               0     0      0       0
 ---------------------------------------------------------------------------------
 (2) _OSCILLATOR_Initialize                                0     0      0       0
 ---------------------------------------------------------------------------------
 (2) _ADC1_Initialize                                      0     0      0       0
 ---------------------------------------------------------------------------------
 (1) _Flash_Write                                          4     0      4     134
                                              2 COMMON     4     0      4
 ---------------------------------------------------------------------------------
 (1) _Flash_Read                                           2     0      2      45
                                              2 COMMON     2     0      2
 ---------------------------------------------------------------------------------
 (1) _APP_Task                                             0     0      0     431
                    _IsDarkCondition
                   _IsMotionDetected
                        _TMR1_Reload
                    _TMR1_StartTimer
                     _TMR1_StopTimer
                    _UART_SendString
 ---------------------------------------------------------------------------------
 (2) _UART_SendString                                      3     1      2     143
                                              6 COMMON     3     1      2
                      _UART_SendChar
 ---------------------------------------------------------------------------------
 (3) _UART_SendChar                                        4     4      0      97
                                              2 COMMON     4     4      0
 ---------------------------------------------------------------------------------
 (2) _TMR1_StartTimer                                      0     0      0       0
 ---------------------------------------------------------------------------------
 (2) _TMR1_Reload                                          0     0      0      89
                    _TMR1_WriteTimer
 ---------------------------------------------------------------------------------
 (3) _TMR1_WriteTimer                                      2     0      2      89
                                              2 COMMON     2     0      2
 ---------------------------------------------------------------------------------
 (2) _IsMotionDetected                                     0     0      0       0
                            _ReadPIR
 ---------------------------------------------------------------------------------
 (3) _ReadPIR                                              0     0      0       0
 ---------------------------------------------------------------------------------
 (2) _IsDarkCondition                                      5     5      0     199
                                              0 BANK0      5     5      0
                           _ReadLDR1
                           _ReadLDR2
 ---------------------------------------------------------------------------------
 (3) _ReadLDR2                                             2     0      2      47
                                              4 COMMON     2     0      2
           _ADC1_GetConversionResult
              _ADC1_IsConversionDone
                 _ADC1_SelectChannel
               _ADC1_StartConversion
 ---------------------------------------------------------------------------------
 (3) _ReadLDR1                                             2     0      2      47
                                              4 COMMON     2     0      2
           _ADC1_GetConversionResult
              _ADC1_IsConversionDone
                 _ADC1_SelectChannel
               _ADC1_StartConversion
 ---------------------------------------------------------------------------------
 (4) _ADC1_StartConversion                                 0     0      0       0
 ---------------------------------------------------------------------------------
 (4) _ADC1_SelectChannel                                   2     2      0      47
                                              2 COMMON     2     2      0
 ---------------------------------------------------------------------------------
 (4) _ADC1_IsConversionDone                                0     0      0       0
 ---------------------------------------------------------------------------------
 (4) _ADC1_GetConversionResult                             2     0      2       0
                                              2 COMMON     2     0      2
 ---------------------------------------------------------------------------------
 (1) _APP_Init                                             0     0      0       0
                     _TMR1_StopTimer
                          _UART_Init
 ---------------------------------------------------------------------------------
 (2) _UART_Init                                            0     0      0       0
 ---------------------------------------------------------------------------------
 (2) _TMR1_StopTimer                                       0     0      0       0
 ---------------------------------------------------------------------------------
 Estimated maximum stack depth 4
 ---------------------------------------------------------------------------------
 (Depth) Function   	        Calls       Base Space   Used Autos Params    Refs
 ---------------------------------------------------------------------------------
 (5) _INTERRUPT_InterruptManager                           0     0      0      89
                           _TMR1_ISR
 ---------------------------------------------------------------------------------
 (6) _TMR1_ISR                                             0     0      0      89
                      _TMR1_CallBack
                  i1_TMR1_WriteTimer
 ---------------------------------------------------------------------------------
 (7) i1_TMR1_WriteTimer                                    2     0      2      89
                                              0 COMMON     2     0      2
 ---------------------------------------------------------------------------------
 (7) _TMR1_CallBack                                        0     0      0       0
                                NULL *
       _TMR1_DefaultInterruptHandler *
 ---------------------------------------------------------------------------------
 (8) _TMR1_DefaultInterruptHandler                         0     0      0       0
 ---------------------------------------------------------------------------------
 (8) NULL(Fake)                                            0     0      0       0
 ---------------------------------------------------------------------------------
 Estimated maximum stack depth 8
 ---------------------------------------------------------------------------------

 Call Graph Graphs:

 _main (ROOT)
   _APP_Init
     _TMR1_StopTimer
     _UART_Init
   _APP_Task
     _IsDarkCondition
       _ReadLDR1
         _ADC1_GetConversionResult
         _ADC1_IsConversionDone
         _ADC1_SelectChannel
         _ADC1_StartConversion
       _ReadLDR2
         _ADC1_GetConversionResult
         _ADC1_IsConversionDone
         _ADC1_SelectChannel
         _ADC1_StartConversion
     _IsMotionDetected
       _ReadPIR
     _TMR1_Reload
       _TMR1_WriteTimer
     _TMR1_StartTimer
     _TMR1_StopTimer
     _UART_SendString
       _UART_SendChar
   _Flash_Read
   _Flash_Write
   _SYSTEM_Initialize
     _ADC1_Initialize
     _OSCILLATOR_Initialize
     _PIN_MANAGER_Initialize
     _TMR1_Initialize
       _TMR1_SetInterruptHandler
     _WDT_Initialize

 _INTERRUPT_InterruptManager (ROOT)
   _TMR1_ISR
     _TMR1_CallBack
       NULL(Fake) *
       _TMR1_DefaultInterruptHandler *
     i1_TMR1_WriteTimer

Address spaces:
Name               Size   Autos  Total    Usage
BITCOMMON           14      0       0      0.0%
BITBANK0            80      0       0      0.0%
BITBANK1            80      0       0      0.0%
BITBANK2            80      0       0      0.0%
BIGRAM             240      0       0      0.0%
COMMON              14      9      12     85.7%
BANK0               80      7      15     18.8%
BANK1               80      0       0      0.0%
BANK2               80      0       0      0.0%
STACK                0      0       0      0.0%
DATA                 0      0      24      0.0%


Microchip Technology PIC Macro Assembler V3.00 build 20241204225717 
Symbol Table                                                                                   Sat Jul 05 15:02:59 2025

                                      l33 01E9                                        l36 0055  
                                      l38 0042                                        l63 01D2  
                                      l47 0060                                        l72 027C  
                                      l69 01BB                                        l93 018D  
                     IsDarkCondition@ldr1 0020                       IsDarkCondition@ldr2 0022  
                                     l121 0282                                       l115 0249  
                                     l124 025F                                       l300 0278  
                                     l118 0228                                       l206 01FA  
                                     l127 026B                                       l320 01A4  
                                     l160 0258                                       l209 0251  
                                     l313 00F2                                       l314 00F8  
                                     l163 0274                                       l228 0265  
                                     l309 0270                                       l341 00B0  
                                     l157 021B                                       l342 00C5  
                                     l344 00C9                                       l192 0175  
                                     l345 00CB                                       l195 027F  
                                     l339 00AC                                       l348 0240  
                                     l198 0285                                       l297 011F  
                                     u310 00F2                                       u311 00F1  
                                     u304 00D9                                       u305 00D8  
                                     u500 0113                                       u340 01A4  
                                     u501 0112                                       u341 01A3  
                                     u510 011C                                       u430 00B0  
                                     u511 011B                                       u431 00AF  
                                     u520 002D                                       u440 00C9  
                                     u521 002C                                       u441 00C8  
                                     u370 01E7                                       u290 01EF  
                                     u530 0032                                       u371 01E4  
                                     u291 01EE                                       u531 0031  
                                     u540 003A                                       u541 0039  
                                     u384 01E9                                       u480 01CB  
                                     u481 01CA                                       u490 01B4  
                                     u491 01B3                                       u557 0093  
                                     u567 00D0                                       u577 00E7  
                                     u587 00F5                           _timer1ReloadVal 0079  
                        _IsMotionDetected 0275                         ??_IsDarkCondition 0076  
                                     wreg 0009                                      l1400 026C  
                                    l1402 0283                                      l1500 01DD  
                                    l1422 027D                                      l1430 0197  
                                    l1360 0279                                      l1424 024A  
                                    l1432 019B                                      l1440 0180  
                                    l1418 0275                                      l1370 01F0  
                                    l1426 018E                                      l1450 0244  
                                    l1442 0184                                      l1434 0176  
                                    l1620 0227                                      l1372 01F2  
                                    l1428 018F                                      l1452 0247  
                                    l1444 0187                                      l1436 0178  
                                    l1364 0260                                      l1460 015E  
                                    l1700 0065                                      l1622 0280  
                                    l1374 01F4                                      l1366 01EA  
                                    l1382 00CD                                      l1550 009F  
                                    l1454 0252                                      l1446 018A  
                                    l1438 017B                                      l1470 0169  
                                    l1462 0160                                      l1534 020C  
                                    l1710 0082                                      l1702 0066  
                                    l1624 0259                                      l1632 01BC  
                                    l1368 01EF                                      l1376 01F6  
                                    l1392 00D4                                      l1384 00CF  
                                    l1560 00A7                                      l1552 00A2  
                                    l1448 0241                                      l1456 0255  
                                    l1472 016B                                      l1464 0162  
                                    l1536 0218                                      l1712 008D  
                                    l1704 0069                                      l1618 021D  
                                    l1634 01C0                                      l1642 01A5  
                                    l1378 01F8                                      l1394 00E6  
                                    l1386 00D3                                      l1570 00B7  
                                    l1562 00A9                                      l1554 00A4  
                                    l1474 0172                                      l1466 0164  
                                    l1458 0271                                      l1706 0075  
                                    l1628 0266                                      l1636 01C3  
                                    l1644 01A9                                      l1660 011C  
                                    l1652 00F9                                      l1396 00EA  
                                    l1580 00C2                                      l1572 00BC  
                                    l1564 00AB                                      l1556 00A5  
                                    l1548 009C                                      l1468 0165  
                                    l1708 0078                                      l1494 01D3  
                                    l1638 01CB                                      l1646 01AC  
                                    l1662 011E                                      l1654 0109  
                                    l1398 00F4                                      l1670 0032  
                                    l1582 00C4                                      l1574 00BE  
                                    l1566 00B2                                      l1558 00A6  
                                    l1496 01D9                                      l1648 01B4  
                                    l1656 010A                                      l1680 0047  
                                    l1672 003A                                      l1584 0236  
                                    l1576 00BF                                      l1568 00B4  
                                    l1498 01DB                                      l1658 0113  
                                    l1690 005A                                      l1682 004A  
                                    l1674 003D                                      l1666 0025  
                                    l1586 0239                                      l1578 00C0  
                                    l1692 005D                                      l1684 004B  
                                    l1676 003F                                      l1668 002D  
                                    l1588 023C                                      l1694 005E  
                                    l1686 004D                                      l1678 0044  
                                    l1688 0057                                      l1696 0061  
                                    l1698 0064                                      STR_1 0120  
                      Flash_Write@address 0072                                      _LATA 010C  
                                    _WPUA 020C                 ADC1_SelectChannel@channel 0073  
                                    _main 0061                                      fsr0h 0005  
                                    indf0 0000                                      fsr0l 0004  
                                    btemp 007E                                      start 0019  
                     __end_of_Flash_Write 00CC                ??_TMR1_SetInterruptHandler 0074  
                         __end_of_ReadPIR 027D                          __end_of_APP_Init 01EA  
                        __end_of_APP_Task 0061                         UART_SendChar@data 0074  
           __end_of_OSCILLATOR_Initialize 0259                                     ?_main 0070  
                         _TMR1_StartTimer 027D                                _Flash_Read 0236  
                                   _T1CON 0018                                     i1l206 020B  
                                   i1l231 0287                                     i1l225 015D  
                                   i1l219 0235                                     i1l248 0017  
                                   _TMR1H 0017                                     _TMR1L 0016  
                                   u42_20 0157                                     u42_21 0156  
                                   u35_20 0230                                     u35_21 022F  
                                   u36_20 0200                                     u36_21 01FF  
                                   u45_20 000A                                     u45_21 0009  
                                   u46_20 000F                                     u46_21 000E  
                                   u47_20 0014                                     u47_21 0013  
                                   _TRISA 008C                   ??_ADC1_IsConversionDone 0072  
                        __end_of_TMR1_ISR 015E                            _WDT_Initialize 0271  
                        ?_UART_SendString 0076                   __end_of_TMR1_Initialize 0176  
                                   pclath 000A                                     status 0003  
                                   wtemp0 007E                           _TMR1_WriteTimer 01EA  
                         __initialization 001A                              __end_of_main 009C  
                        __end_of_ReadLDR1 01D3                          __end_of_ReadLDR2 01BC  
             ?_INTERRUPT_InterruptManager 0070                                    ??_main 0025  
                  __end_of_WDT_Initialize 0275                                    _ADCON0 009D  
                                  _ADCON1 009E                                    _ADCON2 009F  
                                  _ADRESH 009C                                    _ADRESL 009B  
                                  _APFCON 011D                                    _ANSELA 018C  
                                  _BORCON 0116                                    _T1GCON 0019  
                 TMR1_WriteTimer@timerVal 0072                                    _ODCONA 028C  
                                  i1l1380 0286                                    i1l1540 0142  
                                  i1l1542 0149                                    i1l1480 01FB  
                                  i1l1544 0157                                    i1l1482 0200  
                                  i1l1490 0207                                    i1l1546 015A  
                                  i1l1538 0140                                    i1l1476 0229  
                                  i1l1492 0209                                    i1l1484 0201  
                                  i1l1478 0230                                    i1l1486 0203  
                                  i1l1488 0205                                    i1l1592 0006  
                                  i1l1594 000A                                    i1l1596 000F  
                                  i1l1598 0014                                    _INLVLA 038C  
                      _ADC1_SelectChannel 021C                ??_ADC1_GetConversionResult 0074  
                             _Flash_Write 009C                                    _PMADRH 0192  
                                  _PMADRL 0191                                    _PMDATH 0194  
                                  _PMDATL 0193                                    _PMCON1 0195  
                                  _PMCON2 0196                                    _OSCCON 0099  
                                  _WDTCON 0097                                 ??_ReadPIR 0072  
                     ?_ADC1_SelectChannel 0070      __end_of_TMR1_DefaultInterruptHandler 0288  
            _TMR1_DefaultInterruptHandler 0286                         __end_of_UART_Init 0271  
               i1TMR1_WriteTimer@timerVal 0070                   __end_of_TMR1_StartTimer 0280  
                            ?_TMR1_Reload 0070                               ?_Flash_Read 0072  
                    ??_ADC1_SelectChannel 0072                           ?_WDT_Initialize 0070  
TMR1_SetInterruptHandler@InterruptHandler 0072                     __end_of_UART_SendChar 00F9  
                 __end_of_TMR1_WriteTimer 01FB                     __end_of_TMR1_CallBack 0236  
                        ?_TMR1_Initialize 0070                         _SYSTEM_Initialize 020C  
                               ?_APP_Init 0070                                 ?_APP_Task 0070  
                 __end_of__initialization 0022                        ?_SYSTEM_Initialize 0070  
                __end_of_IsMotionDetected 0279                            __pcstackCOMMON 0070  
                             _Light_State 0027                       ??_SYSTEM_Initialize 0074  
                         _IsDarkCondition 00F9                                 ?_TMR1_ISR 0070  
           ?_TMR1_DefaultInterruptHandler 0070                            _OPTION_REGbits 0095  
               __end_of_SYSTEM_Initialize 021C                                __pbssBANK0 002B  
                               ?_ReadLDR1 0074                                 ?_ReadLDR2 0074  
                              ??_APP_Init 0072                                ??_APP_Task 0079  
                              __pmaintext 0061                          ?_TMR1_StartTimer 0070  
                              ??_TMR1_ISR 0072                                __pintentry 0004  
                     _IsDarkCondition$695 0024                                   _OSCTUNE 0098  
                                 _SLRCONA 030C                         ??_ADC1_Initialize 0072  
            __end_of_ADC1_StartConversion 0283             __end_of_ADC1_IsConversionDone 0260  
                        ?_TMR1_WriteTimer 0072                                ??_ReadLDR1 0076  
                              ??_ReadLDR2 0076                            UART_SendChar@i 0075  
                 __end_of_IsDarkCondition 0120                                   _ReadPIR 0279  
                      UART_SendString@str 0076                                   __ptext1 020C  
                                 __ptext2 0271                                   __ptext3 015E  
                                 __ptext4 0260                                   __ptext5 0176  
                                 __ptext6 0252                                   __ptext7 0241  
                                 __ptext8 009C                                   __ptext9 0236  
          ??_TMR1_DefaultInterruptHandler 0070                                 _T1CONbits 0018  
                   _OSCILLATOR_Initialize 0252                  ??_PIN_MANAGER_Initialize 0072  
               ?_TMR1_SetInterruptHandler 0072                      end_of_initialization 0022  
                            ?_Flash_Write 0072                     _ADC1_InterruptHandler 002D  
                               _UART_Init 026C                          ??_WDT_Initialize 0072  
                               _PORTAbits 000C                              ??_Flash_Read 0074  
                               _TRISAbits 008C                          ?_IsDarkCondition 0070  
                      __end_of_Flash_Read 0241                         ?_IsMotionDetected 0070  
                      ??_IsMotionDetected 0072                      _ADC1_StartConversion 0280  
               ?_ADC1_GetConversionResult 0072                                ?_UART_Init 0070  
                          _TMR1_StopTimer 0283                    ?_OSCILLATOR_Initialize 0070  
                     start_initialization 001A                             _MotionPresent 007B  
                   ?_ADC1_StartConversion 0070                    __end_of_TMR1_StopTimer 0286  
                         _ADC1_Initialize 0241                         ??_UART_SendString 0078  
                   TMR1_ISR@CountCallBack 002B                               __pbssCOMMON 0079  
                               ___latbits 0000                             __pcstackBANK0 0020  
                                ?_ReadPIR 0070                                 __pnvBANK0 0027  
                  _PIN_MANAGER_Initialize 0176          __end_of_TMR1_SetInterruptHandler 0266  
                         ?_TMR1_StopTimer 0070                               ??_UART_Init 0072  
            ??_INTERRUPT_InterruptManager 0072                             _UART_SendChar 00CC  
                   _ADC1_IsConversionDone 0259                                  _APP_Init 01D3  
                       i1_TMR1_WriteTimer 01FB                             _TMR1_CallBack 0229  
                                _APP_Task 0025                                  _LATAbits 010C  
                      ?i1_TMR1_WriteTimer 0070                                  _PIE1bits 0091  
                 __end_of_ADC1_Initialize 024A                                  _PIR1bits 0011  
                  ??_ADC1_StartConversion 0072                             ??_TMR1_Reload 0074  
                     ??i1_TMR1_WriteTimer 0072                                  _TMR1_ISR 0140  
                       ??_TMR1_Initialize 0074                                _ADCON0bits 009D  
               __end_ofi1_TMR1_WriteTimer 020C                            ?_UART_SendChar 0070  
                          ?_TMR1_CallBack 0070                                  _ReadLDR1 01BC  
                                _ReadLDR2 01A5          __end_of_ADC1_GetConversionResult 026C  
                 ??_OSCILLATOR_Initialize 0072                  _TMR1_SetInterruptHandler 0260  
                     __end_of_TMR1_Reload 0252                     _TMR1_InterruptHandler 0029  
                                __ptext10 0025                                  __ptext11 018E  
                                __ptext20 01BC                                  __ptext12 00CC  
                                __ptext21 0280                                  __ptext13 027D  
                              _T1GCONbits 0019                                  __ptext30 01FB  
                                __ptext22 021C                                  __ptext14 024A  
                                __ptext31 0229                                  __ptext23 0259  
                                __ptext15 01EA                                  __ptext32 0286  
                                __ptext24 0266                                  __ptext16 0275  
                                __ptext25 01D3                                  __ptext17 0279  
                                __ptext26 026C                                  __ptext18 00F9  
                                __ptext27 0283                                  __ptext19 01A5  
                                __ptext29 0140                    ?_ADC1_IsConversionDone 0070  
                       ??_TMR1_StartTimer 0072                           _UART_SendString 018E  
                        ?_ADC1_Initialize 0070                                  int$flags 007E  
                              _ODCONAbits 028C        __end_of_INTERRUPT_InterruptManager 0019  
              _INTERRUPT_InterruptManager 0004                         ??_TMR1_WriteTimer 0074  
                         Flash_Write@data 0074                __end_of_ADC1_SelectChannel 0229  
                              _INTCONbits 000B                           ??_UART_SendChar 0072  
                         ??_TMR1_CallBack 0070                                  intlevel1 0000  
                              _PMCON1bits 0195                   ?_PIN_MANAGER_Initialize 0070  
                        ??_TMR1_StopTimer 0072                  _ADC1_GetConversionResult 0266  
                             _TMR1_Reload 024A                             __pstringtext1 0120  
                           __pstringtext2 0000                         Flash_Read@address 0072  
                 __end_of_UART_SendString 01A5                             ??_Flash_Write 0076  
          __end_of_PIN_MANAGER_Initialize 018E                           _TMR1_Initialize 015E  
