

Microchip MPLAB XC8 Assembler V3.00 build 20241204225717 
                                                                                               Mon Jul 07 19:54:44 2025

Microchip MPLAB XC8 C Compiler v3.00 (Free license) build 20241204225717 Og1 
     1                           	processor	12F1572
     2                           	pagewidth 120
     3                           	opt	flic
     4                           	psect	nvCOMMON,global,class=COMMON,space=1,delta=1,noexec
     5                           	psect	stringtext1,global,class=STRCODE,space=0,delta=2,noexec
     6                           	psect	stringtext2,global,class=STRCODE,space=0,delta=2,noexec
     7                           	psect	stringtext3,global,class=STRCODE,space=0,delta=2,noexec
     8                           	psect	cinit,global,class=CODE,space=0,merge=1,delta=2
     9                           	psect	bssCOMMON,global,class=COMMON,space=1,delta=1,noexec
    10                           	psect	cstackCOMMON,global,class=COMMON,space=1,delta=1,noexec
    11                           	psect	maintext,global,class=CODE,space=0,merge=1,split=1,delta=2
    12                           	psect	text1,local,class=CODE,space=0,merge=1,delta=2
    13                           	psect	text2,local,class=CODE,space=0,merge=1,delta=2
    14                           	psect	text3,local,class=CODE,space=0,merge=1,delta=2
    15                           	psect	text4,local,class=CODE,space=0,merge=1,delta=2
    16                           	psect	text5,local,class=CODE,space=0,merge=1,delta=2
    17                           	psect	text6,local,class=CODE,space=0,merge=1,delta=2
    18                           	psect	text7,local,class=CODE,space=0,merge=1,delta=2
    19                           	psect	text8,local,class=CODE,space=0,merge=1,delta=2
    20                           	psect	text9,local,class=CODE,space=0,merge=1,delta=2
    21                           	psect	text10,local,class=CODE,space=0,merge=1,delta=2
    22                           	psect	text11,local,class=CODE,space=0,merge=1,delta=2
    23                           	psect	text12,local,class=CODE,space=0,merge=1,delta=2
    24                           	psect	idloc,global,abs,ovrld,class=IDLOC,space=5,delta=2,noexec
    25                           	psect	config,global,abs,ovrld,class=CONFIG,space=4,delta=2,noexec
    26                           	dabs	1,0x7E,2
    27     0000                     
    28                           ; Version 2.40
    29                           ; Generated 17/11/2021 GMT
    30                           ; 
    31                           ; Copyright © 2021, Microchip Technology Inc. and its subsidiaries ("Microchip")
    32                           ; All rights reserved.
    33                           ; 
    34                           ; This software is developed by Microchip Technology Inc. and its subsidiaries ("Microch
      +                          ip").
    35                           ; 
    36                           ; Redistribution and use in source and binary forms, with or without modification, are
    37                           ; permitted provided that the following conditions are met:
    38                           ; 
    39                           ;     1. Redistributions of source code must retain the above copyright notice, this lis
      +                          t of
    40                           ;        conditions and the following disclaimer.
    41                           ; 
    42                           ;     2. Redistributions in binary form must reproduce the above copyright notice, this 
      +                          list
    43                           ;        of conditions and the following disclaimer in the documentation and/or other
    44                           ;        materials provided with the distribution. Publication is not required when
    45                           ;        this file is used in an embedded application.
    46                           ; 
    47                           ;     3. Microchip's name may not be used to endorse or promote products derived from th
      +                          is
    48                           ;        software without specific prior written permission.
    49                           ; 
    50                           ; THIS SOFTWARE IS PROVIDED BY MICROCHIP "AS IS" AND ANY EXPRESS OR IMPLIED WARRANTIES,
    51                           ; INCLUDING, BUT NOT LIMITED TO, THE IMPLIED WARRANTIES OF MERCHANTABILITY AND FITNESS F
      +                          OR
    52                           ; PURPOSE ARE DISCLAIMED.  IN NO EVENT SHALL MICROCHIP BE LIABLE FOR ANY DIRECT, INDIREC
      +                          T,
    53                           ; INCIDENTAL, SPECIAL, EXEMPLARY, OR CONSEQUENTIAL DAMAGES (INCLUDING BUT NOT LIMITED TO
    54                           ; PROCUREMENT OF SUBSTITUTE GOODS OR SERVICES; LOSS OF USE, DATA OR PROFITS; OR BUSINESS
    55                           ; INTERRUPTION) HOWSOEVER CAUSED AND ON ANY THEORY OF LIABILITY, WHETHER IN CONTRACT, ST
      +                          RICT
    56                           ; LIABILITY, OR TORT (INCLUDING NEGLIGENCE OR OTHERWISE) ARISING IN ANY WAY OUT OF THE U
      +                          SE OF
    57                           ; THIS SOFTWARE, EVEN IF ADVISED OF THE POSSIBILITY OF SUCH DAMAGE.
    58                           ; 
    59                           ; 
    60                           ; Code-generator required, PIC12F1572 Definitions
    61                           ; 
    62                           ; SFR Addresses
    63     0008                     bsr             equ	8
    64     0005                     fsr0h           equ	5
    65     0004                     fsr0l           equ	4
    66     0007                     fsr1h           equ	7
    67     0006                     fsr1l           equ	6
    68     0000                     indf            equ	0
    69     0000                     indf0           equ	0
    70     0001                     indf1           equ	1
    71     000B                     intcon          equ	11
    72     0002                     pc              equ	2
    73     0002                     pcl             equ	2
    74     000A                     pclath          equ	10
    75     0003                     status          equ	3
    76     0009                     wreg            equ	9
    77     0000                     INDF0           equ	0	;# 
    78     0001                     INDF1           equ	1	;# 
    79     0002                     PCL             equ	2	;# 
    80     0003                     STATUS          equ	3	;# 
    81     0004                     FSR0L           equ	4	;# 
    82     0005                     FSR0H           equ	5	;# 
    83     0006                     FSR1L           equ	6	;# 
    84     0007                     FSR1H           equ	7	;# 
    85     0008                     BSR             equ	8	;# 
    86     0009                     WREG            equ	9	;# 
    87     000A                     PCLATH          equ	10	;# 
    88     000B                     INTCON          equ	11	;# 
    89     000C                     PORTA           equ	12	;# 
    90     0011                     PIR1            equ	17	;# 
    91     0012                     PIR2            equ	18	;# 
    92     0013                     PIR3            equ	19	;# 
    93     0015                     TMR0            equ	21	;# 
    94     0016                     TMR1            equ	22	;# 
    95     0016                     TMR1L           equ	22	;# 
    96     0017                     TMR1H           equ	23	;# 
    97     0018                     T1CON           equ	24	;# 
    98     0019                     T1GCON          equ	25	;# 
    99     001A                     TMR2            equ	26	;# 
   100     001B                     PR2             equ	27	;# 
   101     001C                     T2CON           equ	28	;# 
   102     008C                     TRISA           equ	140	;# 
   103     0091                     PIE1            equ	145	;# 
   104     0092                     PIE2            equ	146	;# 
   105     0093                     PIE3            equ	147	;# 
   106     0095                     OPTION_REG      equ	149	;# 
   107     0096                     PCON            equ	150	;# 
   108     0097                     WDTCON          equ	151	;# 
   109     0098                     OSCTUNE         equ	152	;# 
   110     0099                     OSCCON          equ	153	;# 
   111     009A                     OSCSTAT         equ	154	;# 
   112     009B                     ADRES           equ	155	;# 
   113     009B                     ADRESL          equ	155	;# 
   114     009C                     ADRESH          equ	156	;# 
   115     009D                     ADCON0          equ	157	;# 
   116     009E                     ADCON1          equ	158	;# 
   117     009F                     ADCON2          equ	159	;# 
   118     010C                     LATA            equ	268	;# 
   119     0111                     CM1CON0         equ	273	;# 
   120     0112                     CM1CON1         equ	274	;# 
   121     0115                     CMOUT           equ	277	;# 
   122     0116                     BORCON          equ	278	;# 
   123     0117                     FVRCON          equ	279	;# 
   124     0118                     DACCON0         equ	280	;# 
   125     0119                     DACCON1         equ	281	;# 
   126     011D                     APFCON          equ	285	;# 
   127     011D                     APFCON0         equ	285	;# 
   128     018C                     ANSELA          equ	396	;# 
   129     0191                     PMADR           equ	401	;# 
   130     0191                     PMADRL          equ	401	;# 
   131     0192                     PMADRH          equ	402	;# 
   132     0193                     PMDAT           equ	403	;# 
   133     0193                     PMDATL          equ	403	;# 
   134     0194                     PMDATH          equ	404	;# 
   135     0195                     PMCON1          equ	405	;# 
   136     0196                     PMCON2          equ	406	;# 
   137     0197                     VREGCON         equ	407	;# 
   138     0199                     RCREG           equ	409	;# 
   139     019A                     TXREG           equ	410	;# 
   140     019B                     SPBRG           equ	411	;# 
   141     019B                     SPBRGL          equ	411	;# 
   142     019C                     SPBRGH          equ	412	;# 
   143     019D                     RCSTA           equ	413	;# 
   144     019E                     TXSTA           equ	414	;# 
   145     019F                     BAUDCON         equ	415	;# 
   146     020C                     WPUA            equ	524	;# 
   147     028C                     ODCONA          equ	652	;# 
   148     030C                     SLRCONA         equ	780	;# 
   149     038C                     INLVLA          equ	908	;# 
   150     0391                     IOCAP           equ	913	;# 
   151     0392                     IOCAN           equ	914	;# 
   152     0393                     IOCAF           equ	915	;# 
   153     0691                     CWG1DBR         equ	1681	;# 
   154     0692                     CWG1DBF         equ	1682	;# 
   155     0693                     CWG1CON0        equ	1683	;# 
   156     0694                     CWG1CON1        equ	1684	;# 
   157     0695                     CWG1CON2        equ	1685	;# 
   158     0D8E                     PWMEN           equ	3470	;# 
   159     0D8F                     PWMLD           equ	3471	;# 
   160     0D90                     PWMOUT          equ	3472	;# 
   161     0D91                     PWM1PH          equ	3473	;# 
   162     0D91                     PWM1PHL         equ	3473	;# 
   163     0D92                     PWM1PHH         equ	3474	;# 
   164     0D93                     PWM1DC          equ	3475	;# 
   165     0D93                     PWM1DCL         equ	3475	;# 
   166     0D94                     PWM1DCH         equ	3476	;# 
   167     0D95                     PWM1PR          equ	3477	;# 
   168     0D95                     PWM1PRL         equ	3477	;# 
   169     0D96                     PWM1PRH         equ	3478	;# 
   170     0D97                     PWM1OF          equ	3479	;# 
   171     0D97                     PWM1OFL         equ	3479	;# 
   172     0D98                     PWM1OFH         equ	3480	;# 
   173     0D99                     PWM1TMR         equ	3481	;# 
   174     0D99                     PWM1TMRL        equ	3481	;# 
   175     0D9A                     PWM1TMRH        equ	3482	;# 
   176     0D9B                     PWM1CON         equ	3483	;# 
   177     0D9C                     PWM1INTE        equ	3484	;# 
   178     0D9C                     PWM1INTCON      equ	3484	;# 
   179     0D9D                     PWM1INTF        equ	3485	;# 
   180     0D9D                     PWM1INTFLG      equ	3485	;# 
   181     0D9E                     PWM1CLKCON      equ	3486	;# 
   182     0D9F                     PWM1LDCON       equ	3487	;# 
   183     0DA0                     PWM1OFCON       equ	3488	;# 
   184     0DA1                     PWM2PH          equ	3489	;# 
   185     0DA1                     PWM2PHL         equ	3489	;# 
   186     0DA2                     PWM2PHH         equ	3490	;# 
   187     0DA3                     PWM2DC          equ	3491	;# 
   188     0DA3                     PWM2DCL         equ	3491	;# 
   189     0DA4                     PWM2DCH         equ	3492	;# 
   190     0DA5                     PWM2PR          equ	3493	;# 
   191     0DA5                     PWM2PRL         equ	3493	;# 
   192     0DA6                     PWM2PRH         equ	3494	;# 
   193     0DA7                     PWM2OF          equ	3495	;# 
   194     0DA7                     PWM2OFL         equ	3495	;# 
   195     0DA8                     PWM2OFH         equ	3496	;# 
   196     0DA9                     PWM2TMR         equ	3497	;# 
   197     0DA9                     PWM2TMRL        equ	3497	;# 
   198     0DAA                     PWM2TMRH        equ	3498	;# 
   199     0DAB                     PWM2CON         equ	3499	;# 
   200     0DAC                     PWM2INTE        equ	3500	;# 
   201     0DAC                     PWM2INTCON      equ	3500	;# 
   202     0DAD                     PWM2INTF        equ	3501	;# 
   203     0DAD                     PWM2INTFLG      equ	3501	;# 
   204     0DAE                     PWM2CLKCON      equ	3502	;# 
   205     0DAF                     PWM2LDCON       equ	3503	;# 
   206     0DB0                     PWM2OFCON       equ	3504	;# 
   207     0DB1                     PWM3PH          equ	3505	;# 
   208     0DB1                     PWM3PHL         equ	3505	;# 
   209     0DB2                     PWM3PHH         equ	3506	;# 
   210     0DB3                     PWM3DC          equ	3507	;# 
   211     0DB3                     PWM3DCL         equ	3507	;# 
   212     0DB4                     PWM3DCH         equ	3508	;# 
   213     0DB5                     PWM3PR          equ	3509	;# 
   214     0DB5                     PWM3PRL         equ	3509	;# 
   215     0DB6                     PWM3PRH         equ	3510	;# 
   216     0DB7                     PWM3OF          equ	3511	;# 
   217     0DB7                     PWM3OFL         equ	3511	;# 
   218     0DB8                     PWM3OFH         equ	3512	;# 
   219     0DB9                     PWM3TMR         equ	3513	;# 
   220     0DB9                     PWM3TMRL        equ	3513	;# 
   221     0DBA                     PWM3TMRH        equ	3514	;# 
   222     0DBB                     PWM3CON         equ	3515	;# 
   223     0DBC                     PWM3INTE        equ	3516	;# 
   224     0DBC                     PWM3INTCON      equ	3516	;# 
   225     0DBD                     PWM3INTF        equ	3517	;# 
   226     0DBD                     PWM3INTFLG      equ	3517	;# 
   227     0DBE                     PWM3CLKCON      equ	3518	;# 
   228     0DBF                     PWM3LDCON       equ	3519	;# 
   229     0DC0                     PWM3OFCON       equ	3520	;# 
   230     0FE4                     STATUS_SHAD     equ	4068	;# 
   231     0FE5                     WREG_SHAD       equ	4069	;# 
   232     0FE6                     BSR_SHAD        equ	4070	;# 
   233     0FE7                     PCLATH_SHAD     equ	4071	;# 
   234     0FE8                     FSR0_SHAD       equ	4072	;# 
   235     0FE8                     FSR0L_SHAD      equ	4072	;# 
   236     0FE9                     FSR0H_SHAD      equ	4073	;# 
   237     0FEA                     FSR1_SHAD       equ	4074	;# 
   238     0FEA                     FSR1L_SHAD      equ	4074	;# 
   239     0FEB                     FSR1H_SHAD      equ	4075	;# 
   240     0FED                     STKPTR          equ	4077	;# 
   241     0FEE                     TOS             equ	4078	;# 
   242     0FEE                     TOSL            equ	4078	;# 
   243     0FEF                     TOSH            equ	4079	;# 
   244     0000                     INDF0           equ	0	;# 
   245     0001                     INDF1           equ	1	;# 
   246     0002                     PCL             equ	2	;# 
   247     0003                     STATUS          equ	3	;# 
   248     0004                     FSR0L           equ	4	;# 
   249     0005                     FSR0H           equ	5	;# 
   250     0006                     FSR1L           equ	6	;# 
   251     0007                     FSR1H           equ	7	;# 
   252     0008                     BSR             equ	8	;# 
   253     0009                     WREG            equ	9	;# 
   254     000A                     PCLATH          equ	10	;# 
   255     000B                     INTCON          equ	11	;# 
   256     000C                     PORTA           equ	12	;# 
   257     0011                     PIR1            equ	17	;# 
   258     0012                     PIR2            equ	18	;# 
   259     0013                     PIR3            equ	19	;# 
   260     0015                     TMR0            equ	21	;# 
   261     0016                     TMR1            equ	22	;# 
   262     0016                     TMR1L           equ	22	;# 
   263     0017                     TMR1H           equ	23	;# 
   264     0018                     T1CON           equ	24	;# 
   265     0019                     T1GCON          equ	25	;# 
   266     001A                     TMR2            equ	26	;# 
   267     001B                     PR2             equ	27	;# 
   268     001C                     T2CON           equ	28	;# 
   269     008C                     TRISA           equ	140	;# 
   270     0091                     PIE1            equ	145	;# 
   271     0092                     PIE2            equ	146	;# 
   272     0093                     PIE3            equ	147	;# 
   273     0095                     OPTION_REG      equ	149	;# 
   274     0096                     PCON            equ	150	;# 
   275     0097                     WDTCON          equ	151	;# 
   276     0098                     OSCTUNE         equ	152	;# 
   277     0099                     OSCCON          equ	153	;# 
   278     009A                     OSCSTAT         equ	154	;# 
   279     009B                     ADRES           equ	155	;# 
   280     009B                     ADRESL          equ	155	;# 
   281     009C                     ADRESH          equ	156	;# 
   282     009D                     ADCON0          equ	157	;# 
   283     009E                     ADCON1          equ	158	;# 
   284     009F                     ADCON2          equ	159	;# 
   285     010C                     LATA            equ	268	;# 
   286     0111                     CM1CON0         equ	273	;# 
   287     0112                     CM1CON1         equ	274	;# 
   288     0115                     CMOUT           equ	277	;# 
   289     0116                     BORCON          equ	278	;# 
   290     0117                     FVRCON          equ	279	;# 
   291     0118                     DACCON0         equ	280	;# 
   292     0119                     DACCON1         equ	281	;# 
   293     011D                     APFCON          equ	285	;# 
   294     011D                     APFCON0         equ	285	;# 
   295     018C                     ANSELA          equ	396	;# 
   296     0191                     PMADR           equ	401	;# 
   297     0191                     PMADRL          equ	401	;# 
   298     0192                     PMADRH          equ	402	;# 
   299     0193                     PMDAT           equ	403	;# 
   300     0193                     PMDATL          equ	403	;# 
   301     0194                     PMDATH          equ	404	;# 
   302     0195                     PMCON1          equ	405	;# 
   303     0196                     PMCON2          equ	406	;# 
   304     0197                     VREGCON         equ	407	;# 
   305     0199                     RCREG           equ	409	;# 
   306     019A                     TXREG           equ	410	;# 
   307     019B                     SPBRG           equ	411	;# 
   308     019B                     SPBRGL          equ	411	;# 
   309     019C                     SPBRGH          equ	412	;# 
   310     019D                     RCSTA           equ	413	;# 
   311     019E                     TXSTA           equ	414	;# 
   312     019F                     BAUDCON         equ	415	;# 
   313     020C                     WPUA            equ	524	;# 
   314     028C                     ODCONA          equ	652	;# 
   315     030C                     SLRCONA         equ	780	;# 
   316     038C                     INLVLA          equ	908	;# 
   317     0391                     IOCAP           equ	913	;# 
   318     0392                     IOCAN           equ	914	;# 
   319     0393                     IOCAF           equ	915	;# 
   320     0691                     CWG1DBR         equ	1681	;# 
   321     0692                     CWG1DBF         equ	1682	;# 
   322     0693                     CWG1CON0        equ	1683	;# 
   323     0694                     CWG1CON1        equ	1684	;# 
   324     0695                     CWG1CON2        equ	1685	;# 
   325     0D8E                     PWMEN           equ	3470	;# 
   326     0D8F                     PWMLD           equ	3471	;# 
   327     0D90                     PWMOUT          equ	3472	;# 
   328     0D91                     PWM1PH          equ	3473	;# 
   329     0D91                     PWM1PHL         equ	3473	;# 
   330     0D92                     PWM1PHH         equ	3474	;# 
   331     0D93                     PWM1DC          equ	3475	;# 
   332     0D93                     PWM1DCL         equ	3475	;# 
   333     0D94                     PWM1DCH         equ	3476	;# 
   334     0D95                     PWM1PR          equ	3477	;# 
   335     0D95                     PWM1PRL         equ	3477	;# 
   336     0D96                     PWM1PRH         equ	3478	;# 
   337     0D97                     PWM1OF          equ	3479	;# 
   338     0D97                     PWM1OFL         equ	3479	;# 
   339     0D98                     PWM1OFH         equ	3480	;# 
   340     0D99                     PWM1TMR         equ	3481	;# 
   341     0D99                     PWM1TMRL        equ	3481	;# 
   342     0D9A                     PWM1TMRH        equ	3482	;# 
   343     0D9B                     PWM1CON         equ	3483	;# 
   344     0D9C                     PWM1INTE        equ	3484	;# 
   345     0D9C                     PWM1INTCON      equ	3484	;# 
   346     0D9D                     PWM1INTF        equ	3485	;# 
   347     0D9D                     PWM1INTFLG      equ	3485	;# 
   348     0D9E                     PWM1CLKCON      equ	3486	;# 
   349     0D9F                     PWM1LDCON       equ	3487	;# 
   350     0DA0                     PWM1OFCON       equ	3488	;# 
   351     0DA1                     PWM2PH          equ	3489	;# 
   352     0DA1                     PWM2PHL         equ	3489	;# 
   353     0DA2                     PWM2PHH         equ	3490	;# 
   354     0DA3                     PWM2DC          equ	3491	;# 
   355     0DA3                     PWM2DCL         equ	3491	;# 
   356     0DA4                     PWM2DCH         equ	3492	;# 
   357     0DA5                     PWM2PR          equ	3493	;# 
   358     0DA5                     PWM2PRL         equ	3493	;# 
   359     0DA6                     PWM2PRH         equ	3494	;# 
   360     0DA7                     PWM2OF          equ	3495	;# 
   361     0DA7                     PWM2OFL         equ	3495	;# 
   362     0DA8                     PWM2OFH         equ	3496	;# 
   363     0DA9                     PWM2TMR         equ	3497	;# 
   364     0DA9                     PWM2TMRL        equ	3497	;# 
   365     0DAA                     PWM2TMRH        equ	3498	;# 
   366     0DAB                     PWM2CON         equ	3499	;# 
   367     0DAC                     PWM2INTE        equ	3500	;# 
   368     0DAC                     PWM2INTCON      equ	3500	;# 
   369     0DAD                     PWM2INTF        equ	3501	;# 
   370     0DAD                     PWM2INTFLG      equ	3501	;# 
   371     0DAE                     PWM2CLKCON      equ	3502	;# 
   372     0DAF                     PWM2LDCON       equ	3503	;# 
   373     0DB0                     PWM2OFCON       equ	3504	;# 
   374     0DB1                     PWM3PH          equ	3505	;# 
   375     0DB1                     PWM3PHL         equ	3505	;# 
   376     0DB2                     PWM3PHH         equ	3506	;# 
   377     0DB3                     PWM3DC          equ	3507	;# 
   378     0DB3                     PWM3DCL         equ	3507	;# 
   379     0DB4                     PWM3DCH         equ	3508	;# 
   380     0DB5                     PWM3PR          equ	3509	;# 
   381     0DB5                     PWM3PRL         equ	3509	;# 
   382     0DB6                     PWM3PRH         equ	3510	;# 
   383     0DB7                     PWM3OF          equ	3511	;# 
   384     0DB7                     PWM3OFL         equ	3511	;# 
   385     0DB8                     PWM3OFH         equ	3512	;# 
   386     0DB9                     PWM3TMR         equ	3513	;# 
   387     0DB9                     PWM3TMRL        equ	3513	;# 
   388     0DBA                     PWM3TMRH        equ	3514	;# 
   389     0DBB                     PWM3CON         equ	3515	;# 
   390     0DBC                     PWM3INTE        equ	3516	;# 
   391     0DBC                     PWM3INTCON      equ	3516	;# 
   392     0DBD                     PWM3INTF        equ	3517	;# 
   393     0DBD                     PWM3INTFLG      equ	3517	;# 
   394     0DBE                     PWM3CLKCON      equ	3518	;# 
   395     0DBF                     PWM3LDCON       equ	3519	;# 
   396     0DC0                     PWM3OFCON       equ	3520	;# 
   397     0FE4                     STATUS_SHAD     equ	4068	;# 
   398     0FE5                     WREG_SHAD       equ	4069	;# 
   399     0FE6                     BSR_SHAD        equ	4070	;# 
   400     0FE7                     PCLATH_SHAD     equ	4071	;# 
   401     0FE8                     FSR0_SHAD       equ	4072	;# 
   402     0FE8                     FSR0L_SHAD      equ	4072	;# 
   403     0FE9                     FSR0H_SHAD      equ	4073	;# 
   404     0FEA                     FSR1_SHAD       equ	4074	;# 
   405     0FEA                     FSR1L_SHAD      equ	4074	;# 
   406     0FEB                     FSR1H_SHAD      equ	4075	;# 
   407     0FED                     STKPTR          equ	4077	;# 
   408     0FEE                     TOS             equ	4078	;# 
   409     0FEE                     TOSL            equ	4078	;# 
   410     0FEF                     TOSH            equ	4079	;# 
   411     0000                     INDF0           equ	0	;# 
   412     0001                     INDF1           equ	1	;# 
   413     0002                     PCL             equ	2	;# 
   414     0003                     STATUS          equ	3	;# 
   415     0004                     FSR0L           equ	4	;# 
   416     0005                     FSR0H           equ	5	;# 
   417     0006                     FSR1L           equ	6	;# 
   418     0007                     FSR1H           equ	7	;# 
   419     0008                     BSR             equ	8	;# 
   420     0009                     WREG            equ	9	;# 
   421     000A                     PCLATH          equ	10	;# 
   422     000B                     INTCON          equ	11	;# 
   423     000C                     PORTA           equ	12	;# 
   424     0011                     PIR1            equ	17	;# 
   425     0012                     PIR2            equ	18	;# 
   426     0013                     PIR3            equ	19	;# 
   427     0015                     TMR0            equ	21	;# 
   428     0016                     TMR1            equ	22	;# 
   429     0016                     TMR1L           equ	22	;# 
   430     0017                     TMR1H           equ	23	;# 
   431     0018                     T1CON           equ	24	;# 
   432     0019                     T1GCON          equ	25	;# 
   433     001A                     TMR2            equ	26	;# 
   434     001B                     PR2             equ	27	;# 
   435     001C                     T2CON           equ	28	;# 
   436     008C                     TRISA           equ	140	;# 
   437     0091                     PIE1            equ	145	;# 
   438     0092                     PIE2            equ	146	;# 
   439     0093                     PIE3            equ	147	;# 
   440     0095                     OPTION_REG      equ	149	;# 
   441     0096                     PCON            equ	150	;# 
   442     0097                     WDTCON          equ	151	;# 
   443     0098                     OSCTUNE         equ	152	;# 
   444     0099                     OSCCON          equ	153	;# 
   445     009A                     OSCSTAT         equ	154	;# 
   446     009B                     ADRES           equ	155	;# 
   447     009B                     ADRESL          equ	155	;# 
   448     009C                     ADRESH          equ	156	;# 
   449     009D                     ADCON0          equ	157	;# 
   450     009E                     ADCON1          equ	158	;# 
   451     009F                     ADCON2          equ	159	;# 
   452     010C                     LATA            equ	268	;# 
   453     0111                     CM1CON0         equ	273	;# 
   454     0112                     CM1CON1         equ	274	;# 
   455     0115                     CMOUT           equ	277	;# 
   456     0116                     BORCON          equ	278	;# 
   457     0117                     FVRCON          equ	279	;# 
   458     0118                     DACCON0         equ	280	;# 
   459     0119                     DACCON1         equ	281	;# 
   460     011D                     APFCON          equ	285	;# 
   461     011D                     APFCON0         equ	285	;# 
   462     018C                     ANSELA          equ	396	;# 
   463     0191                     PMADR           equ	401	;# 
   464     0191                     PMADRL          equ	401	;# 
   465     0192                     PMADRH          equ	402	;# 
   466     0193                     PMDAT           equ	403	;# 
   467     0193                     PMDATL          equ	403	;# 
   468     0194                     PMDATH          equ	404	;# 
   469     0195                     PMCON1          equ	405	;# 
   470     0196                     PMCON2          equ	406	;# 
   471     0197                     VREGCON         equ	407	;# 
   472     0199                     RCREG           equ	409	;# 
   473     019A                     TXREG           equ	410	;# 
   474     019B                     SPBRG           equ	411	;# 
   475     019B                     SPBRGL          equ	411	;# 
   476     019C                     SPBRGH          equ	412	;# 
   477     019D                     RCSTA           equ	413	;# 
   478     019E                     TXSTA           equ	414	;# 
   479     019F                     BAUDCON         equ	415	;# 
   480     020C                     WPUA            equ	524	;# 
   481     028C                     ODCONA          equ	652	;# 
   482     030C                     SLRCONA         equ	780	;# 
   483     038C                     INLVLA          equ	908	;# 
   484     0391                     IOCAP           equ	913	;# 
   485     0392                     IOCAN           equ	914	;# 
   486     0393                     IOCAF           equ	915	;# 
   487     0691                     CWG1DBR         equ	1681	;# 
   488     0692                     CWG1DBF         equ	1682	;# 
   489     0693                     CWG1CON0        equ	1683	;# 
   490     0694                     CWG1CON1        equ	1684	;# 
   491     0695                     CWG1CON2        equ	1685	;# 
   492     0D8E                     PWMEN           equ	3470	;# 
   493     0D8F                     PWMLD           equ	3471	;# 
   494     0D90                     PWMOUT          equ	3472	;# 
   495     0D91                     PWM1PH          equ	3473	;# 
   496     0D91                     PWM1PHL         equ	3473	;# 
   497     0D92                     PWM1PHH         equ	3474	;# 
   498     0D93                     PWM1DC          equ	3475	;# 
   499     0D93                     PWM1DCL         equ	3475	;# 
   500     0D94                     PWM1DCH         equ	3476	;# 
   501     0D95                     PWM1PR          equ	3477	;# 
   502     0D95                     PWM1PRL         equ	3477	;# 
   503     0D96                     PWM1PRH         equ	3478	;# 
   504     0D97                     PWM1OF          equ	3479	;# 
   505     0D97                     PWM1OFL         equ	3479	;# 
   506     0D98                     PWM1OFH         equ	3480	;# 
   507     0D99                     PWM1TMR         equ	3481	;# 
   508     0D99                     PWM1TMRL        equ	3481	;# 
   509     0D9A                     PWM1TMRH        equ	3482	;# 
   510     0D9B                     PWM1CON         equ	3483	;# 
   511     0D9C                     PWM1INTE        equ	3484	;# 
   512     0D9C                     PWM1INTCON      equ	3484	;# 
   513     0D9D                     PWM1INTF        equ	3485	;# 
   514     0D9D                     PWM1INTFLG      equ	3485	;# 
   515     0D9E                     PWM1CLKCON      equ	3486	;# 
   516     0D9F                     PWM1LDCON       equ	3487	;# 
   517     0DA0                     PWM1OFCON       equ	3488	;# 
   518     0DA1                     PWM2PH          equ	3489	;# 
   519     0DA1                     PWM2PHL         equ	3489	;# 
   520     0DA2                     PWM2PHH         equ	3490	;# 
   521     0DA3                     PWM2DC          equ	3491	;# 
   522     0DA3                     PWM2DCL         equ	3491	;# 
   523     0DA4                     PWM2DCH         equ	3492	;# 
   524     0DA5                     PWM2PR          equ	3493	;# 
   525     0DA5                     PWM2PRL         equ	3493	;# 
   526     0DA6                     PWM2PRH         equ	3494	;# 
   527     0DA7                     PWM2OF          equ	3495	;# 
   528     0DA7                     PWM2OFL         equ	3495	;# 
   529     0DA8                     PWM2OFH         equ	3496	;# 
   530     0DA9                     PWM2TMR         equ	3497	;# 
   531     0DA9                     PWM2TMRL        equ	3497	;# 
   532     0DAA                     PWM2TMRH        equ	3498	;# 
   533     0DAB                     PWM2CON         equ	3499	;# 
   534     0DAC                     PWM2INTE        equ	3500	;# 
   535     0DAC                     PWM2INTCON      equ	3500	;# 
   536     0DAD                     PWM2INTF        equ	3501	;# 
   537     0DAD                     PWM2INTFLG      equ	3501	;# 
   538     0DAE                     PWM2CLKCON      equ	3502	;# 
   539     0DAF                     PWM2LDCON       equ	3503	;# 
   540     0DB0                     PWM2OFCON       equ	3504	;# 
   541     0DB1                     PWM3PH          equ	3505	;# 
   542     0DB1                     PWM3PHL         equ	3505	;# 
   543     0DB2                     PWM3PHH         equ	3506	;# 
   544     0DB3                     PWM3DC          equ	3507	;# 
   545     0DB3                     PWM3DCL         equ	3507	;# 
   546     0DB4                     PWM3DCH         equ	3508	;# 
   547     0DB5                     PWM3PR          equ	3509	;# 
   548     0DB5                     PWM3PRL         equ	3509	;# 
   549     0DB6                     PWM3PRH         equ	3510	;# 
   550     0DB7                     PWM3OF          equ	3511	;# 
   551     0DB7                     PWM3OFL         equ	3511	;# 
   552     0DB8                     PWM3OFH         equ	3512	;# 
   553     0DB9                     PWM3TMR         equ	3513	;# 
   554     0DB9                     PWM3TMRL        equ	3513	;# 
   555     0DBA                     PWM3TMRH        equ	3514	;# 
   556     0DBB                     PWM3CON         equ	3515	;# 
   557     0DBC                     PWM3INTE        equ	3516	;# 
   558     0DBC                     PWM3INTCON      equ	3516	;# 
   559     0DBD                     PWM3INTF        equ	3517	;# 
   560     0DBD                     PWM3INTFLG      equ	3517	;# 
   561     0DBE                     PWM3CLKCON      equ	3518	;# 
   562     0DBF                     PWM3LDCON       equ	3519	;# 
   563     0DC0                     PWM3OFCON       equ	3520	;# 
   564     0FE4                     STATUS_SHAD     equ	4068	;# 
   565     0FE5                     WREG_SHAD       equ	4069	;# 
   566     0FE6                     BSR_SHAD        equ	4070	;# 
   567     0FE7                     PCLATH_SHAD     equ	4071	;# 
   568     0FE8                     FSR0_SHAD       equ	4072	;# 
   569     0FE8                     FSR0L_SHAD      equ	4072	;# 
   570     0FE9                     FSR0H_SHAD      equ	4073	;# 
   571     0FEA                     FSR1_SHAD       equ	4074	;# 
   572     0FEA                     FSR1L_SHAD      equ	4074	;# 
   573     0FEB                     FSR1H_SHAD      equ	4075	;# 
   574     0FED                     STKPTR          equ	4077	;# 
   575     0FEE                     TOS             equ	4078	;# 
   576     0FEE                     TOSL            equ	4078	;# 
   577     0FEF                     TOSH            equ	4079	;# 
   578     0000                     INDF0           equ	0	;# 
   579     0001                     INDF1           equ	1	;# 
   580     0002                     PCL             equ	2	;# 
   581     0003                     STATUS          equ	3	;# 
   582     0004                     FSR0L           equ	4	;# 
   583     0005                     FSR0H           equ	5	;# 
   584     0006                     FSR1L           equ	6	;# 
   585     0007                     FSR1H           equ	7	;# 
   586     0008                     BSR             equ	8	;# 
   587     0009                     WREG            equ	9	;# 
   588     000A                     PCLATH          equ	10	;# 
   589     000B                     INTCON          equ	11	;# 
   590     000C                     PORTA           equ	12	;# 
   591     0011                     PIR1            equ	17	;# 
   592     0012                     PIR2            equ	18	;# 
   593     0013                     PIR3            equ	19	;# 
   594     0015                     TMR0            equ	21	;# 
   595     0016                     TMR1            equ	22	;# 
   596     0016                     TMR1L           equ	22	;# 
   597     0017                     TMR1H           equ	23	;# 
   598     0018                     T1CON           equ	24	;# 
   599     0019                     T1GCON          equ	25	;# 
   600     001A                     TMR2            equ	26	;# 
   601     001B                     PR2             equ	27	;# 
   602     001C                     T2CON           equ	28	;# 
   603     008C                     TRISA           equ	140	;# 
   604     0091                     PIE1            equ	145	;# 
   605     0092                     PIE2            equ	146	;# 
   606     0093                     PIE3            equ	147	;# 
   607     0095                     OPTION_REG      equ	149	;# 
   608     0096                     PCON            equ	150	;# 
   609     0097                     WDTCON          equ	151	;# 
   610     0098                     OSCTUNE         equ	152	;# 
   611     0099                     OSCCON          equ	153	;# 
   612     009A                     OSCSTAT         equ	154	;# 
   613     009B                     ADRES           equ	155	;# 
   614     009B                     ADRESL          equ	155	;# 
   615     009C                     ADRESH          equ	156	;# 
   616     009D                     ADCON0          equ	157	;# 
   617     009E                     ADCON1          equ	158	;# 
   618     009F                     ADCON2          equ	159	;# 
   619     010C                     LATA            equ	268	;# 
   620     0111                     CM1CON0         equ	273	;# 
   621     0112                     CM1CON1         equ	274	;# 
   622     0115                     CMOUT           equ	277	;# 
   623     0116                     BORCON          equ	278	;# 
   624     0117                     FVRCON          equ	279	;# 
   625     0118                     DACCON0         equ	280	;# 
   626     0119                     DACCON1         equ	281	;# 
   627     011D                     APFCON          equ	285	;# 
   628     011D                     APFCON0         equ	285	;# 
   629     018C                     ANSELA          equ	396	;# 
   630     0191                     PMADR           equ	401	;# 
   631     0191                     PMADRL          equ	401	;# 
   632     0192                     PMADRH          equ	402	;# 
   633     0193                     PMDAT           equ	403	;# 
   634     0193                     PMDATL          equ	403	;# 
   635     0194                     PMDATH          equ	404	;# 
   636     0195                     PMCON1          equ	405	;# 
   637     0196                     PMCON2          equ	406	;# 
   638     0197                     VREGCON         equ	407	;# 
   639     0199                     RCREG           equ	409	;# 
   640     019A                     TXREG           equ	410	;# 
   641     019B                     SPBRG           equ	411	;# 
   642     019B                     SPBRGL          equ	411	;# 
   643     019C                     SPBRGH          equ	412	;# 
   644     019D                     RCSTA           equ	413	;# 
   645     019E                     TXSTA           equ	414	;# 
   646     019F                     BAUDCON         equ	415	;# 
   647     020C                     WPUA            equ	524	;# 
   648     028C                     ODCONA          equ	652	;# 
   649     030C                     SLRCONA         equ	780	;# 
   650     038C                     INLVLA          equ	908	;# 
   651     0391                     IOCAP           equ	913	;# 
   652     0392                     IOCAN           equ	914	;# 
   653     0393                     IOCAF           equ	915	;# 
   654     0691                     CWG1DBR         equ	1681	;# 
   655     0692                     CWG1DBF         equ	1682	;# 
   656     0693                     CWG1CON0        equ	1683	;# 
   657     0694                     CWG1CON1        equ	1684	;# 
   658     0695                     CWG1CON2        equ	1685	;# 
   659     0D8E                     PWMEN           equ	3470	;# 
   660     0D8F                     PWMLD           equ	3471	;# 
   661     0D90                     PWMOUT          equ	3472	;# 
   662     0D91                     PWM1PH          equ	3473	;# 
   663     0D91                     PWM1PHL         equ	3473	;# 
   664     0D92                     PWM1PHH         equ	3474	;# 
   665     0D93                     PWM1DC          equ	3475	;# 
   666     0D93                     PWM1DCL         equ	3475	;# 
   667     0D94                     PWM1DCH         equ	3476	;# 
   668     0D95                     PWM1PR          equ	3477	;# 
   669     0D95                     PWM1PRL         equ	3477	;# 
   670     0D96                     PWM1PRH         equ	3478	;# 
   671     0D97                     PWM1OF          equ	3479	;# 
   672     0D97                     PWM1OFL         equ	3479	;# 
   673     0D98                     PWM1OFH         equ	3480	;# 
   674     0D99                     PWM1TMR         equ	3481	;# 
   675     0D99                     PWM1TMRL        equ	3481	;# 
   676     0D9A                     PWM1TMRH        equ	3482	;# 
   677     0D9B                     PWM1CON         equ	3483	;# 
   678     0D9C                     PWM1INTE        equ	3484	;# 
   679     0D9C                     PWM1INTCON      equ	3484	;# 
   680     0D9D                     PWM1INTF        equ	3485	;# 
   681     0D9D                     PWM1INTFLG      equ	3485	;# 
   682     0D9E                     PWM1CLKCON      equ	3486	;# 
   683     0D9F                     PWM1LDCON       equ	3487	;# 
   684     0DA0                     PWM1OFCON       equ	3488	;# 
   685     0DA1                     PWM2PH          equ	3489	;# 
   686     0DA1                     PWM2PHL         equ	3489	;# 
   687     0DA2                     PWM2PHH         equ	3490	;# 
   688     0DA3                     PWM2DC          equ	3491	;# 
   689     0DA3                     PWM2DCL         equ	3491	;# 
   690     0DA4                     PWM2DCH         equ	3492	;# 
   691     0DA5                     PWM2PR          equ	3493	;# 
   692     0DA5                     PWM2PRL         equ	3493	;# 
   693     0DA6                     PWM2PRH         equ	3494	;# 
   694     0DA7                     PWM2OF          equ	3495	;# 
   695     0DA7                     PWM2OFL         equ	3495	;# 
   696     0DA8                     PWM2OFH         equ	3496	;# 
   697     0DA9                     PWM2TMR         equ	3497	;# 
   698     0DA9                     PWM2TMRL        equ	3497	;# 
   699     0DAA                     PWM2TMRH        equ	3498	;# 
   700     0DAB                     PWM2CON         equ	3499	;# 
   701     0DAC                     PWM2INTE        equ	3500	;# 
   702     0DAC                     PWM2INTCON      equ	3500	;# 
   703     0DAD                     PWM2INTF        equ	3501	;# 
   704     0DAD                     PWM2INTFLG      equ	3501	;# 
   705     0DAE                     PWM2CLKCON      equ	3502	;# 
   706     0DAF                     PWM2LDCON       equ	3503	;# 
   707     0DB0                     PWM2OFCON       equ	3504	;# 
   708     0DB1                     PWM3PH          equ	3505	;# 
   709     0DB1                     PWM3PHL         equ	3505	;# 
   710     0DB2                     PWM3PHH         equ	3506	;# 
   711     0DB3                     PWM3DC          equ	3507	;# 
   712     0DB3                     PWM3DCL         equ	3507	;# 
   713     0DB4                     PWM3DCH         equ	3508	;# 
   714     0DB5                     PWM3PR          equ	3509	;# 
   715     0DB5                     PWM3PRL         equ	3509	;# 
   716     0DB6                     PWM3PRH         equ	3510	;# 
   717     0DB7                     PWM3OF          equ	3511	;# 
   718     0DB7                     PWM3OFL         equ	3511	;# 
   719     0DB8                     PWM3OFH         equ	3512	;# 
   720     0DB9                     PWM3TMR         equ	3513	;# 
   721     0DB9                     PWM3TMRL        equ	3513	;# 
   722     0DBA                     PWM3TMRH        equ	3514	;# 
   723     0DBB                     PWM3CON         equ	3515	;# 
   724     0DBC                     PWM3INTE        equ	3516	;# 
   725     0DBC                     PWM3INTCON      equ	3516	;# 
   726     0DBD                     PWM3INTF        equ	3517	;# 
   727     0DBD                     PWM3INTFLG      equ	3517	;# 
   728     0DBE                     PWM3CLKCON      equ	3518	;# 
   729     0DBF                     PWM3LDCON       equ	3519	;# 
   730     0DC0                     PWM3OFCON       equ	3520	;# 
   731     0FE4                     STATUS_SHAD     equ	4068	;# 
   732     0FE5                     WREG_SHAD       equ	4069	;# 
   733     0FE6                     BSR_SHAD        equ	4070	;# 
   734     0FE7                     PCLATH_SHAD     equ	4071	;# 
   735     0FE8                     FSR0_SHAD       equ	4072	;# 
   736     0FE8                     FSR0L_SHAD      equ	4072	;# 
   737     0FE9                     FSR0H_SHAD      equ	4073	;# 
   738     0FEA                     FSR1_SHAD       equ	4074	;# 
   739     0FEA                     FSR1L_SHAD      equ	4074	;# 
   740     0FEB                     FSR1H_SHAD      equ	4075	;# 
   741     0FED                     STKPTR          equ	4077	;# 
   742     0FEE                     TOS             equ	4078	;# 
   743     0FEE                     TOSL            equ	4078	;# 
   744     0FEF                     TOSH            equ	4079	;# 
   745                           
   746 ;; Function _EUSART_DefaultFramingErrorHandler is unused but had its address taken
   747     0000                     _EUSART_DefaultFramingErrorHandler equ	0
   748                           
   749 ;; Function _EUSART_DefaultOverrunErrorHandler is unused but had its address taken
   750     0000                     _EUSART_DefaultOverrunErrorHandler equ	0
   751                           
   752 ;; Function _EUSART_DefaultErrorHandler is unused but had its address taken
   753     0000                     _EUSART_DefaultErrorHandler equ	0
   754                           
   755                           	psect	nvCOMMON
   756     0070                     __pnvCOMMON:
   757     0070                     _EUSART_ErrorHandler:
   758     0070                     	ds	2
   759     0072                     _EUSART_OverrunErrorHandler:
   760     0072                     	ds	2
   761     0074                     _EUSART_FramingErrorHandler:
   762     0074                     	ds	2
   763     000C                     _PORTAbits      set	12
   764     0011                     _PIR1bits       set	17
   765     0097                     _WDTCON         set	151
   766     0098                     _OSCTUNE        set	152
   767     0099                     _OSCCON         set	153
   768     0095                     _OPTION_REGbits set	149
   769     008C                     _TRISA          set	140
   770     010C                     _LATAbits       set	268
   771     0116                     _BORCON         set	278
   772     011D                     _APFCON         set	285
   773     010C                     _LATA           set	268
   774     019A                     _TXREG          set	410
   775     0199                     _RCREG          set	409
   776     019D                     _RCSTAbits      set	413
   777     019E                     _TXSTAbits      set	414
   778     019C                     _SPBRGH         set	412
   779     019B                     _SPBRGL         set	411
   780     019E                     _TXSTA          set	414
   781     019D                     _RCSTA          set	413
   782     019F                     _BAUDCON        set	415
   783     018C                     _ANSELA         set	396
   784     020C                     _WPUA           set	524
   785     028C                     _ODCONA         set	652
   786     030C                     _SLRCONA        set	780
   787     038C                     _INLVLA         set	908
   788                           
   789                           	psect	stringtext1
   790     077B                     __pstringtext1:
   791     077B                     STR_2:
   792     077B  344E               	retlw	78	;'N'
   793     077C  346F               	retlw	111	;'o'
   794     077D  3420               	retlw	32	;' '
   795     077E  344D               	retlw	77	;'M'
   796     077F  346F               	retlw	111	;'o'
   797     0780  3474               	retlw	116	;'t'
   798     0781  3469               	retlw	105	;'i'
   799     0782  346F               	retlw	111	;'o'
   800     0783  346E               	retlw	110	;'n'
   801     0784  3420               	retlw	32	;' '
   802     0785  3444               	retlw	68	;'D'
   803     0786  3465               	retlw	101	;'e'
   804     0787  3474               	retlw	116	;'t'
   805     0788  3465               	retlw	101	;'e'
   806     0789  3463               	retlw	99	;'c'
   807     078A  3474               	retlw	116	;'t'
   808     078B  3465               	retlw	101	;'e'
   809     078C  3464               	retlw	100	;'d'
   810     078D  3420               	retlw	32	;' '
   811     078E  344C               	retlw	76	;'L'
   812     078F  3445               	retlw	69	;'E'
   813     0790  3444               	retlw	68	;'D'
   814     0791  3420               	retlw	32	;' '
   815     0792  344F               	retlw	79	;'O'
   816     0793  3446               	retlw	70	;'F'
   817     0794  3446               	retlw	70	;'F'
   818     0795  3420               	retlw	32	;' '
   819     0796  340D               	retlw	13
   820     0797  3400               	retlw	0
   821                           
   822                           	psect	stringtext2
   823     0762                     __pstringtext2:
   824     0762                     STR_1:
   825     0762  344D               	retlw	77	;'M'
   826     0763  346F               	retlw	111	;'o'
   827     0764  3474               	retlw	116	;'t'
   828     0765  3469               	retlw	105	;'i'
   829     0766  346F               	retlw	111	;'o'
   830     0767  346E               	retlw	110	;'n'
   831     0768  3420               	retlw	32	;' '
   832     0769  3444               	retlw	68	;'D'
   833     076A  3465               	retlw	101	;'e'
   834     076B  3474               	retlw	116	;'t'
   835     076C  3465               	retlw	101	;'e'
   836     076D  3463               	retlw	99	;'c'
   837     076E  3474               	retlw	116	;'t'
   838     076F  3465               	retlw	101	;'e'
   839     0770  3464               	retlw	100	;'d'
   840     0771  3420               	retlw	32	;' '
   841     0772  344C               	retlw	76	;'L'
   842     0773  3445               	retlw	69	;'E'
   843     0774  3444               	retlw	68	;'D'
   844     0775  3420               	retlw	32	;' '
   845     0776  344F               	retlw	79	;'O'
   846     0777  344E               	retlw	78	;'N'
   847     0778  3420               	retlw	32	;' '
   848     0779  340D               	retlw	13
   849     077A  3400               	retlw	0
   850                           
   851                           	psect	stringtext3
   852     0000                     __pstringtext3:
   853                           
   854                           	psect	cinit
   855     07FD                     start_initialization:	
   856                           ; #config settings
   857                           
   858     07FD                     __initialization:
   859                           
   860                           ; Clear objects allocated to COMMON
   861     07FD  01FB               	clrf	__pbssCOMMON& (0+127)
   862     07FE                     end_of_initialization:	
   863                           ;End of C runtime variable initialization code
   864                           
   865     07FE                     __end_of__initialization:
   866     07FE  0020               	movlb	0
   867     07FF  2FD8               	ljmp	_main	;jump to C main() function
   868                           
   869                           	psect	bssCOMMON
   870     007B                     __pbssCOMMON:
   871     007B                     _eusartRxLastError:
   872     007B                     	ds	1
   873                           
   874                           	psect	cstackCOMMON
   875     0076                     __pcstackCOMMON:
   876     0076                     ?_OSCILLATOR_Initialize:
   877     0076                     ?_WDT_Initialize:	
   878                           ; 1 bytes @ 0x0
   879                           
   880     0076                     ?_EUSART_Initialize:	
   881                           ; 1 bytes @ 0x0
   882                           
   883     0076                     ?_EUSART_SetFramingErrorHandler:	
   884                           ; 1 bytes @ 0x0
   885                           
   886     0076                     ?_EUSART_SetOverrunErrorHandler:	
   887                           ; 1 bytes @ 0x0
   888                           
   889     0076                     ?_EUSART_SetErrorHandler:	
   890                           ; 1 bytes @ 0x0
   891                           
   892     0076                     ?_PIN_MANAGER_Initialize:	
   893                           ; 1 bytes @ 0x0
   894                           
   895     0076                     ?_SYSTEM_Initialize:	
   896                           ; 1 bytes @ 0x0
   897                           
   898     0076                     ?_EUSART_is_tx_done:	
   899                           ; 1 bytes @ 0x0
   900                           
   901     0076                     ?_EUSART_Read:	
   902                           ; 1 bytes @ 0x0
   903                           
   904     0076                     ?_EUSART_Write:	
   905                           ; 1 bytes @ 0x0
   906                           
   907     0076                     ?_main:	
   908                           ; 1 bytes @ 0x0
   909                           
   910     0076                     EUSART_Write@txData:	
   911                           ; 1 bytes @ 0x0
   912                           
   913     0076                     EUSART_SetFramingErrorHandler@interruptHandler:	
   914                           ; 1 bytes @ 0x0
   915                           
   916     0076                     EUSART_SetOverrunErrorHandler@interruptHandler:	
   917                           ; 2 bytes @ 0x0
   918                           
   919     0076                     EUSART_SetErrorHandler@interruptHandler:	
   920                           ; 2 bytes @ 0x0
   921                           
   922     0076                     ??_OSCILLATOR_Initialize:	
   923                           ; 2 bytes @ 0x0
   924                           
   925     0076                     ??_WDT_Initialize:	
   926                           ; 1 bytes @ 0x0
   927                           
   928     0076                     ??_PIN_MANAGER_Initialize:	
   929                           ; 1 bytes @ 0x0
   930                           
   931     0076                     ??_EUSART_is_tx_done:	
   932                           ; 1 bytes @ 0x0
   933                           
   934     0076                     ??_EUSART_Read:	
   935                           ; 1 bytes @ 0x0
   936                           
   937     0076                     ??_EUSART_Write:	
   938                           ; 1 bytes @ 0x0
   939                           
   940                           
   941                           ; 1 bytes @ 0x0
   942     0076                     	ds	1
   943     0077                     ?_UART_SendString:
   944     0077                     UART_SendString@str:	
   945                           ; 1 bytes @ 0x1
   946                           
   947                           
   948                           ; 2 bytes @ 0x1
   949     0077                     	ds	1
   950     0078                     ??_EUSART_Initialize:
   951     0078                     ??_EUSART_SetFramingErrorHandler:	
   952                           ; 1 bytes @ 0x2
   953                           
   954     0078                     ??_EUSART_SetOverrunErrorHandler:	
   955                           ; 1 bytes @ 0x2
   956                           
   957     0078                     ??_EUSART_SetErrorHandler:	
   958                           ; 1 bytes @ 0x2
   959                           
   960     0078                     ??_SYSTEM_Initialize:	
   961                           ; 1 bytes @ 0x2
   962                           
   963                           
   964                           ; 1 bytes @ 0x2
   965     0078                     	ds	1
   966     0079                     ??_UART_SendString:
   967                           
   968                           ; 1 bytes @ 0x3
   969     0079                     	ds	1
   970     007A                     main@rxdata:
   971     007A                     ??_main:	
   972                           ; 1 bytes @ 0x4
   973                           
   974                           
   975                           ; 1 bytes @ 0x4
   976     007A                     	ds	1
   977                           
   978                           	psect	maintext
   979     07D8                     __pmaintext:	
   980 ;;
   981 ;;Main: autosize = 0, tempsize = 0, incstack = 0, save=0
   982 ;;
   983 ;; *************** function _main *****************
   984 ;; Defined at:
   985 ;;		line 14 in file "main.c"
   986 ;; Parameters:    Size  Location     Type
   987 ;;		None
   988 ;; Auto vars:     Size  Location     Type
   989 ;;  rxdata          1    4[COMMON] unsigned char 
   990 ;; Return value:  Size  Location     Type
   991 ;;                  1    wreg      void 
   992 ;; Registers used:
   993 ;;		wreg, fsr0l, fsr0h, status,2, status,0, pclath, cstack
   994 ;; Tracked objects:
   995 ;;		On entry : B1F/0
   996 ;;		On exit  : 0/0
   997 ;;		Unchanged: 0/0
   998 ;; Data sizes:     COMMON   BANK0   BANK1   BANK2
   999 ;;      Params:         0       0       0       0
  1000 ;;      Locals:         1       0       0       0
  1001 ;;      Temps:          0       0       0       0
  1002 ;;      Totals:         1       0       0       0
  1003 ;;Total ram usage:        1 bytes
  1004 ;; Hardware stack levels required when called: 3
  1005 ;; This function calls:
  1006 ;;		_EUSART_Read
  1007 ;;		_EUSART_Write
  1008 ;;		_SYSTEM_Initialize
  1009 ;;		_UART_SendString
  1010 ;; This function is called by:
  1011 ;;		Startup code after reset
  1012 ;; This function uses a non-reentrant model
  1013 ;;
  1014                           
  1015     07D8                     _main:	
  1016                           ;psect for function _main
  1017                           
  1018     07D8                     l832:	
  1019                           ;incstack = 0
  1020                           ; Regs used in _main: [wreg-fsr0h+status,2+status,0+pclath+cstack]
  1021                           
  1022     07D8                     l834:
  1023                           
  1024                           ;main.c: 19:     SYSTEM_Initialize();
  1025     07D8  3187  272E  3187   	fcall	_SYSTEM_Initialize
  1026     07DB                     l836:
  1027                           
  1028                           ;main.c: 22:     {;main.c: 23:          rxdata = EUSART_Read();
  1029     07DB  3187  273B  3187   	fcall	_EUSART_Read
  1030     07DE  00FA               	movwf	main@rxdata
  1031     07DF                     l838:
  1032                           
  1033                           ;main.c: 24:          EUSART_Write(rxdata);
  1034     07DF  087A               	movf	main@rxdata,w
  1035     07E0  3187  2724  3187   	fcall	_EUSART_Write
  1036     07E3                     l840:
  1037                           
  1038                           ;main.c: 25:         if(PORTAbits.RA2)
  1039     07E3  0020               	movlb	0	; select bank0
  1040     07E4  1D0C               	btfss	12,2	;volatile
  1041     07E5  2FE7               	goto	u111
  1042     07E6  2FE8               	goto	u110
  1043     07E7                     u111:
  1044     07E7  2FF2               	goto	l168
  1045     07E8                     u110:
  1046     07E8                     l165:	
  1047                           ;main.c: 26:         {;main.c: 27:             do { LATAbits.LATA0 = 1; } while(0);
  1048                           
  1049     07E8  0022               	movlb	2	; select bank2
  1050     07E9  140C               	bsf	12,0	;volatile
  1051     07EA                     l842:
  1052                           
  1053                           ;main.c: 28:             UART_SendString("Motion Detected LED ON \r");
  1054     07EA  3062               	movlw	low (STR_1| (0+32768))
  1055     07EB  00F7               	movwf	UART_SendString@str
  1056     07EC  3087               	movlw	high (STR_1| (0+32768))
  1057     07ED  00F8               	movwf	UART_SendString@str+1
  1058     07EE  3187  2798  3187   	fcall	_UART_SendString
  1059                           
  1060                           ;main.c: 29:         }
  1061     07F1  2FDB               	goto	l836
  1062     07F2                     l168:	
  1063                           ;main.c: 31:         {;main.c: 32:             do { LATAbits.LATA0 = 0; } while(0);
  1064                           
  1065     07F2  0022               	movlb	2	; select bank2
  1066     07F3  100C               	bcf	12,0	;volatile
  1067     07F4                     l844:
  1068                           
  1069                           ;main.c: 33:             UART_SendString("No Motion Detected LED OFF \r");
  1070     07F4  307B               	movlw	low (STR_2| (0+32768))
  1071     07F5  00F7               	movwf	UART_SendString@str
  1072     07F6  3087               	movlw	high (STR_2| (0+32768))
  1073     07F7  00F8               	movwf	UART_SendString@str+1
  1074     07F8  3187  2798  3187   	fcall	_UART_SendString
  1075     07FB  2FDB               	goto	l836
  1076     07FC  2801               	ljmp	start
  1077     07FD                     __end_of_main:
  1078                           
  1079                           	psect	text1
  1080     0798                     __ptext1:	
  1081 ;; *************** function _UART_SendString *****************
  1082 ;; Defined at:
  1083 ;;		line 4 in file "main.c"
  1084 ;; Parameters:    Size  Location     Type
  1085 ;;  str             2    1[COMMON] PTR const unsigned char 
  1086 ;;		 -> STR_2(29), STR_1(25), 
  1087 ;; Auto vars:     Size  Location     Type
  1088 ;;		None
  1089 ;; Return value:  Size  Location     Type
  1090 ;;                  1    wreg      void 
  1091 ;; Registers used:
  1092 ;;		wreg, fsr0l, fsr0h, status,2, status,0, pclath, cstack
  1093 ;; Tracked objects:
  1094 ;;		On entry : 0/0
  1095 ;;		On exit  : 0/0
  1096 ;;		Unchanged: 0/0
  1097 ;; Data sizes:     COMMON   BANK0   BANK1   BANK2
  1098 ;;      Params:         2       0       0       0
  1099 ;;      Locals:         0       0       0       0
  1100 ;;      Temps:          1       0       0       0
  1101 ;;      Totals:         3       0       0       0
  1102 ;;Total ram usage:        3 bytes
  1103 ;; Hardware stack levels used: 1
  1104 ;; Hardware stack levels required when called: 1
  1105 ;; This function calls:
  1106 ;;		_EUSART_Write
  1107 ;;		_EUSART_is_tx_done
  1108 ;; This function is called by:
  1109 ;;		_main
  1110 ;; This function uses a non-reentrant model
  1111 ;;
  1112                           
  1113     0798                     _UART_SendString:	
  1114                           ;psect for function _UART_SendString
  1115                           
  1116     0798                     l822:	
  1117                           ;incstack = 0
  1118                           ; Regs used in _UART_SendString: [wreg-fsr0h+status,2+status,0+pclath+cstack]
  1119                           
  1120                           
  1121                           ;main.c: 4: void UART_SendString(const char* str);main.c: 5: {;main.c: 7:     while (*st
      +                          r)
  1122     0798  2FAD               	goto	l830
  1123     0799                     l824:
  1124                           
  1125                           ;main.c: 8:     {;main.c: 9:         EUSART_Write(*str++);
  1126     0799  0877               	movf	UART_SendString@str,w
  1127     079A  0084               	movwf	4
  1128     079B  0878               	movf	UART_SendString@str+1,w
  1129     079C  0085               	movwf	5
  1130     079D  0800               	movf	0,w	;code access
  1131     079E  3187  2724  3187   	fcall	_EUSART_Write
  1132     07A1                     l826:
  1133     07A1  3001               	movlw	1
  1134     07A2  07F7               	addwf	UART_SendString@str,f
  1135     07A3  3000               	movlw	0
  1136     07A4  3DF8               	addwfc	UART_SendString@str+1,f
  1137     07A5                     l828:	
  1138                           ;main.c: 10:         while(EUSART_is_tx_done());
  1139                           
  1140     07A5  3187  270A  3187   	fcall	_EUSART_is_tx_done
  1141     07A8  3A00               	xorlw	0
  1142     07A9  1D03               	skipz
  1143     07AA  2FAC               	goto	u91
  1144     07AB  2FAD               	goto	u90
  1145     07AC                     u91:
  1146     07AC  2FA5               	goto	l828
  1147     07AD                     u90:
  1148     07AD                     l830:
  1149                           
  1150                           ;main.c: 7:     while (*str)
  1151     07AD  0877               	movf	UART_SendString@str,w
  1152     07AE  0084               	movwf	4
  1153     07AF  0878               	movf	UART_SendString@str+1,w
  1154     07B0  0085               	movwf	5
  1155     07B1  0012               	moviw fsr0++
  1156     07B2  1D03               	btfss	3,2
  1157     07B3  2FB5               	goto	u101
  1158     07B4  2FB6               	goto	u100
  1159     07B5                     u101:
  1160     07B5  2F99               	goto	l824
  1161     07B6                     u100:
  1162     07B6                     l158:
  1163     07B6  0008               	return
  1164     07B7                     __end_of_UART_SendString:
  1165                           
  1166                           	psect	text2
  1167     070A                     __ptext2:	
  1168 ;; *************** function _EUSART_is_tx_done *****************
  1169 ;; Defined at:
  1170 ;;		line 104 in file "mcc_generated_files/eusart.c"
  1171 ;; Parameters:    Size  Location     Type
  1172 ;;		None
  1173 ;; Auto vars:     Size  Location     Type
  1174 ;;		None
  1175 ;; Return value:  Size  Location     Type
  1176 ;;                  1    wreg      _Bool 
  1177 ;; Registers used:
  1178 ;;		wreg, status,2, status,0
  1179 ;; Tracked objects:
  1180 ;;		On entry : 0/0
  1181 ;;		On exit  : 0/0
  1182 ;;		Unchanged: 0/0
  1183 ;; Data sizes:     COMMON   BANK0   BANK1   BANK2
  1184 ;;      Params:         0       0       0       0
  1185 ;;      Locals:         0       0       0       0
  1186 ;;      Temps:          0       0       0       0
  1187 ;;      Totals:         0       0       0       0
  1188 ;;Total ram usage:        0 bytes
  1189 ;; Hardware stack levels used: 1
  1190 ;; This function calls:
  1191 ;;		Nothing
  1192 ;; This function is called by:
  1193 ;;		_UART_SendString
  1194 ;; This function uses a non-reentrant model
  1195 ;;
  1196                           
  1197     070A                     _EUSART_is_tx_done:	
  1198                           ;psect for function _EUSART_is_tx_done
  1199                           
  1200     070A                     l736:	
  1201                           ;incstack = 0
  1202                           ; Regs used in _EUSART_is_tx_done: [wreg+status,2+status,0]
  1203                           
  1204                           
  1205                           ;mcc_generated_files/eusart.c: 106:     return TXSTAbits.TRMT;
  1206     070A  0023               	movlb	3	; select bank3
  1207     070B  0C1E               	rrf	30,w	;volatile
  1208     070C  3901               	andlw	1
  1209     070D                     l103:
  1210     070D  0008               	return
  1211     070E                     __end_of_EUSART_is_tx_done:
  1212                           
  1213                           	psect	text3
  1214     0724                     __ptext3:	
  1215 ;; *************** function _EUSART_Write *****************
  1216 ;; Defined at:
  1217 ;;		line 132 in file "mcc_generated_files/eusart.c"
  1218 ;; Parameters:    Size  Location     Type
  1219 ;;  txData          1    wreg     unsigned char 
  1220 ;; Auto vars:     Size  Location     Type
  1221 ;;  txData          1    0[COMMON] unsigned char 
  1222 ;; Return value:  Size  Location     Type
  1223 ;;                  1    wreg      void 
  1224 ;; Registers used:
  1225 ;;		wreg
  1226 ;; Tracked objects:
  1227 ;;		On entry : 0/0
  1228 ;;		On exit  : 0/0
  1229 ;;		Unchanged: 0/0
  1230 ;; Data sizes:     COMMON   BANK0   BANK1   BANK2
  1231 ;;      Params:         0       0       0       0
  1232 ;;      Locals:         1       0       0       0
  1233 ;;      Temps:          0       0       0       0
  1234 ;;      Totals:         1       0       0       0
  1235 ;;Total ram usage:        1 bytes
  1236 ;; Hardware stack levels used: 1
  1237 ;; This function calls:
  1238 ;;		Nothing
  1239 ;; This function is called by:
  1240 ;;		_UART_SendString
  1241 ;;		_main
  1242 ;; This function uses a non-reentrant model
  1243 ;;
  1244                           
  1245     0724                     _EUSART_Write:	
  1246                           ;psect for function _EUSART_Write
  1247                           
  1248                           
  1249                           ;incstack = 0
  1250                           ; Regs used in _EUSART_Write: [wreg]
  1251                           ;EUSART_Write@txData stored from wreg
  1252     0724  00F6               	movwf	EUSART_Write@txData
  1253     0725                     l740:
  1254     0725                     l116:	
  1255                           ;mcc_generated_files/eusart.c: 135:     {;mcc_generated_files/eusart.c: 136:     }
  1256                           
  1257                           
  1258                           ;mcc_generated_files/eusart.c: 134:     while(0 == PIR1bits.TXIF)
  1259     0725  0020               	movlb	0	; select bank0
  1260     0726  1E11               	btfss	17,4	;volatile
  1261     0727  2F29               	goto	u11
  1262     0728  2F2A               	goto	u10
  1263     0729                     u11:
  1264     0729  2F25               	goto	l116
  1265     072A                     u10:
  1266     072A                     l742:
  1267                           
  1268                           ;mcc_generated_files/eusart.c: 138:     TXREG = txData;
  1269     072A  0876               	movf	EUSART_Write@txData,w
  1270     072B  0023               	movlb	3	; select bank3
  1271     072C  009A               	movwf	26	;volatile
  1272     072D                     l119:
  1273     072D  0008               	return
  1274     072E                     __end_of_EUSART_Write:
  1275                           
  1276                           	psect	text4
  1277     072E                     __ptext4:	
  1278 ;; *************** function _SYSTEM_Initialize *****************
  1279 ;; Defined at:
  1280 ;;		line 50 in file "mcc_generated_files/mcc.c"
  1281 ;; Parameters:    Size  Location     Type
  1282 ;;		None
  1283 ;; Auto vars:     Size  Location     Type
  1284 ;;		None
  1285 ;; Return value:  Size  Location     Type
  1286 ;;                  1    wreg      void 
  1287 ;; Registers used:
  1288 ;;		wreg, status,2, status,0, pclath, cstack
  1289 ;; Tracked objects:
  1290 ;;		On entry : 0/0
  1291 ;;		On exit  : 0/0
  1292 ;;		Unchanged: 0/0
  1293 ;; Data sizes:     COMMON   BANK0   BANK1   BANK2
  1294 ;;      Params:         0       0       0       0
  1295 ;;      Locals:         0       0       0       0
  1296 ;;      Temps:          0       0       0       0
  1297 ;;      Totals:         0       0       0       0
  1298 ;;Total ram usage:        0 bytes
  1299 ;; Hardware stack levels used: 1
  1300 ;; Hardware stack levels required when called: 2
  1301 ;; This function calls:
  1302 ;;		_EUSART_Initialize
  1303 ;;		_OSCILLATOR_Initialize
  1304 ;;		_PIN_MANAGER_Initialize
  1305 ;;		_WDT_Initialize
  1306 ;; This function is called by:
  1307 ;;		_main
  1308 ;; This function uses a non-reentrant model
  1309 ;;
  1310                           
  1311     072E                     _SYSTEM_Initialize:	
  1312                           ;psect for function _SYSTEM_Initialize
  1313                           
  1314     072E                     l818:	
  1315                           ;incstack = 0
  1316                           ; Regs used in _SYSTEM_Initialize: [wreg+status,2+status,0+pclath+cstack]
  1317                           
  1318                           
  1319                           ;mcc_generated_files/mcc.c: 53:     PIN_MANAGER_Initialize();
  1320     072E  3187  274A  3187   	fcall	_PIN_MANAGER_Initialize
  1321                           
  1322                           ;mcc_generated_files/mcc.c: 54:     OSCILLATOR_Initialize();
  1323     0731  3187  271D  3187   	fcall	_OSCILLATOR_Initialize
  1324                           
  1325                           ;mcc_generated_files/mcc.c: 55:     WDT_Initialize();
  1326     0734  3187  2706  3187   	fcall	_WDT_Initialize
  1327     0737                     l820:
  1328                           
  1329                           ;mcc_generated_files/mcc.c: 56:     EUSART_Initialize();
  1330     0737  3187  27B7  3187   	fcall	_EUSART_Initialize
  1331     073A                     l43:
  1332     073A  0008               	return
  1333     073B                     __end_of_SYSTEM_Initialize:
  1334                           
  1335                           	psect	text5
  1336     0706                     __ptext5:	
  1337 ;; *************** function _WDT_Initialize *****************
  1338 ;; Defined at:
  1339 ;;		line 69 in file "mcc_generated_files/mcc.c"
  1340 ;; Parameters:    Size  Location     Type
  1341 ;;		None
  1342 ;; Auto vars:     Size  Location     Type
  1343 ;;		None
  1344 ;; Return value:  Size  Location     Type
  1345 ;;                  1    wreg      void 
  1346 ;; Registers used:
  1347 ;;		None
  1348 ;; Tracked objects:
  1349 ;;		On entry : 0/0
  1350 ;;		On exit  : 0/0
  1351 ;;		Unchanged: 0/0
  1352 ;; Data sizes:     COMMON   BANK0   BANK1   BANK2
  1353 ;;      Params:         0       0       0       0
  1354 ;;      Locals:         0       0       0       0
  1355 ;;      Temps:          0       0       0       0
  1356 ;;      Totals:         0       0       0       0
  1357 ;;Total ram usage:        0 bytes
  1358 ;; Hardware stack levels used: 1
  1359 ;; This function calls:
  1360 ;;		Nothing
  1361 ;; This function is called by:
  1362 ;;		_SYSTEM_Initialize
  1363 ;; This function uses a non-reentrant model
  1364 ;;
  1365                           
  1366     0706                     _WDT_Initialize:	
  1367                           ;psect for function _WDT_Initialize
  1368                           
  1369     0706                     l722:	
  1370                           ;incstack = 0
  1371                           ; Regs used in _WDT_Initialize: []
  1372                           
  1373                           
  1374                           ;mcc_generated_files/mcc.c: 72:     WDTCON = 0x16;
  1375     0706  3016               	movlw	22
  1376     0707  0021               	movlb	1	; select bank1
  1377     0708  0097               	movwf	23	;volatile
  1378     0709                     l49:
  1379     0709  0008               	return
  1380     070A                     __end_of_WDT_Initialize:
  1381                           
  1382                           	psect	text6
  1383     074A                     __ptext6:	
  1384 ;; *************** function _PIN_MANAGER_Initialize *****************
  1385 ;; Defined at:
  1386 ;;		line 55 in file "mcc_generated_files/pin_manager.c"
  1387 ;; Parameters:    Size  Location     Type
  1388 ;;		None
  1389 ;; Auto vars:     Size  Location     Type
  1390 ;;		None
  1391 ;; Return value:  Size  Location     Type
  1392 ;;                  1    wreg      void 
  1393 ;; Registers used:
  1394 ;;		status,2
  1395 ;; Tracked objects:
  1396 ;;		On entry : 0/0
  1397 ;;		On exit  : 0/0
  1398 ;;		Unchanged: 0/0
  1399 ;; Data sizes:     COMMON   BANK0   BANK1   BANK2
  1400 ;;      Params:         0       0       0       0
  1401 ;;      Locals:         0       0       0       0
  1402 ;;      Temps:          0       0       0       0
  1403 ;;      Totals:         0       0       0       0
  1404 ;;Total ram usage:        0 bytes
  1405 ;; Hardware stack levels used: 1
  1406 ;; This function calls:
  1407 ;;		Nothing
  1408 ;; This function is called by:
  1409 ;;		_SYSTEM_Initialize
  1410 ;; This function uses a non-reentrant model
  1411 ;;
  1412                           
  1413     074A                     _PIN_MANAGER_Initialize:	
  1414                           ;psect for function _PIN_MANAGER_Initialize
  1415                           
  1416     074A                     l704:	
  1417                           ;incstack = 0
  1418                           ; Regs used in _PIN_MANAGER_Initialize: [status,2]
  1419                           
  1420                           
  1421                           ;mcc_generated_files/pin_manager.c: 60:     LATA = 0x00;
  1422     074A  0022               	movlb	2	; select bank2
  1423     074B  018C               	clrf	12	;volatile
  1424     074C                     l706:
  1425                           
  1426                           ;mcc_generated_files/pin_manager.c: 65:     TRISA = 0x3E;
  1427     074C  303E               	movlw	62
  1428     074D  0021               	movlb	1	; select bank1
  1429     074E  008C               	movwf	12	;volatile
  1430     074F                     l708:
  1431                           
  1432                           ;mcc_generated_files/pin_manager.c: 70:     ANSELA = 0x03;
  1433     074F  3003               	movlw	3
  1434     0750  0023               	movlb	3	; select bank3
  1435     0751  008C               	movwf	12	;volatile
  1436                           
  1437                           ;mcc_generated_files/pin_manager.c: 75:     WPUA = 0x00;
  1438     0752  0024               	movlb	4	; select bank4
  1439     0753  018C               	clrf	12	;volatile
  1440     0754                     l710:
  1441                           
  1442                           ;mcc_generated_files/pin_manager.c: 76:     OPTION_REGbits.nWPUEN = 1;
  1443     0754  0021               	movlb	1	; select bank1
  1444     0755  1795               	bsf	21,7	;volatile
  1445                           
  1446                           ;mcc_generated_files/pin_manager.c: 81:     ODCONA = 0x00;
  1447     0756  0025               	movlb	5	; select bank5
  1448     0757  018C               	clrf	12	;volatile
  1449     0758                     l712:
  1450                           
  1451                           ;mcc_generated_files/pin_manager.c: 86:     SLRCONA = 0x37;
  1452     0758  3037               	movlw	55
  1453     0759  0026               	movlb	6	; select bank6
  1454     075A  008C               	movwf	12	;volatile
  1455     075B                     l714:
  1456                           
  1457                           ;mcc_generated_files/pin_manager.c: 91:     INLVLA = 0x3F;
  1458     075B  303F               	movlw	63
  1459     075C  0027               	movlb	7	; select bank7
  1460     075D  008C               	movwf	12	;volatile
  1461     075E                     l716:
  1462                           
  1463                           ;mcc_generated_files/pin_manager.c: 96:     APFCON = 0x84;
  1464     075E  3084               	movlw	132
  1465     075F  0022               	movlb	2	; select bank2
  1466     0760  009D               	movwf	29	;volatile
  1467     0761                     l21:
  1468     0761  0008               	return
  1469     0762                     __end_of_PIN_MANAGER_Initialize:
  1470                           
  1471                           	psect	text7
  1472     071D                     __ptext7:	
  1473 ;; *************** function _OSCILLATOR_Initialize *****************
  1474 ;; Defined at:
  1475 ;;		line 59 in file "mcc_generated_files/mcc.c"
  1476 ;; Parameters:    Size  Location     Type
  1477 ;;		None
  1478 ;; Auto vars:     Size  Location     Type
  1479 ;;		None
  1480 ;; Return value:  Size  Location     Type
  1481 ;;                  1    wreg      void 
  1482 ;; Registers used:
  1483 ;;		status,2
  1484 ;; Tracked objects:
  1485 ;;		On entry : 0/0
  1486 ;;		On exit  : 0/0
  1487 ;;		Unchanged: 0/0
  1488 ;; Data sizes:     COMMON   BANK0   BANK1   BANK2
  1489 ;;      Params:         0       0       0       0
  1490 ;;      Locals:         0       0       0       0
  1491 ;;      Temps:          0       0       0       0
  1492 ;;      Totals:         0       0       0       0
  1493 ;;Total ram usage:        0 bytes
  1494 ;; Hardware stack levels used: 1
  1495 ;; This function calls:
  1496 ;;		Nothing
  1497 ;; This function is called by:
  1498 ;;		_SYSTEM_Initialize
  1499 ;; This function uses a non-reentrant model
  1500 ;;
  1501                           
  1502     071D                     _OSCILLATOR_Initialize:	
  1503                           ;psect for function _OSCILLATOR_Initialize
  1504                           
  1505     071D                     l718:	
  1506                           ;incstack = 0
  1507                           ; Regs used in _OSCILLATOR_Initialize: [status,2]
  1508                           
  1509                           
  1510                           ;mcc_generated_files/mcc.c: 62:     OSCCON = 0x6A;
  1511     071D  306A               	movlw	106
  1512     071E  0021               	movlb	1	; select bank1
  1513     071F  0099               	movwf	25	;volatile
  1514     0720                     l720:
  1515                           
  1516                           ;mcc_generated_files/mcc.c: 64:     OSCTUNE = 0x00;
  1517     0720  0198               	clrf	24	;volatile
  1518                           
  1519                           ;mcc_generated_files/mcc.c: 66:     BORCON = 0x00;
  1520     0721  0022               	movlb	2	; select bank2
  1521     0722  0196               	clrf	22	;volatile
  1522     0723                     l46:
  1523     0723  0008               	return
  1524     0724                     __end_of_OSCILLATOR_Initialize:
  1525                           
  1526                           	psect	text8
  1527     07B7                     __ptext8:	
  1528 ;; *************** function _EUSART_Initialize *****************
  1529 ;; Defined at:
  1530 ;;		line 66 in file "mcc_generated_files/eusart.c"
  1531 ;; Parameters:    Size  Location     Type
  1532 ;;		None
  1533 ;; Auto vars:     Size  Location     Type
  1534 ;;		None
  1535 ;; Return value:  Size  Location     Type
  1536 ;;                  1    wreg      void 
  1537 ;; Registers used:
  1538 ;;		wreg, status,2, status,0, pclath, cstack
  1539 ;; Tracked objects:
  1540 ;;		On entry : 0/0
  1541 ;;		On exit  : 0/0
  1542 ;;		Unchanged: 0/0
  1543 ;; Data sizes:     COMMON   BANK0   BANK1   BANK2
  1544 ;;      Params:         0       0       0       0
  1545 ;;      Locals:         0       0       0       0
  1546 ;;      Temps:          0       0       0       0
  1547 ;;      Totals:         0       0       0       0
  1548 ;;Total ram usage:        0 bytes
  1549 ;; Hardware stack levels used: 1
  1550 ;; Hardware stack levels required when called: 1
  1551 ;; This function calls:
  1552 ;;		_EUSART_SetErrorHandler
  1553 ;;		_EUSART_SetFramingErrorHandler
  1554 ;;		_EUSART_SetOverrunErrorHandler
  1555 ;; This function is called by:
  1556 ;;		_SYSTEM_Initialize
  1557 ;; This function uses a non-reentrant model
  1558 ;;
  1559                           
  1560     07B7                     _EUSART_Initialize:	
  1561                           ;psect for function _EUSART_Initialize
  1562                           
  1563     07B7                     l806:	
  1564                           ;incstack = 0
  1565                           ; Regs used in _EUSART_Initialize: [wreg+status,2+status,0+pclath+cstack]
  1566                           
  1567                           
  1568                           ;mcc_generated_files/eusart.c: 71:     BAUDCON = 0x08;
  1569     07B7  3008               	movlw	8
  1570     07B8  0023               	movlb	3	; select bank3
  1571     07B9  009F               	movwf	31	;volatile
  1572                           
  1573                           ;mcc_generated_files/eusart.c: 74:     RCSTA = 0x90;
  1574     07BA  3090               	movlw	144
  1575     07BB  009D               	movwf	29	;volatile
  1576                           
  1577                           ;mcc_generated_files/eusart.c: 77:     TXSTA = 0x24;
  1578     07BC  3024               	movlw	36
  1579     07BD  009E               	movwf	30	;volatile
  1580                           
  1581                           ;mcc_generated_files/eusart.c: 80:     SPBRGL = 0x67;
  1582     07BE  3067               	movlw	103
  1583     07BF  009B               	movwf	27	;volatile
  1584     07C0                     l808:
  1585                           
  1586                           ;mcc_generated_files/eusart.c: 83:     SPBRGH = 0x00;
  1587     07C0  019C               	clrf	28	;volatile
  1588     07C1                     l810:
  1589                           
  1590                           ;mcc_generated_files/eusart.c: 86:     EUSART_SetFramingErrorHandler(EUSART_DefaultFrami
      +                          ngErrorHandler);
  1591     07C1  3000               	movlw	0
  1592     07C2  00F6               	movwf	EUSART_SetFramingErrorHandler@interruptHandler
  1593     07C3  3000               	movlw	0
  1594     07C4  00F7               	movwf	EUSART_SetFramingErrorHandler@interruptHandler+1
  1595     07C5  3187  2713  3187   	fcall	_EUSART_SetFramingErrorHandler
  1596     07C8                     l812:
  1597                           
  1598                           ;mcc_generated_files/eusart.c: 87:     EUSART_SetOverrunErrorHandler(EUSART_DefaultOverr
      +                          unErrorHandler);
  1599     07C8  3000               	movlw	0
  1600     07C9  00F6               	movwf	EUSART_SetOverrunErrorHandler@interruptHandler
  1601     07CA  3000               	movlw	0
  1602     07CB  00F7               	movwf	EUSART_SetOverrunErrorHandler@interruptHandler+1
  1603     07CC  3187  2718  3187   	fcall	_EUSART_SetOverrunErrorHandler
  1604     07CF                     l814:
  1605                           
  1606                           ;mcc_generated_files/eusart.c: 88:     EUSART_SetErrorHandler(EUSART_DefaultErrorHandler
      +                          );
  1607     07CF  3000               	movlw	0
  1608     07D0  00F6               	movwf	EUSART_SetErrorHandler@interruptHandler
  1609     07D1  3000               	movlw	0
  1610     07D2  00F7               	movwf	EUSART_SetErrorHandler@interruptHandler+1
  1611     07D3  3187  270E  3187   	fcall	_EUSART_SetErrorHandler
  1612     07D6                     l816:
  1613                           
  1614                           ;mcc_generated_files/eusart.c: 90:     eusartRxLastError.status = 0;
  1615     07D6  01FB               	clrf	_eusartRxLastError	;volatile
  1616     07D7                     l92:
  1617     07D7  0008               	return
  1618     07D8                     __end_of_EUSART_Initialize:
  1619                           
  1620                           	psect	text9
  1621     0718                     __ptext9:	
  1622 ;; *************** function _EUSART_SetOverrunErrorHandler *****************
  1623 ;; Defined at:
  1624 ;;		line 161 in file "mcc_generated_files/eusart.c"
  1625 ;; Parameters:    Size  Location     Type
  1626 ;;  interruptHan    2    0[COMMON] PTR FTN()void 
  1627 ;;		 -> EUSART_DefaultOverrunErrorHandler(1), 
  1628 ;; Auto vars:     Size  Location     Type
  1629 ;;		None
  1630 ;; Return value:  Size  Location     Type
  1631 ;;                  1    wreg      void 
  1632 ;; Registers used:
  1633 ;;		wreg
  1634 ;; Tracked objects:
  1635 ;;		On entry : 0/0
  1636 ;;		On exit  : 0/0
  1637 ;;		Unchanged: 0/0
  1638 ;; Data sizes:     COMMON   BANK0   BANK1   BANK2
  1639 ;;      Params:         2       0       0       0
  1640 ;;      Locals:         0       0       0       0
  1641 ;;      Temps:          0       0       0       0
  1642 ;;      Totals:         2       0       0       0
  1643 ;;Total ram usage:        2 bytes
  1644 ;; Hardware stack levels used: 1
  1645 ;; This function calls:
  1646 ;;		Nothing
  1647 ;; This function is called by:
  1648 ;;		_EUSART_Initialize
  1649 ;; This function uses a non-reentrant model
  1650 ;;
  1651                           
  1652     0718                     _EUSART_SetOverrunErrorHandler:	
  1653                           ;psect for function _EUSART_SetOverrunErrorHandler
  1654                           
  1655     0718                     l802:	
  1656                           ;incstack = 0
  1657                           ; Regs used in _EUSART_SetOverrunErrorHandler: [wreg]
  1658                           
  1659                           
  1660                           ;mcc_generated_files/eusart.c: 162:     EUSART_OverrunErrorHandler = interruptHandler;
  1661     0718  0877               	movf	EUSART_SetOverrunErrorHandler@interruptHandler+1,w
  1662     0719  00F3               	movwf	_EUSART_OverrunErrorHandler+1
  1663     071A  0876               	movf	EUSART_SetOverrunErrorHandler@interruptHandler,w
  1664     071B  00F2               	movwf	_EUSART_OverrunErrorHandler
  1665     071C                     l134:
  1666     071C  0008               	return
  1667     071D                     __end_of_EUSART_SetOverrunErrorHandler:
  1668                           
  1669                           	psect	text10
  1670     0713                     __ptext10:	
  1671 ;; *************** function _EUSART_SetFramingErrorHandler *****************
  1672 ;; Defined at:
  1673 ;;		line 157 in file "mcc_generated_files/eusart.c"
  1674 ;; Parameters:    Size  Location     Type
  1675 ;;  interruptHan    2    0[COMMON] PTR FTN()void 
  1676 ;;		 -> EUSART_DefaultFramingErrorHandler(1), 
  1677 ;; Auto vars:     Size  Location     Type
  1678 ;;		None
  1679 ;; Return value:  Size  Location     Type
  1680 ;;                  1    wreg      void 
  1681 ;; Registers used:
  1682 ;;		wreg
  1683 ;; Tracked objects:
  1684 ;;		On entry : 0/0
  1685 ;;		On exit  : 0/0
  1686 ;;		Unchanged: 0/0
  1687 ;; Data sizes:     COMMON   BANK0   BANK1   BANK2
  1688 ;;      Params:         2       0       0       0
  1689 ;;      Locals:         0       0       0       0
  1690 ;;      Temps:          0       0       0       0
  1691 ;;      Totals:         2       0       0       0
  1692 ;;Total ram usage:        2 bytes
  1693 ;; Hardware stack levels used: 1
  1694 ;; This function calls:
  1695 ;;		Nothing
  1696 ;; This function is called by:
  1697 ;;		_EUSART_Initialize
  1698 ;; This function uses a non-reentrant model
  1699 ;;
  1700                           
  1701     0713                     _EUSART_SetFramingErrorHandler:	
  1702                           ;psect for function _EUSART_SetFramingErrorHandler
  1703                           
  1704     0713                     l800:	
  1705                           ;incstack = 0
  1706                           ; Regs used in _EUSART_SetFramingErrorHandler: [wreg]
  1707                           
  1708                           
  1709                           ;mcc_generated_files/eusart.c: 158:     EUSART_FramingErrorHandler = interruptHandler;
  1710     0713  0877               	movf	EUSART_SetFramingErrorHandler@interruptHandler+1,w
  1711     0714  00F5               	movwf	_EUSART_FramingErrorHandler+1
  1712     0715  0876               	movf	EUSART_SetFramingErrorHandler@interruptHandler,w
  1713     0716  00F4               	movwf	_EUSART_FramingErrorHandler
  1714     0717                     l131:
  1715     0717  0008               	return
  1716     0718                     __end_of_EUSART_SetFramingErrorHandler:
  1717                           
  1718                           	psect	text11
  1719     070E                     __ptext11:	
  1720 ;; *************** function _EUSART_SetErrorHandler *****************
  1721 ;; Defined at:
  1722 ;;		line 165 in file "mcc_generated_files/eusart.c"
  1723 ;; Parameters:    Size  Location     Type
  1724 ;;  interruptHan    2    0[COMMON] PTR FTN()void 
  1725 ;;		 -> EUSART_DefaultErrorHandler(1), 
  1726 ;; Auto vars:     Size  Location     Type
  1727 ;;		None
  1728 ;; Return value:  Size  Location     Type
  1729 ;;                  1    wreg      void 
  1730 ;; Registers used:
  1731 ;;		wreg
  1732 ;; Tracked objects:
  1733 ;;		On entry : 0/0
  1734 ;;		On exit  : 0/0
  1735 ;;		Unchanged: 0/0
  1736 ;; Data sizes:     COMMON   BANK0   BANK1   BANK2
  1737 ;;      Params:         2       0       0       0
  1738 ;;      Locals:         0       0       0       0
  1739 ;;      Temps:          0       0       0       0
  1740 ;;      Totals:         2       0       0       0
  1741 ;;Total ram usage:        2 bytes
  1742 ;; Hardware stack levels used: 1
  1743 ;; This function calls:
  1744 ;;		Nothing
  1745 ;; This function is called by:
  1746 ;;		_EUSART_Initialize
  1747 ;; This function uses a non-reentrant model
  1748 ;;
  1749                           
  1750     070E                     _EUSART_SetErrorHandler:	
  1751                           ;psect for function _EUSART_SetErrorHandler
  1752                           
  1753     070E                     l804:	
  1754                           ;incstack = 0
  1755                           ; Regs used in _EUSART_SetErrorHandler: [wreg]
  1756                           
  1757                           
  1758                           ;mcc_generated_files/eusart.c: 166:     EUSART_ErrorHandler = interruptHandler;
  1759     070E  0877               	movf	EUSART_SetErrorHandler@interruptHandler+1,w
  1760     070F  00F1               	movwf	_EUSART_ErrorHandler+1
  1761     0710  0876               	movf	EUSART_SetErrorHandler@interruptHandler,w
  1762     0711  00F0               	movwf	_EUSART_ErrorHandler
  1763     0712                     l137:
  1764     0712  0008               	return
  1765     0713                     __end_of_EUSART_SetErrorHandler:
  1766                           
  1767                           	psect	text12
  1768     073B                     __ptext12:	
  1769 ;; *************** function _EUSART_Read *****************
  1770 ;; Defined at:
  1771 ;;		line 113 in file "mcc_generated_files/eusart.c"
  1772 ;; Parameters:    Size  Location     Type
  1773 ;;		None
  1774 ;; Auto vars:     Size  Location     Type
  1775 ;;		None
  1776 ;; Return value:  Size  Location     Type
  1777 ;;                  1    wreg      unsigned char 
  1778 ;; Registers used:
  1779 ;;		wreg, status,2
  1780 ;; Tracked objects:
  1781 ;;		On entry : 0/0
  1782 ;;		On exit  : 0/0
  1783 ;;		Unchanged: 0/0
  1784 ;; Data sizes:     COMMON   BANK0   BANK1   BANK2
  1785 ;;      Params:         0       0       0       0
  1786 ;;      Locals:         0       0       0       0
  1787 ;;      Temps:          0       0       0       0
  1788 ;;      Totals:         0       0       0       0
  1789 ;;Total ram usage:        0 bytes
  1790 ;; Hardware stack levels used: 1
  1791 ;; This function calls:
  1792 ;;		Nothing
  1793 ;; This function is called by:
  1794 ;;		_main
  1795 ;; This function uses a non-reentrant model
  1796 ;;
  1797                           
  1798     073B                     _EUSART_Read:	
  1799                           ;psect for function _EUSART_Read
  1800                           
  1801     073B                     l748:	
  1802                           ;incstack = 0
  1803                           ; Regs used in _EUSART_Read: [wreg+status,2]
  1804                           
  1805     073B                     l109:	
  1806                           ;mcc_generated_files/eusart.c: 116:     {;mcc_generated_files/eusart.c: 117:     }
  1807                           
  1808                           
  1809                           ;mcc_generated_files/eusart.c: 115:     while(!PIR1bits.RCIF)
  1810     073B  0020               	movlb	0	; select bank0
  1811     073C  1E91               	btfss	17,5	;volatile
  1812     073D  2F3F               	goto	u21
  1813     073E  2F40               	goto	u20
  1814     073F                     u21:
  1815     073F  2F3B               	goto	l109
  1816     0740                     u20:
  1817     0740                     l750:
  1818                           
  1819                           ;mcc_generated_files/eusart.c: 119:     eusartRxLastError.status = 0;
  1820     0740  01FB               	clrf	_eusartRxLastError	;volatile
  1821     0741                     l752:
  1822                           
  1823                           ;mcc_generated_files/eusart.c: 121:     if(1 == RCSTAbits.OERR)
  1824     0741  0023               	movlb	3	; select bank3
  1825     0742  1C9D               	btfss	29,1	;volatile
  1826     0743  2F45               	goto	u31
  1827     0744  2F46               	goto	u30
  1828     0745                     u31:
  1829     0745  2F48               	goto	l756
  1830     0746                     u30:
  1831     0746                     l754:
  1832                           
  1833                           ;mcc_generated_files/eusart.c: 122:     {;mcc_generated_files/eusart.c: 125:         RCS
      +                          TAbits.CREN = 0;
  1834     0746  121D               	bcf	29,4	;volatile
  1835                           
  1836                           ;mcc_generated_files/eusart.c: 126:         RCSTAbits.CREN = 1;
  1837     0747  161D               	bsf	29,4	;volatile
  1838     0748                     l756:
  1839                           
  1840                           ;mcc_generated_files/eusart.c: 129:     return RCREG;
  1841     0748  0819               	movf	25,w	;volatile
  1842     0749                     l113:
  1843     0749  0008               	return
  1844     074A                     __end_of_EUSART_Read:
  1845     0000                     ___latbits      equ	0
  1846     007E                     btemp           set	126	;btemp
  1847     007E                     wtemp0          set	126
  1848                           
  1849                           	psect	idloc
  1850                           
  1851                           ;Config register IDLOC0 @ 0x8000
  1852                           ;	unspecified, using default values
  1853     8000                     	org	32768
  1854     8000  3FFF               	dw	16383
  1855                           
  1856                           ;Config register IDLOC1 @ 0x8001
  1857                           ;	unspecified, using default values
  1858     8001                     	org	32769
  1859     8001  3FFF               	dw	16383
  1860                           
  1861                           ;Config register IDLOC2 @ 0x8002
  1862                           ;	unspecified, using default values
  1863     8002                     	org	32770
  1864     8002  3FFF               	dw	16383
  1865                           
  1866                           ;Config register IDLOC3 @ 0x8003
  1867                           ;	unspecified, using default values
  1868     8003                     	org	32771
  1869     8003  3FFF               	dw	16383
  1870                           
  1871                           	psect	config
  1872                           
  1873                           ;Config register CONFIG1 @ 0x8007
  1874                           ;	
  1875                           ;	FOSC = INTOSC, INTOSC oscillator; I/O function on CLKIN pin
  1876                           ;	Watchdog Timer Enable
  1877                           ;	WDTE = OFF, WDT disabled
  1878                           ;	Power-up Timer Enable
  1879                           ;	PWRTE = OFF, PWRT disabled
  1880                           ;	MCLR Pin Function Select
  1881                           ;	MCLRE = ON, MCLR/VPP pin function is MCLR
  1882                           ;	Flash Program Memory Code Protection
  1883                           ;	CP = OFF, Program memory code protection is disabled
  1884                           ;	Brown-out Reset Enable
  1885                           ;	BOREN = ON, Brown-out Reset enabled
  1886                           ;	Clock Out Enable
  1887                           ;	CLKOUTEN = OFF, CLKOUT function is disabled. I/O or oscillator function on the CLKOUT 
      +                          pin
  1888     8007                     	org	32775
  1889     8007  3FE4               	dw	16356
  1890                           
  1891                           ;Config register CONFIG2 @ 0x8008
  1892                           ;	Flash Memory Self-Write Protection
  1893                           ;	WRT = OFF, Write protection off
  1894                           ;	PLL Enable
  1895                           ;	PLLEN = OFF, 4x PLL disabled
  1896                           ;	Stack Overflow/Underflow Reset Enable
  1897                           ;	STVREN = ON, Stack Overflow or Underflow will cause a Reset
  1898                           ;	Brown-out Reset Voltage Selection
  1899                           ;	BORV = LO, Brown-out Reset Voltage (Vbor), low trip point selected.
  1900                           ;	Low Power Brown-out Reset enable bit
  1901                           ;	LPBOREN = OFF, LPBOR is disabled
  1902                           ;	Low-Voltage Programming Enable
  1903                           ;	LVP = ON, Low-voltage programming enabled
  1904     8008                     	org	32776
  1905     8008  3EFF               	dw	16127

Data Sizes:
    Strings     54
    Constant    0
    Data        0
    BSS         1
    Persistent  38
    Stack       0

Auto Spaces:
    Space          Size  Autos    Used
    COMMON           14      5      12
    BANK0            80      0       0
    BANK1            80      0       0
    BANK2            80      0       0

Pointer List with Targets:

    EUSART_ErrorHandler	PTR FTN()void  size(2) Largest target is 1
		 -> EUSART_DefaultErrorHandler(), NULL(), 

    EUSART_FramingErrorHandler	PTR FTN()void  size(2) Largest target is 1
		 -> EUSART_DefaultFramingErrorHandler(), NULL(), 

    EUSART_OverrunErrorHandler	PTR FTN()void  size(2) Largest target is 1
		 -> EUSART_DefaultOverrunErrorHandler(), NULL(), 

    EUSART_SetErrorHandler@interruptHandler	PTR FTN()void  size(2) Largest target is 1
		 -> EUSART_DefaultErrorHandler(), 

    EUSART_SetFramingErrorHandler@interruptHandler	PTR FTN()void  size(2) Largest target is 1
		 -> EUSART_DefaultFramingErrorHandler(), 

    EUSART_SetOverrunErrorHandler@interruptHandler	PTR FTN()void  size(2) Largest target is 1
		 -> EUSART_DefaultOverrunErrorHandler(), 

    UART_SendString@str	PTR const unsigned char  size(2) Largest target is 29
		 -> STR_1(CODE[25]), STR_2(CODE[29]), 


Critical Paths under _main in COMMON

    _main->_UART_SendString
    _UART_SendString->_EUSART_Write
    _EUSART_Initialize->_EUSART_SetErrorHandler
    _EUSART_Initialize->_EUSART_SetFramingErrorHandler
    _EUSART_Initialize->_EUSART_SetOverrunErrorHandler

Critical Paths under _main in BANK0

    None.

Critical Paths under _main in BANK1

    None.

Critical Paths under _main in BANK2

    None.

Call Graph Tables:

 ---------------------------------------------------------------------------------
 (Depth) Function   	        Calls       Base Space   Used Autos Params    Refs
 ---------------------------------------------------------------------------------
 (0) _main                                                 1     1      0     170
                                              4 COMMON     1     1      0
                        _EUSART_Read
                       _EUSART_Write
                  _SYSTEM_Initialize
                    _UART_SendString
 ---------------------------------------------------------------------------------
 (1) _UART_SendString                                      3     1      2      62
                                              1 COMMON     3     1      2
                       _EUSART_Write
                  _EUSART_is_tx_done
 ---------------------------------------------------------------------------------
 (2) _EUSART_is_tx_done                                    0     0      0       0
 ---------------------------------------------------------------------------------
 (2) _EUSART_Write                                         1     1      0      15
                                              0 COMMON     1     1      0
 ---------------------------------------------------------------------------------
 (1) _SYSTEM_Initialize                                    0     0      0      69
                  _EUSART_Initialize
              _OSCILLATOR_Initialize
             _PIN_MANAGER_Initialize
                     _WDT_Initialize
 ---------------------------------------------------------------------------------
 (2) _WDT_Initialize                                       0     0      0       0
 ---------------------------------------------------------------------------------
 (2) _PIN_MANAGER_Initialize                               0     0      0       0
 ---------------------------------------------------------------------------------
 (2) _OSCILLATOR_Initialize                                0     0      0       0
 ---------------------------------------------------------------------------------
 (2) _EUSART_Initialize                                    0     0      0      69
             _EUSART_SetErrorHandler
      _EUSART_SetFramingErrorHandler
      _EUSART_SetOverrunErrorHandler
 ---------------------------------------------------------------------------------
 (3) _EUSART_SetOverrunErrorHandler                        2     0      2      23
                                              0 COMMON     2     0      2
 ---------------------------------------------------------------------------------
 (3) _EUSART_SetFramingErrorHandler                        2     0      2      23
                                              0 COMMON     2     0      2
 ---------------------------------------------------------------------------------
 (3) _EUSART_SetErrorHandler                               2     0      2      23
                                              0 COMMON     2     0      2
 ---------------------------------------------------------------------------------
 (1) _EUSART_Read                                          0     0      0       0
 ---------------------------------------------------------------------------------
 Estimated maximum stack depth 3
 ---------------------------------------------------------------------------------

 Call Graph Graphs:

 _main (ROOT)
   _EUSART_Read
   _EUSART_Write
   _SYSTEM_Initialize
     _EUSART_Initialize
       _EUSART_SetErrorHandler
       _EUSART_SetFramingErrorHandler
       _EUSART_SetOverrunErrorHandler
     _OSCILLATOR_Initialize
     _PIN_MANAGER_Initialize
     _WDT_Initialize
   _UART_SendString
     _EUSART_Write
     _EUSART_is_tx_done

Address spaces:
Name               Size   Autos  Total    Usage
BITCOMMON           14      0       0      0.0%
BITBANK0            80      0       0      0.0%
BITBANK1            80      0       0      0.0%
BITBANK2            80      0       0      0.0%
BIGRAM             240      0       0      0.0%
COMMON              14      5      12     85.7%
BANK0               80      0       0      0.0%
BANK1               80      0       0      0.0%
BANK2               80      0       0      0.0%
STACK                0      0       0      0.0%
DATA                 0      0      12      0.0%


Microchip Technology PIC Macro Assembler V3.00 build 20241204225717 
Symbol Table                                                                                   Mon Jul 07 19:54:44 2025

                                           l21 0761                                             l43 073A  
                                           l46 0723                                             l49 0709  
                                           l92 07D7                                             u10 072A  
                                           u11 0729                                             u20 0740  
                                           u21 073F                                             u30 0746  
                                           u31 0745                                             u90 07AD  
                                           u91 07AC                                            l103 070D  
                                          l113 0749                                            l131 0717  
                                          l116 0725                                            l109 073B  
                                          l134 071C                                            l119 072D  
                                          l137 0712                                            l165 07E8  
                                          l158 07B6                                            l168 07F2  
                                          l710 0754                                            l800 0713  
                                          l720 0720                                            l712 0758  
                                          l704 074A                                            l802 0718  
                                          l810 07C1                                            l714 075B  
                                          l706 074C                                            l722 0706  
                                          l804 070E                                            l812 07C8  
                                          l716 075E                                            l708 074F  
                                          l820 0737                                            l740 0725  
                                          l750 0740                                            l814 07CF  
                                          l806 07B7                                            l718 071D  
                                          l742 072A                                            l830 07AD  
                                          l822 0798                                            l752 0741  
                                          l816 07D6                                            l808 07C0  
                                          l736 070A                                            l824 0799  
                                          l840 07E3                                            l832 07D8  
                                          l754 0746                                            l818 072E  
                                          l826 07A1                                            l842 07EA  
                                          l834 07D8                                            l756 0748  
                                          l748 073B                                            l828 07A5  
                                          l844 07F4                                            l836 07DB  
                                          l838 07DF                                            u100 07B6  
                                          u101 07B5                                            u110 07E8  
                                          u111 07E7                 ?_EUSART_SetFramingErrorHandler 0076  
                                 ?_EUSART_Read 0076                                           STR_1 0762  
                                         STR_2 077B                                           _LATA 010C  
                                         _WPUA 020C                                           _main 07D8  
                                         fsr0h 0005                                           indf0 0000  
                                         fsr0l 0004                                           btemp 007E  
                                         start 0001                                  ?_EUSART_Write 0076  
                __end_of_OSCILLATOR_Initialize 0724                                          ?_main 0076  
                                        _RCREG 0199                                          _RCSTA 019D  
                                        _TRISA 008C                                          _TXREG 019A  
                                        _TXSTA 019E                                 _WDT_Initialize 0706  
                             ?_UART_SendString 0077                                          status 0003  
                                        wtemp0 007E                                __initialization 07FD  
                                 __end_of_main 07FD                                 ??_EUSART_Write 0076  
                                       ??_main 007A                         __end_of_WDT_Initialize 070A  
            _EUSART_DefaultFramingErrorHandler 0000                     _EUSART_OverrunErrorHandler 0072  
                                       _APFCON 011D                                         _ANSELA 018C  
                                       _BORCON 0116                                         _ODCONA 028C  
                                       _INLVLA 038C                                         _OSCCON 0099  
                                       _SPBRGH 019C                                         _SPBRGL 019B  
                                       _WDTCON 0097                                ?_WDT_Initialize 0076  
                            _SYSTEM_Initialize 072E                        __end_of__initialization 07FE  
                           ?_SYSTEM_Initialize 0076                                 __pcstackCOMMON 0076  
                          ??_SYSTEM_Initialize 0078                                 _OPTION_REGbits 0095  
              ??_EUSART_SetOverrunErrorHandler 0078                      __end_of_SYSTEM_Initialize 073B  
                         __end_of_EUSART_Write 072E                                     __pnvCOMMON 0070  
                                   __pmaintext 07D8                                        _BAUDCON 019F  
                                      _OSCTUNE 0098                                        _SLRCONA 030C  
                     ??_EUSART_SetErrorHandler 0078                             UART_SendString@str 0077  
                                      __ptext1 0798                                        __ptext2 070A  
                                      __ptext3 0724                                        __ptext4 072E  
                                      __ptext5 0706                                        __ptext6 074A  
                                      __ptext7 071D                                        __ptext8 07B7  
                                      __ptext9 0718                          _OSCILLATOR_Initialize 071D  
                     ??_PIN_MANAGER_Initialize 0076                           end_of_initialization 07FE  
        __end_of_EUSART_SetOverrunErrorHandler 071D                  _EUSART_SetOverrunErrorHandler 0718  
                            _EUSART_Initialize 07B7                             ?_EUSART_Initialize 0076  
                                    _RCSTAbits 019D                            ??_EUSART_Initialize 0078  
                             ??_WDT_Initialize 0076                                      _PORTAbits 000C  
                    __end_of_EUSART_Initialize 07D8                                      _TXSTAbits 019E  
                                   main@rxdata 007A                     _EUSART_DefaultErrorHandler 0000  
                                 _EUSART_Write 0724                         ?_OSCILLATOR_Initialize 0076  
                          start_initialization 07FD                                  ??_EUSART_Read 0076  
               ?_EUSART_SetOverrunErrorHandler 0076                     _EUSART_FramingErrorHandler 0074  
                       _EUSART_SetErrorHandler 070E                              ??_UART_SendString 0079  
                                  __pbssCOMMON 007B                                      ___latbits 0000  
                          __end_of_EUSART_Read 074A                         _PIN_MANAGER_Initialize 074A  
                                     _LATAbits 010C         EUSART_SetErrorHandler@interruptHandler 0076  
                            _eusartRxLastError 007B                                       _PIR1bits 0011  
              ??_EUSART_SetFramingErrorHandler 0078                              _EUSART_is_tx_done 070A  
            _EUSART_DefaultOverrunErrorHandler 0000                             ?_EUSART_is_tx_done 0076  
                          ??_EUSART_is_tx_done 0076                                    _EUSART_Read 073B  
                    __end_of_EUSART_is_tx_done 070E                        ??_OSCILLATOR_Initialize 0076  
                          _EUSART_ErrorHandler 0070                                       __ptext10 0713  
                                     __ptext11 070E                                       __ptext12 073B  
                              _UART_SendString 0798                        ?_EUSART_SetErrorHandler 0076  
EUSART_SetOverrunErrorHandler@interruptHandler 0076          __end_of_EUSART_SetFramingErrorHandler 0718  
                _EUSART_SetFramingErrorHandler 0713                        ?_PIN_MANAGER_Initialize 0076  
               __end_of_EUSART_SetErrorHandler 0713  EUSART_SetFramingErrorHandler@interruptHandler 0076  
                                __pstringtext1 077B                                  __pstringtext2 0762  
                                __pstringtext3 0000                        __end_of_UART_SendString 07B7  
                           EUSART_Write@txData 0076                 __end_of_PIN_MANAGER_Initialize 0762  
